customerID,gender,SeniorCitizen,Partner,Dependents,tenure,PhoneService,MultipleLines,InternetService,OnlineSecurity,OnlineBackup,DeviceProtection,TechSupport,StreamingTV,StreamingMovies,Contract,PaperlessBilling,PaymentMethod,MonthlyCharges,TotalCharges,Churn
CUST-00001,Male,0,Yes,No,4,Yes,Yes,DSL,No,No,No,Yes,Yes,No,Two year,Yes,Mailed check,83.9,322.96,No
CUST-00002,Female,0,Yes,No,59,Yes,No,Fiber optic,No,No,No,No,No,No,Month-to-month,Yes,Bank transfer (automatic),56.44,3359.21,Yes
CUST-00003,Female,0,No,Yes,46,Yes,No,Fiber optic,No,Yes,No,No,No,Yes,Month-to-month,No,Mailed check,58.3,2748.75,No
CUST-00004,Male,0,Yes,No,46,Yes,Yes,Fiber optic,Yes,No,No,Yes,Yes,Yes,Month-to-month,No,Bank transfer (automatic),88.8,4080.45,No
CUST-00005,Male,0,No,Yes,40,Yes,Yes,Fiber optic,No,No,No,No,No,Yes,Two year,No,Electronic check,79.41,3086.25,No
CUST-00006,Female,0,No,No,72,Yes,No,DSL,No,No,Yes,Yes,No,Yes,Two year,No,Electronic check,65.5,4790.78,No
CUST-00007,Male,0,No,No,2,Yes,Yes,No,No internet service,No internet service,No internet service,No internet service,No internet service,No internet service,Two year,No,Mailed check,51.22,161.91,No
CUST-00008,Female,0,Yes,No,8,Yes,Yes,Fiber optic,No,No,No,Yes,No,No,Month-to-month,Yes,Credit card (automatic),63.06,492.96,No
CUST-00009,Male,0,Yes,No,62,Yes,No,Fiber optic,No,Yes,Yes,No,No,Yes,Month-to-month,Yes,Credit card (automatic),66.16,4124.63,Yes
CUST-00010,Male,0,No,Yes,17,Yes,No,Fiber optic,No,No,No,Yes,Yes,No,Month-to-month,Yes,Bank transfer (automatic),102.72,1832.44,Yes
CUST-00011,Female,0,No,No,20,Yes,Yes,Fiber optic,No,No,No,No,Yes,No,Two year,Yes,Bank transfer (automatic),43.64,878.0,No
CUST-00012,Female,0,No,Yes,1,Yes,No,No,No internet service,No internet service,No internet service,No internet service,No internet service,No internet service,Month-to-month,No,Mailed check,23.79,43.35,No
CUST-00013,Female,0,Yes,Yes,0,Yes,No,DSL,No,Yes,No,No,Yes,Yes,Two year,Yes,Bank transfer (automatic),47.93,18.0,No
CUST-00014,Female,0,Yes,Yes,45,Yes,Yes,Fiber optic,No,No,No,No,No,Yes,One year,Yes,Credit card (automatic),100.27,4472.37,Yes
CUST-00015,Female,0,Yes,No,35,Yes,No,Fiber optic,No,No,No,No,No,No,One year,Yes,Mailed check,87.2,3034.14,No
CUST-00016,Female,0,No,No,46,Yes,No,No,No internet service,No internet service,No internet service,No internet service,No internet service,No internet service,One year,No,Electronic check,59.27,2783.19,Yes
CUST-00017,Female,0,Yes,No,44,Yes,No,Fiber optic,No,No,No,No,No,No,Month-to-month,No,Credit card (automatic),36.58,1579.96,No
CUST-00018,Male,0,No,No,35,Yes,No,DSL,No,No,No,No,No,No,Month-to-month,No,Electronic check,66.69,2383.46,No
CUST-00019,Female,1,Yes,No,0,Yes,Yes,Fiber optic,No,Yes,No,No,No,No,One year,No,Bank transfer (automatic),63.03,18.0,Yes
CUST-00020,Male,0,Yes,No,31,Yes,Yes,Fiber optic,No,No,No,No,No,No,Two year,No,Credit card (automatic),57.04,1751.32,No
CUST-00021,Female,1,No,No,41,Yes,No,DSL,Yes,Yes,No,No,Yes,No,Month-to-month,Yes,Credit card (automatic),73.62,3109.3,Yes
CUST-00022,Male,0,No,No,2,Yes,Yes,Fiber optic,No,No,No,No,No,No,Month-to-month,No,Bank transfer (automatic),86.57,175.07,No
CUST-00023,Male,0,No,No,8,Yes,No,Fiber optic,Yes,No,Yes,Yes,Yes,No,Month-to-month,Yes,Electronic check,63.4,438.31,Yes
CUST-00024,Female,0,Yes,No,27,Yes,Yes,DSL,No,No,No,No,No,Yes,One year,No,Credit card (automatic),71.2,1928.72,No
CUST-00025,Female,0,No,Yes,72,Yes,Yes,DSL,No,No,No,Yes,No,Yes,Two year,Yes,Mailed check,47.87,3349.69,No
CUST-00026,Female,1,Yes,No,72,Yes,Yes,Fiber optic,No,No,Yes,No,Yes,No,Month-to-month,No,Credit card (automatic),73.55,5350.22,No
CUST-00027,Male,0,No,No,59,Yes,No,DSL,No,No,No,Yes,Yes,No,Month-to-month,Yes,Electronic check,37.95,2157.42,Yes
CUST-00028,Female,1,No,No,45,Yes,No,DSL,No,No,No,No,Yes,Yes,Month-to-month,No,Bank transfer (automatic),43.13,1903.98,No
CUST-00029,Female,1,Yes,Yes,0,Yes,Yes,Fiber optic,No,No,No,No,No,No,Month-to-month,No,Bank transfer (automatic),49.91,90.51,Yes
CUST-00030,Male,0,No,Yes,53,Yes,No,DSL,Yes,No,No,No,Yes,Yes,Month-to-month,No,Electronic check,51.09,2696.09,No
CUST-00031,Male,0,Yes,No,5,Yes,No,DSL,No,No,Yes,No,No,No,One year,Yes,Credit card (automatic),33.7,207.23,No
CUST-00032,Male,0,Yes,No,21,Yes,No,No,No internet service,No internet service,No internet service,No internet service,No internet service,No internet service,One year,Yes,Mailed check,86.07,1790.97,No
CUST-00033,Male,0,Yes,No,1,Yes,Yes,Fiber optic,No,No,No,No,No,No,Month-to-month,No,Electronic check,63.03,87.53,No
CUST-00034,Female,0,Yes,No,64,Yes,Yes,DSL,Yes,No,No,No,Yes,No,Month-to-month,Yes,Credit card (automatic),62.37,3948.08,No
CUST-00035,Female,0,No,No,72,Yes,No,DSL,No,No,No,No,No,Yes,One year,Yes,Bank transfer (automatic),67.49,4848.37,No
CUST-00036,Male,1,No,No,13,Yes,No,DSL,Yes,No,No,Yes,No,No,Two year,No,Electronic check,30.39,326.4,Yes
CUST-00037,Female,0,No,Yes,45,Yes,No,Fiber optic,Yes,Yes,Yes,No,No,No,Month-to-month,No,Bank transfer (automatic),79.7,3597.63,Yes
CUST-00038,Female,0,No,Yes,6,No,No phone service,Fiber optic,No,No,No,No,No,No,Two year,Yes,Electronic check,57.06,383.15,No
CUST-00039,Male,0,No,No,39,Yes,No,DSL,No,No,No,No,Yes,Yes,Month-to-month,Yes,Electronic check,56.04,2190.14,Yes
CUST-00040,Female,0,Yes,No,72,Yes,No,No,No internet service,No internet service,No internet service,No internet service,No internet service,No internet service,Month-to-month,No,Mailed check,44.71,3232.56,Yes
CUST-00041,Male,1,Yes,No,35,Yes,No,Fiber optic,Yes,No,No,No,No,No,Two year,No,Bank transfer (automatic),70.92,2428.0,No
CUST-00042,Female,0,Yes,No,45,Yes,Yes,No,No internet service,No internet service,No internet service,No internet service,No internet service,No internet service,Two year,No,Bank transfer (automatic),33.8,1573.08,No
CUST-00043,Female,1,No,Yes,72,Yes,Yes,Fiber optic,No,No,No,Yes,No,Yes,Two year,Yes,Credit card (automatic),83.72,6072.29,No
CUST-00044,Male,0,No,No,46,Yes,Yes,No,No internet service,No internet service,No internet service,No internet service,No internet service,No internet service,Month-to-month,No,Credit card (automatic),67.42,3134.17,No
CUST-00045,Male,1,No,Yes,41,Yes,No,Fiber optic,Yes,No,No,No,No,Yes,Month-to-month,No,Credit card (automatic),70.95,2846.93,No
CUST-00046,Female,0,Yes,No,49,Yes,No,DSL,No,Yes,No,Yes,No,No,Month-to-month,Yes,Credit card (automatic),57.36,2861.23,Yes
CUST-00047,Male,0,Yes,Yes,69,No,No phone service,DSL,No,No,Yes,Yes,No,No,Month-to-month,No,Mailed check,36.17,2520.42,Yes
CUST-00048,Female,0,No,No,53,Yes,Yes,DSL,No,Yes,No,No,No,Yes,Month-to-month,Yes,Mailed check,59.04,3112.53,No
CUST-00049,Female,0,Yes,No,55,Yes,Yes,No,No internet service,No internet service,No internet service,No internet service,No internet service,No internet service,Two year,Yes,Electronic check,39.12,2154.8,No
CUST-00050,Female,0,No,No,27,Yes,No,Fiber optic,No,Yes,Yes,No,Yes,No,Month-to-month,No,Mailed check,47.78,1258.56,No
CUST-00051,Female,0,Yes,Yes,2,Yes,Yes,DSL,No,Yes,No,No,No,No,Two year,No,Mailed check,48.86,99.4,No
CUST-00052,Male,0,Yes,Yes,68,Yes,No,DSL,Yes,No,No,Yes,No,Yes,Month-to-month,No,Credit card (automatic),55.28,3782.14,No
CUST-00053,Male,0,No,No,21,Yes,No,Fiber optic,No,Yes,No,No,No,Yes,Two year,Yes,Electronic check,79.64,1680.51,Yes
CUST-00054,Male,0,No,Yes,36,Yes,Yes,Fiber optic,No,No,No,No,No,Yes,Month-to-month,Yes,Mailed check,70.23,2631.85,No
CUST-00055,Male,0,No,Yes,70,Yes,No,Fiber optic,No,Yes,No,No,Yes,No,Month-to-month,No,Credit card (automatic),65.42,4569.77,No
CUST-00056,Male,0,No,No,41,Yes,No,No,No internet service,No internet service,No internet service,No internet service,No internet service,No internet service,Month-to-month,No,Bank transfer (automatic),43.53,1781.17,No
CUST-00057,Female,0,Yes,Yes,66,Yes,No,Fiber optic,No,Yes,No,No,No,No,Two year,No,Credit card (automatic),81.63,5322.63,No
CUST-00058,Male,0,No,Yes,19,Yes,Yes,DSL,No,No,No,No,Yes,No,One year,No,Credit card (automatic),37.85,724.44,No
CUST-00059,Female,0,No,No,69,Yes,Yes,Fiber optic,No,Yes,No,Yes,No,Yes,Two year,No,Bank transfer (automatic),71.51,4914.8,No
CUST-00060,Female,0,No,No,12,Yes,No,Fiber optic,No,No,No,No,No,No,Month-to-month,No,Mailed check,95.43,1104.11,Yes
CUST-00061,Female,0,No,No,1,Yes,Yes,No,No internet service,No internet service,No internet service,No internet service,No internet service,No internet service,Two year,No,Electronic check,46.86,90.78,No
CUST-00062,Female,0,Yes,No,2,Yes,Yes,DSL,No,No,No,Yes,No,No,Month-to-month,Yes,Electronic check,56.0,158.4,No
CUST-00063,Male,1,Yes,No,0,Yes,No,Fiber optic,No,Yes,No,No,No,No,Month-to-month,Yes,Electronic check,61.56,18.0,Yes
CUST-00064,Female,0,No,No,68,Yes,No,Fiber optic,Yes,No,No,No,Yes,No,Month-to-month,Yes,Electronic check,40.61,2748.44,Yes
CUST-00065,Male,0,No,No,72,Yes,No,Fiber optic,No,No,No,Yes,No,No,Month-to-month,Yes,Bank transfer (automatic),71.65,5187.99,No
CUST-00066,Male,0,Yes,Yes,53,No,No phone service,DSL,Yes,No,No,Yes,No,Yes,Two year,Yes,Credit card (automatic),37.52,2055.15,No
CUST-00067,Female,0,Yes,No,5,Yes,Yes,DSL,No,Yes,No,No,Yes,No,Month-to-month,No,Mailed check,56.21,337.78,No
CUST-00068,Male,0,No,No,43,No,No phone service,No,No internet service,No internet service,No internet service,No internet service,No internet service,No internet service,Two year,No,Mailed check,36.47,1565.56,No
CUST-00069,Male,0,No,No,57,Yes,No,DSL,No,No,No,No,No,No,One year,No,Credit card (automatic),88.29,5072.1,No
CUST-00070,Male,0,No,No,4,Yes,No,Fiber optic,Yes,Yes,No,No,No,No,Month-to-month,No,Credit card (automatic),71.63,318.72,Yes
CUST-00071,Female,0,Yes,No,53,Yes,No,Fiber optic,Yes,Yes,No,No,No,Yes,Two year,Yes,Credit card (automatic),36.53,2022.39,No
CUST-00072,Male,0,No,No,0,Yes,Yes,DSL,Yes,No,No,No,No,No,Two year,No,Electronic check,54.3,93.52,No
CUST-00073,Male,0,No,No,6,Yes,Yes,Fiber optic,No,Yes,No,No,No,No,Two year,Yes,Bank transfer (automatic),42.95,243.34,No
CUST-00074,Male,1,No,No,24,Yes,Yes,DSL,Yes,No,No,No,Yes,Yes,Month-to-month,Yes,Mailed check,56.3,1390.76,Yes
CUST-00075,Female,1,Yes,No,53,Yes,Yes,Fiber optic,Yes,No,No,No,No,Yes,Two year,No,Electronic check,82.68,4332.37,No
CUST-00076,Male,1,No,No,3,Yes,No,DSL,No,No,Yes,No,No,No,Month-to-month,No,Bank transfer (automatic),39.97,134.78,No
CUST-00077,Male,1,No,No,3,Yes,No,Fiber optic,No,Yes,Yes,No,No,Yes,Two year,Yes,Electronic check,77.74,247.57,No
CUST-00078,Male,0,No,No,1,Yes,No,Fiber optic,No,No,No,No,Yes,No,Month-to-month,No,Bank transfer (automatic),69.43,70.0,Yes
CUST-00079,Female,0,No,Yes,63,Yes,No,No,No internet service,No internet service,No internet service,No internet service,No internet service,No internet service,Month-to-month,No,Mailed check,29.32,1884.8,Yes
CUST-00080,Female,0,No,Yes,54,No,No phone service,DSL,No,No,Yes,Yes,No,No,Two year,Yes,Electronic check,50.9,2751.7,No
CUST-00081,Female,0,Yes,No,4,Yes,Yes,DSL,No,No,Yes,No,No,No,Two year,Yes,Bank transfer (automatic),73.9,289.22,No
CUST-00082,Male,0,No,Yes,72,No,No phone service,DSL,No,No,No,No,Yes,No,One year,Yes,Bank transfer (automatic),51.0,3614.07,No
CUST-00083,Male,1,No,Yes,3,Yes,Yes,DSL,Yes,No,No,No,Yes,No,Month-to-month,Yes,Electronic check,50.27,115.22,No
CUST-00084,Female,0,Yes,Yes,27,Yes,No,Fiber optic,No,Yes,Yes,Yes,No,Yes,Two year,Yes,Bank transfer (automatic),61.26,1693.02,No
CUST-00085,Female,0,Yes,No,4,Yes,No,No,No internet service,No internet service,No internet service,No internet service,No internet service,No internet service,Month-to-month,Yes,Bank transfer (automatic),40.35,128.56,No
CUST-00086,Female,0,No,No,68,Yes,No,Fiber optic,Yes,No,Yes,No,No,No,Two year,Yes,Mailed check,75.39,5146.21,No
CUST-00087,Male,0,Yes,No,35,Yes,Yes,DSL,Yes,No,No,No,Yes,No,One year,No,Credit card (automatic),61.28,2162.0,No
CUST-00088,Male,0,No,No,7,Yes,Yes,No,No internet service,No internet service,No internet service,No internet service,No internet service,No internet service,One year,No,Credit card (automatic),47.41,279.94,No
CUST-00089,Female,0,Yes,No,3,Yes,Yes,Fiber optic,Yes,Yes,No,No,No,No,One year,Yes,Electronic check,110.42,396.53,No
CUST-00090,Female,0,Yes,No,53,Yes,Yes,Fiber optic,No,No,No,No,No,No,Month-to-month,No,Electronic check,94.35,5023.79,No
CUST-00091,Male,0,Yes,No,2,Yes,No,Fiber optic,Yes,Yes,No,No,No,No,Month-to-month,Yes,Bank transfer (automatic),72.77,147.3,Yes
CUST-00092,Female,1,No,No,65,Yes,Yes,Fiber optic,Yes,No,No,Yes,Yes,No,One year,No,Electronic check,75.65,4917.33,No
CUST-00093,Female,0,No,No,49,Yes,No,No,No internet service,No internet service,No internet service,No internet service,No internet service,No internet service,Month-to-month,Yes,Bank transfer (automatic),28.72,1326.42,No
CUST-00094,Male,0,Yes,No,36,Yes,No,DSL,No,No,Yes,No,Yes,Yes,Month-to-month,Yes,Mailed check,43.03,1464.53,No
CUST-00095,Female,0,Yes,Yes,2,Yes,No,Fiber optic,No,Yes,No,No,Yes,No,One year,Yes,Electronic check,70.79,199.99,Yes
CUST-00096,Male,0,Yes,Yes,35,Yes,Yes,Fiber optic,No,No,No,No,No,No,Month-to-month,Yes,Electronic check,82.66,2859.36,Yes
CUST-00097,Male,0,No,No,72,Yes,Yes,No,No internet service,No internet service,No internet service,No internet service,No internet service,No internet service,Month-to-month,Yes,Electronic check,50.47,3599.18,No
CUST-00098,Female,1,No,No,30,Yes,No,Fiber optic,Yes,Yes,Yes,Yes,No,No,One year,Yes,Mailed check,70.81,2037.25,No
CUST-00099,Female,0,No,No,41,Yes,No,DSL,No,No,Yes,Yes,Yes,No,Month-to-month,No,Mailed check,49.21,2055.36,No
CUST-00100,Male,0,Yes,Yes,42,Yes,No,No,No internet service,No internet service,No internet service,No internet service,No internet service,No internet service,Two year,No,Bank transfer (automatic),26.38,1112.84,No
CUST-00101,Female,0,No,No,72,Yes,Yes,Fiber optic,No,No,No,No,Yes,Yes,Month-to-month,Yes,Credit card (automatic),52.82,3814.95,Yes
CUST-00102,Male,0,Yes,No,50,Yes,Yes,Fiber optic,No,No,Yes,No,Yes,No,Two year,Yes,Credit card (automatic),61.08,3072.01,No
CUST-00103,Female,0,Yes,No,54,Yes,Yes,DSL,Yes,No,No,No,No,No,Month-to-month,No,Mailed check,57.33,3117.21,No
CUST-00104,Male,0,Yes,No,7,Yes,No,No,No internet service,No internet service,No internet service,No internet service,No internet service,No internet service,Two year,No,Bank transfer (automatic),68.33,473.48,No
CUST-00105,Female,1,Yes,No,4,Yes,No,Fiber optic,No,No,No,No,No,No,One year,No,Bank transfer (automatic),56.68,219.27,Yes
CUST-00106,Female,0,Yes,No,52,Yes,Yes,No,No internet service,No internet service,No internet service,No internet service,No internet service,No internet service,Month-to-month,Yes,Electronic check,47.24,2437.81,Yes
CUST-00107,Female,0,No,No,42,Yes,No,Fiber optic,No,No,No,No,No,Yes,Two year,Yes,Mailed check,94.13,3874.68,No
CUST-00108,Female,0,Yes,No,1,No,No phone service,DSL,No,Yes,No,No,No,Yes,Month-to-month,Yes,Credit card (automatic),57.23,18.0,No
CUST-00109,Male,0,No,No,25,Yes,No,Fiber optic,No,Yes,No,No,Yes,No,Two year,Yes,Mailed check,87.7,2281.07,Yes
CUST-00110,Female,1,No,No,9,Yes,No,DSL,No,No,No,Yes,No,No,Two year,Yes,Electronic check,32.03,367.51,No
CUST-00111,Male,0,No,Yes,3,Yes,No,DSL,No,No,No,No,No,Yes,Two year,Yes,Electronic check,76.25,112.91,No
CUST-00112,Female,0,No,No,66,No,No phone service,No,No internet service,No internet service,No internet service,No internet service,No internet service,No internet service,Two year,Yes,Bank transfer (automatic),35.25,2348.22,No
CUST-00113,Female,0,No,No,27,Yes,No,No,No internet service,No internet service,No internet service,No internet service,No internet service,No internet service,Month-to-month,No,Bank transfer (automatic),33.01,831.04,Yes
CUST-00114,Male,0,Yes,Yes,2,Yes,No,Fiber optic,Yes,No,No,No,Yes,Yes,Two year,Yes,Electronic check,98.24,311.42,No
CUST-00115,Female,0,Yes,No,65,Yes,Yes,DSL,No,No,Yes,No,No,No,One year,Yes,Mailed check,69.51,4463.24,No
CUST-00116,Female,0,No,No,59,No,No phone service,Fiber optic,Yes,Yes,No,Yes,No,No,One year,Yes,Bank transfer (automatic),56.17,3339.08,No
CUST-00117,Male,0,No,Yes,41,Yes,No,Fiber optic,No,No,Yes,Yes,Yes,No,Month-to-month,No,Bank transfer (automatic),80.26,3292.01,Yes
CUST-00118,Male,0,No,No,70,Yes,Yes,Fiber optic,No,No,No,No,No,No,Month-to-month,Yes,Mailed check,74.39,5237.46,Yes
CUST-00119,Male,0,No,Yes,62,No,No phone service,Fiber optic,Yes,Yes,Yes,No,No,No,Month-to-month,No,Bank transfer (automatic),52.84,3329.24,No
CUST-00120,Male,0,No,No,65,Yes,Yes,Fiber optic,No,No,Yes,Yes,No,Yes,Month-to-month,Yes,Bank transfer (automatic),50.75,3246.86,Yes
CUST-00121,Male,0,No,No,24,Yes,Yes,DSL,Yes,No,Yes,Yes,No,No,Month-to-month,Yes,Credit card (automatic),70.74,1773.07,No
CUST-00122,Female,0,No,No,46,Yes,No,Fiber optic,Yes,No,No,Yes,Yes,No,Two year,Yes,Bank transfer (automatic),85.03,3876.61,No
CUST-00123,Female,0,No,No,10,Yes,Yes,DSL,No,Yes,No,Yes,Yes,No,One year,No,Mailed check,40.41,317.56,No
CUST-00124,Male,0,No,Yes,51,Yes,Yes,No,No internet service,No internet service,No internet service,No internet service,No internet service,No internet service,Month-to-month,Yes,Electronic check,43.46,2192.61,No
CUST-00125,Female,0,No,No,0,Yes,Yes,No,No internet service,No internet service,No internet service,No internet service,No internet service,No internet service,Two year,No,Credit card (automatic),55.99,18.0,No
CUST-00126,Female,0,No,Yes,44,No,No phone service,Fiber optic,No,No,No,No,No,Yes,One year,Yes,Mailed check,72.38,3244.05,No
CUST-00127,Male,0,No,No,56,No,No phone service,No,No internet service,No internet service,No internet service,No internet service,No internet service,No internet service,Month-to-month,Yes,Bank transfer (automatic),40.35,2290.96,No
CUST-00128,Female,1,Yes,No,22,Yes,No,Fiber optic,No,No,Yes,No,Yes,Yes,Month-to-month,No,Electronic check,52.9,1190.48,No
CUST-00129,Female,0,Yes,Yes,18,Yes,No,No,No internet service,No internet service,No internet service,No internet service,No internet service,No internet service,Month-to-month,No,Mailed check,52.71,913.2,No
CUST-00130,Female,0,No,No,2,Yes,Yes,No,No internet service,No internet service,No internet service,No internet service,No internet service,No internet service,Month-to-month,Yes,Electronic check,43.82,145.73,No
CUST-00131,Female,0,Yes,No,4,Yes,Yes,Fiber optic,No,Yes,Yes,No,No,No,Month-to-month,No,Mailed check,59.0,258.45,Yes
CUST-00132,Female,0,Yes,No,3,No,No phone service,No,No internet service,No internet service,No internet service,No internet service,No internet service,No internet service,One year,Yes,Electronic check,46.65,166.21,No
CUST-00133,Male,0,No,Yes,54,No,No phone service,DSL,No,No,No,Yes,No,No,Two year,Yes,Mailed check,66.71,3669.37,No
CUST-00134,Female,0,No,No,20,Yes,No,No,No internet service,No internet service,No internet service,No internet service,No internet service,No internet service,Month-to-month,No,Mailed check,18.0,335.58,Yes
CUST-00135,Female,0,No,Yes,25,Yes,No,Fiber optic,No,No,No,Yes,No,No,One year,Yes,Bank transfer (automatic),70.12,1841.55,Yes
CUST-00136,Male,0,No,No,56,Yes,No,Fiber optic,No,Yes,Yes,No,No,No,Two year,No,Electronic check,76.61,4323.23,No
CUST-00137,Female,1,Yes,No,45,Yes,No,DSL,No,No,No,No,No,No,One year,No,Bank transfer (automatic),59.74,2734.83,No
CUST-00138,Male,0,Yes,No,51,Yes,Yes,DSL,No,Yes,Yes,No,No,No,Month-to-month,No,Credit card (automatic),87.28,4465.99,No
CUST-00139,Male,0,No,No,2,Yes,No,DSL,No,Yes,Yes,No,Yes,No,Two year,Yes,Bank transfer (automatic),59.06,102.06,No
CUST-00140,Male,1,Yes,No,27,Yes,No,DSL,Yes,Yes,No,No,Yes,No,Month-to-month,Yes,Bank transfer (automatic),71.75,2050.22,No
CUST-00141,Female,1,No,No,55,Yes,No,Fiber optic,No,No,No,Yes,No,No,Month-to-month,Yes,Mailed check,87.61,4817.04,No
CUST-00142,Male,0,No,No,49,Yes,No,DSL,No,No,No,No,Yes,No,Two year,No,Bank transfer (automatic),71.4,3465.04,No
CUST-00143,Male,0,No,No,50,Yes,Yes,No,No internet service,No internet service,No internet service,No internet service,No internet service,No internet service,Month-to-month,Yes,Credit card (automatic),42.14,2059.22,No
CUST-00144,Male,0,No,No,19,Yes,No,No,No internet service,No internet service,No internet service,No internet service,No internet service,No internet service,Two year,No,Bank transfer (automatic),28.37,632.94,No
CUST-00145,Female,0,No,No,58,Yes,Yes,Fiber optic,No,No,No,No,Yes,No,One year,Yes,Electronic check,108.99,6357.55,No
CUST-00146,Female,0,No,Yes,0,Yes,No,No,No internet service,No internet service,No internet service,No internet service,No internet service,No internet service,Two year,Yes,Electronic check,46.24,18.0,No
CUST-00147,Male,0,Yes,No,7,Yes,Yes,Fiber optic,Yes,No,No,No,Yes,Yes,Month-to-month,Yes,Electronic check,59.79,409.39,No
CUST-00148,Male,0,No,No,30,Yes,Yes,No,No internet service,No internet service,No internet service,No internet service,No internet service,No internet service,Two year,No,Electronic check,29.41,878.77,No
CUST-00149,Female,0,Yes,No,54,Yes,No,Fiber optic,No,Yes,Yes,No,No,No,Month-to-month,Yes,Bank transfer (automatic),75.42,4036.29,Yes
CUST-00150,Male,0,No,No,38,Yes,Yes,Fiber optic,Yes,No,No,No,Yes,Yes,Month-to-month,Yes,Mailed check,23.63,934.11,Yes
CUST-00151,Female,0,Yes,Yes,43,Yes,No,DSL,No,No,Yes,No,No,Yes,Month-to-month,Yes,Electronic check,32.48,1390.55,No
CUST-00152,Male,0,No,Yes,58,Yes,No,No,No internet service,No internet service,No internet service,No internet service,No internet service,No internet service,Month-to-month,Yes,Bank transfer (automatic),19.46,1130.84,No
CUST-00153,Female,0,No,No,56,Yes,No,Fiber optic,No,No,Yes,Yes,No,No,Month-to-month,Yes,Credit card (automatic),49.07,2694.67,No
CUST-00154,Male,1,Yes,No,1,Yes,Yes,DSL,No,No,Yes,No,Yes,No,Month-to-month,Yes,Electronic check,46.85,19.17,No
CUST-00155,Male,0,No,No,29,Yes,Yes,DSL,No,No,No,Yes,Yes,Yes,Two year,Yes,Electronic check,65.77,1857.78,No
CUST-00156,Female,0,Yes,No,0,Yes,Yes,No,No internet service,No internet service,No internet service,No internet service,No internet service,No internet service,Month-to-month,Yes,Electronic check,41.29,134.04,No
CUST-00157,Male,0,Yes,Yes,9,Yes,No,No,No internet service,No internet service,No internet service,No internet service,No internet service,No internet service,Two year,Yes,Electronic check,59.38,403.63,No
CUST-00158,Female,0,Yes,No,72,Yes,No,Fiber optic,No,Yes,No,No,No,No,Two year,No,Electronic check,97.83,7011.71,No
CUST-00159,Female,0,Yes,No,54,Yes,No,DSL,No,No,No,No,No,No,Month-to-month,No,Electronic check,59.15,3194.14,No
CUST-00160,Female,0,No,No,72,Yes,No,Fiber optic,Yes,No,Yes,No,Yes,Yes,Month-to-month,Yes,Mailed check,85.43,6126.06,Yes
CUST-00161,Female,0,No,Yes,43,No,No phone service,DSL,Yes,No,No,No,Yes,Yes,Two year,Yes,Electronic check,74.87,3232.85,No
CUST-00162,Female,0,No,No,44,Yes,No,No,No internet service,No internet service,No internet service,No internet service,No internet service,No internet service,Two year,No,Credit card (automatic),51.24,2212.63,No
CUST-00163,Male,0,No,No,72,Yes,Yes,DSL,No,No,No,No,No,Yes,Two year,No,Electronic check,35.79,2593.4,No
CUST-00164,Male,0,No,No,45,Yes,No,DSL,No,No,Yes,No,No,No,Month-to-month,Yes,Bank transfer (automatic),56.39,2600.59,No
CUST-00165,Male,0,No,No,49,Yes,No,Fiber optic,No,No,No,No,No,No,Month-to-month,No,Bank transfer (automatic),56.34,2661.24,Yes
CUST-00166,Female,1,No,Yes,72,Yes,No,Fiber optic,No,No,Yes,No,No,No,Month-to-month,Yes,Electronic check,77.69,5567.44,No
CUST-00167,Male,0,Yes,No,6,Yes,Yes,No,No internet service,No internet service,No internet service,No internet service,No internet service,No internet service,Month-to-month,Yes,Electronic check,50.8,282.29,No
CUST-00168,Male,0,No,Yes,0,Yes,Yes,Fiber optic,No,No,No,No,Yes,No,Month-to-month,No,Mailed check,69.26,77.37,No
CUST-00169,Male,0,No,No,35,Yes,No,DSL,No,Yes,No,Yes,No,No,Two year,No,Bank transfer (automatic),66.86,2354.85,No
CUST-00170,Male,0,Yes,No,9,Yes,No,DSL,No,Yes,No,No,No,Yes,Two year,No,Credit card (automatic),47.22,381.76,No
CUST-00171,Male,0,Yes,Yes,2,Yes,Yes,Fiber optic,Yes,No,No,No,Yes,No,Month-to-month,No,Electronic check,76.05,157.93,Yes
CUST-00172,Male,0,Yes,No,29,Yes,No,DSL,No,Yes,No,No,No,No,Two year,Yes,Bank transfer (automatic),37.29,1008.45,No
CUST-00173,Female,0,Yes,Yes,35,Yes,No,Fiber optic,Yes,Yes,No,No,No,Yes,Two year,Yes,Mailed check,47.03,1724.1,No
CUST-00174,Female,0,No,No,1,Yes,Yes,Fiber optic,No,Yes,No,No,No,No,Two year,No,Credit card (automatic),97.24,117.52,Yes
CUST-00175,Female,0,Yes,Yes,0,Yes,Yes,Fiber optic,No,No,No,No,No,Yes,Two year,No,Mailed check,88.09,18.0,Yes
CUST-00176,Male,0,No,No,38,No,No phone service,DSL,Yes,No,No,No,Yes,No,Month-to-month,Yes,Bank transfer (automatic),60.38,2310.48,No
CUST-00177,Female,0,No,No,0,Yes,Yes,No,No internet service,No internet service,No internet service,No internet service,No internet service,No internet service,Month-to-month,Yes,Credit card (automatic),32.38,18.0,No
CUST-00178,Male,0,Yes,Yes,44,No,No phone service,Fiber optic,No,No,Yes,No,No,No,Two year,No,Electronic check,52.3,2250.73,No
CUST-00179,Female,1,No,No,56,Yes,No,Fiber optic,No,Yes,Yes,No,No,Yes,One year,Yes,Bank transfer (automatic),51.19,2842.2,No
CUST-00180,Female,0,No,Yes,2,Yes,No,Fiber optic,No,No,No,No,Yes,Yes,Month-to-month,Yes,Electronic check,63.45,181.09,No
CUST-00181,Female,0,No,No,63,Yes,No,Fiber optic,No,Yes,No,No,No,No,Two year,Yes,Credit card (automatic),77.79,4902.11,No
CUST-00182,Male,0,No,Yes,56,Yes,No,Fiber optic,Yes,No,Yes,No,Yes,Yes,Two year,No,Credit card (automatic),61.63,3468.94,No
CUST-00183,Male,0,No,No,17,Yes,No,No,No internet service,No internet service,No internet service,No internet service,No internet service,No internet service,Month-to-month,No,Mailed check,68.03,1213.05,No
CUST-00184,Female,0,Yes,Yes,72,Yes,No,Fiber optic,No,Yes,No,No,No,Yes,Two year,No,Credit card (automatic),35.18,2574.82,No
CUST-00185,Male,0,Yes,Yes,51,Yes,No,DSL,No,No,No,Yes,No,No,Month-to-month,Yes,Credit card (automatic),64.58,3267.21,No
CUST-00186,Male,0,Yes,Yes,32,Yes,Yes,No,No internet service,No internet service,No internet service,No internet service,No internet service,No internet service,Two year,No,Electronic check,43.2,1422.8,No
CUST-00187,Male,0,Yes,No,24,Yes,No,Fiber optic,No,No,Yes,No,No,No,Month-to-month,Yes,Bank transfer (automatic),69.13,1667.53,Yes
CUST-00188,Male,0,No,No,48,No,No phone service,DSL,No,No,No,No,No,Yes,Month-to-month,Yes,Electronic check,18.0,820.36,Yes
CUST-00189,Male,1,Yes,No,0,Yes,Yes,DSL,Yes,Yes,Yes,No,No,Yes,Month-to-month,No,Electronic check,48.24,35.43,No
CUST-00190,Male,0,No,No,0,Yes,No,Fiber optic,No,No,No,No,No,No,One year,No,Mailed check,62.16,47.57,No
CUST-00191,Female,1,Yes,Yes,60,Yes,Yes,Fiber optic,Yes,No,Yes,No,No,Yes,Month-to-month,No,Mailed check,85.91,5074.55,No
CUST-00192,Female,0,No,No,0,Yes,Yes,No,No internet service,No internet service,No internet service,No internet service,No internet service,No internet service,Month-to-month,No,Mailed check,35.68,18.0,Yes
CUST-00193,Female,1,No,No,25,No,No phone service,DSL,Yes,No,Yes,No,Yes,No,Two year,No,Electronic check,23.73,548.17,No
CUST-00194,Male,0,No,No,70,Yes,No,Fiber optic,No,No,No,No,Yes,No,Month-to-month,No,Mailed check,73.72,5260.2,Yes
CUST-00195,Female,0,No,No,60,Yes,No,DSL,No,No,No,Yes,Yes,Yes,One year,Yes,Electronic check,73.06,4345.39,No
CUST-00196,Male,0,Yes,No,24,Yes,No,Fiber optic,No,Yes,No,No,Yes,Yes,One year,Yes,Bank transfer (automatic),94.14,2168.16,No
CUST-00197,Male,1,No,Yes,8,No,No phone service,No,No internet service,No internet service,No internet service,No internet service,No internet service,No internet service,Two year,Yes,Electronic check,44.36,293.88,No
CUST-00198,Male,0,Yes,No,32,Yes,No,DSL,Yes,No,No,No,No,No,Two year,Yes,Mailed check,57.64,1883.81,No
CUST-00199,Male,0,No,Yes,32,No,No phone service,No,No internet service,No internet service,No internet service,No internet service,No internet service,No internet service,Month-to-month,Yes,Electronic check,29.91,924.36,No
CUST-00200,Female,0,No,No,14,Yes,Yes,DSL,No,No,No,No,No,Yes,Month-to-month,Yes,Electronic check,59.61,792.04,Yes
CUST-00201,Male,1,Yes,Yes,0,No,No phone service,Fiber optic,No,No,No,No,Yes,No,Month-to-month,No,Mailed check,83.64,18.0,Yes
CUST-00202,Female,0,Yes,No,63,Yes,No,Fiber optic,Yes,No,No,No,No,Yes,One year,No,Electronic check,64.4,4101.23,Yes
CUST-00203,Male,0,Yes,No,66,Yes,Yes,Fiber optic,No,No,Yes,No,Yes,No,One year,Yes,Bank transfer (automatic),74.16,4938.3,Yes
CUST-00204,Female,0,No,No,4,Yes,No,No,No internet service,No internet service,No internet service,No internet service,No internet service,No internet service,Month-to-month,Yes,Mailed check,30.76,134.23,Yes
CUST-00205,Male,1,No,No,42,Yes,No,Fiber optic,No,No,Yes,No,No,Yes,Month-to-month,No,Mailed check,59.7,2460.66,Yes
CUST-00206,Male,0,Yes,No,4,Yes,No,No,No internet service,No internet service,No internet service,No internet service,No internet service,No internet service,One year,Yes,Electronic check,61.23,215.82,No
CUST-00207,Female,0,Yes,No,45,Yes,No,Fiber optic,No,Yes,No,No,Yes,No,Month-to-month,No,Credit card (automatic),53.31,2369.06,No
CUST-00208,Female,0,Yes,No,51,Yes,Yes,Fiber optic,No,Yes,No,No,No,No,One year,No,Electronic check,62.75,3187.26,No
CUST-00209,Male,1,No,No,33,Yes,Yes,DSL,No,No,No,Yes,No,No,Month-to-month,No,Electronic check,68.69,2227.73,No
CUST-00210,Female,1,Yes,Yes,4,No,No phone service,Fiber optic,Yes,Yes,No,No,No,Yes,One year,Yes,Electronic check,52.6,159.08,Yes
CUST-00211,Male,0,Yes,No,10,Yes,No,No,No internet service,No internet service,No internet service,No internet service,No internet service,No internet service,One year,No,Mailed check,32.36,322.23,No
CUST-00212,Female,0,No,No,72,Yes,Yes,Fiber optic,No,No,Yes,No,No,No,One year,Yes,Credit card (automatic),28.99,2159.2,No
CUST-00213,Female,0,Yes,No,46,Yes,No,No,No internet service,No internet service,No internet service,No internet service,No internet service,No internet service,Month-to-month,Yes,Bank transfer (automatic),76.56,3464.42,No
CUST-00214,Male,1,No,Yes,24,Yes,Yes,No,No internet service,No internet service,No internet service,No internet service,No internet service,No internet service,Month-to-month,Yes,Electronic check,39.96,968.94,No
CUST-00215,Female,0,No,No,0,Yes,Yes,DSL,No,No,No,No,No,Yes,Two year,Yes,Bank transfer (automatic),62.8,57.05,No
CUST-00216,Male,0,Yes,No,72,Yes,Yes,Fiber optic,Yes,No,No,No,No,No,Month-to-month,Yes,Electronic check,111.39,8027.41,Yes
CUST-00217,Male,0,No,No,47,Yes,No,No,No internet service,No internet service,No internet service,No internet service,No internet service,No internet service,Month-to-month,No,Mailed check,24.57,1161.3,No
CUST-00218,Male,0,Yes,No,38,Yes,No,DSL,Yes,No,No,No,No,No,Month-to-month,No,Bank transfer (automatic),50.02,1860.22,No
CUST-00219,Male,0,Yes,Yes,50,Yes,No,DSL,No,No,No,Yes,Yes,No,One year,Yes,Mailed check,41.41,2110.8,No
CUST-00220,Female,0,No,No,8,Yes,No,DSL,Yes,Yes,No,No,No,No,Two year,No,Electronic check,48.57,441.73,No
CUST-00221,Male,1,No,No,59,Yes,Yes,No,No internet service,No internet service,No internet service,No internet service,No internet service,No internet service,Two year,Yes,Electronic check,45.56,2755.07,No
CUST-00222,Male,0,No,No,62,Yes,Yes,No,No internet service,No internet service,No internet service,No internet service,No internet service,No internet service,One year,Yes,Electronic check,66.12,4129.62,No
CUST-00223,Female,0,Yes,No,72,Yes,No,No,No internet service,No internet service,No internet service,No internet service,No internet service,No internet service,Month-to-month,Yes,Bank transfer (automatic),53.67,3845.1,No
CUST-00224,Male,0,Yes,Yes,42,Yes,Yes,Fiber optic,Yes,No,No,No,No,No,Month-to-month,No,Electronic check,95.79,4020.36,Yes
CUST-00225,Female,0,Yes,No,39,Yes,No,Fiber optic,No,No,No,No,No,No,Month-to-month,Yes,Credit card (automatic),65.85,2521.6,No
CUST-00226,Male,1,No,Yes,27,Yes,No,DSL,Yes,Yes,No,No,No,No,Month-to-month,Yes,Electronic check,50.33,1366.74,No
CUST-00227,Female,0,No,No,45,Yes,No,No,No internet service,No internet service,No internet service,No internet service,No internet service,No internet service,Month-to-month,No,Electronic check,61.77,2795.21,No
CUST-00228,Female,0,No,No,0,Yes,No,No,No internet service,No internet service,No internet service,No internet service,No internet service,No internet service,Month-to-month,No,Mailed check,36.02,22.7,Yes
CUST-00229,Female,0,No,Yes,49,Yes,No,Fiber optic,Yes,No,No,No,Yes,No,Two year,Yes,Mailed check,69.03,3449.06,No
CUST-00230,Male,0,Yes,No,2,Yes,Yes,DSL,No,Yes,No,Yes,No,No,Month-to-month,Yes,Bank transfer (automatic),64.28,131.32,No
CUST-00231,Male,0,No,No,1,Yes,No,No,No internet service,No internet service,No internet service,No internet service,No internet service,No internet service,Month-to-month,Yes,Credit card (automatic),58.28,21.93,Yes
CUST-00232,Female,0,Yes,No,2,Yes,Yes,No,No internet service,No internet service,No internet service,No internet service,No internet service,No internet service,One year,No,Bank transfer (automatic),43.94,79.37,No
CUST-00233,Male,0,Yes,Yes,8,Yes,No,No,No internet service,No internet service,No internet service,No internet service,No internet service,No internet service,Two year,Yes,Electronic check,56.09,464.67,No
CUST-00234,Female,0,No,No,30,Yes,No,Fiber optic,No,Yes,Yes,No,No,Yes,Month-to-month,Yes,Electronic check,49.47,1522.38,Yes
CUST-00235,Male,0,No,No,0,Yes,Yes,Fiber optic,No,No,No,Yes,No,Yes,Month-to-month,Yes,Credit card (automatic),71.6,18.0,No
CUST-00236,Female,0,Yes,No,24,Yes,Yes,Fiber optic,No,Yes,No,No,Yes,Yes,Two year,Yes,Mailed check,75.46,1790.66,No
CUST-00237,Female,1,Yes,No,68,Yes,No,Fiber optic,Yes,Yes,No,Yes,No,No,Month-to-month,Yes,Bank transfer (automatic),71.44,4889.26,No
CUST-00238,Male,0,No,No,25,Yes,No,No,No internet service,No internet service,No internet service,No internet service,No internet service,No internet service,One year,Yes,Bank transfer (automatic),34.65,826.82,No
CUST-00239,Male,1,Yes,No,0,Yes,No,DSL,No,No,No,Yes,No,Yes,Month-to-month,Yes,Mailed check,64.77,22.66,No
CUST-00240,Female,0,No,Yes,3,Yes,No,Fiber optic,No,Yes,Yes,No,No,No,Month-to-month,Yes,Mailed check,75.21,270.11,No
CUST-00241,Male,0,No,Yes,31,No,No phone service,No,No internet service,No internet service,No internet service,No internet service,No internet service,No internet service,Month-to-month,No,Bank transfer (automatic),22.71,704.84,No
CUST-00242,Female,0,Yes,No,40,No,No phone service,DSL,Yes,No,Yes,No,No,No,Month-to-month,Yes,Electronic check,54.93,2230.32,No
CUST-00243,Male,0,Yes,No,54,Yes,No,Fiber optic,No,No,Yes,Yes,No,No,One year,Yes,Bank transfer (automatic),77.85,4151.29,No
CUST-00244,Female,0,Yes,No,40,Yes,No,No,No internet service,No internet service,No internet service,No internet service,No internet service,No internet service,Two year,Yes,Bank transfer (automatic),44.3,1759.62,No
CUST-00245,Female,0,No,Yes,7,Yes,No,Fiber optic,No,No,No,Yes,No,Yes,One year,No,Mailed check,66.51,420.94,No
CUST-00246,Male,0,Yes,Yes,27,Yes,Yes,Fiber optic,No,Yes,Yes,No,Yes,No,Month-to-month,Yes,Bank transfer (automatic),86.89,2372.43,Yes
CUST-00247,Female,0,No,No,72,Yes,No,Fiber optic,No,Yes,No,No,No,No,Month-to-month,Yes,Electronic check,47.61,3303.78,Yes
CUST-00248,Male,0,Yes,Yes,62,No,No phone service,DSL,No,No,No,No,No,No,Two year,No,Credit card (automatic),68.04,4258.5,No
CUST-00249,Female,1,No,No,44,Yes,No,Fiber optic,No,No,Yes,No,Yes,Yes,Two year,No,Electronic check,42.72,1846.56,No
CUST-00250,Male,1,Yes,No,5,Yes,No,No,No internet service,No internet service,No internet service,No internet service,No internet service,No internet service,Two year,Yes,Mailed check,34.07,131.19,No
CUST-00251,Male,0,Yes,Yes,36,Yes,No,DSL,No,No,No,No,No,No,Month-to-month,No,Bank transfer (automatic),26.97,1033.17,No
CUST-00252,Male,0,No,No,9,Yes,Yes,DSL,No,No,No,No,No,No,Two year,Yes,Bank transfer (automatic),81.41,724.94,No
CUST-00253,Male,0,No,No,71,Yes,Yes,DSL,No,Yes,No,No,Yes,No,One year,No,Electronic check,52.28,3688.7,No
CUST-00254,Male,0,Yes,No,3,Yes,No,Fiber optic,No,No,Yes,Yes,Yes,No,Month-to-month,Yes,Electronic check,74.12,237.14,Yes
CUST-00255,Female,0,Yes,Yes,60,Yes,Yes,Fiber optic,No,No,No,No,No,No,Two year,Yes,Electronic check,63.13,3796.29,No
CUST-00256,Male,0,No,No,40,Yes,Yes,Fiber optic,No,No,No,No,Yes,No,Month-to-month,Yes,Electronic check,61.43,2450.39,Yes
CUST-00257,Female,0,Yes,No,2,Yes,Yes,Fiber optic,No,No,Yes,No,No,No,One year,No,Bank transfer (automatic),71.54,196.0,No
CUST-00258,Male,1,Yes,No,13,Yes,No,Fiber optic,Yes,Yes,Yes,No,No,Yes,One year,No,Credit card (automatic),83.56,973.49,No
CUST-00259,Male,0,Yes,Yes,66,Yes,No,Fiber optic,No,No,No,No,No,No,One year,Yes,Mailed check,78.87,5152.37,No
CUST-00260,Female,0,Yes,Yes,3,Yes,Yes,No,No internet service,No internet service,No internet service,No internet service,No internet service,No internet service,Month-to-month,Yes,Credit card (automatic),33.46,48.69,Yes
CUST-00261,Female,1,No,No,9,No,No phone service,Fiber optic,No,No,No,No,No,No,Month-to-month,Yes,Mailed check,40.71,446.16,No
CUST-00262,Male,0,No,No,1,No,No phone service,No,No internet service,No internet service,No internet service,No internet service,No internet service,No internet service,Month-to-month,Yes,Electronic check,63.04,131.36,Yes
CUST-00263,Male,0,No,No,4,Yes,No,Fiber optic,No,Yes,No,No,No,No,Month-to-month,Yes,Credit card (automatic),80.89,330.49,No
CUST-00264,Female,1,No,No,3,Yes,No,Fiber optic,No,No,Yes,No,No,No,One year,No,Bank transfer (automatic),69.83,206.81,No
CUST-00265,Female,1,Yes,No,8,Yes,Yes,DSL,Yes,No,No,No,No,Yes,Month-to-month,No,Electronic check,69.9,542.01,No
CUST-00266,Female,0,No,No,0,Yes,No,Fiber optic,No,No,No,No,No,No,One year,No,Credit card (automatic),99.71,51.76,No
CUST-00267,Male,0,Yes,Yes,32,Yes,Yes,Fiber optic,No,No,No,No,Yes,Yes,Month-to-month,Yes,Credit card (automatic),68.5,2132.21,Yes
CUST-00268,Male,0,Yes,Yes,55,No,No phone service,No,No internet service,No internet service,No internet service,No internet service,No internet service,No internet service,Month-to-month,Yes,Bank transfer (automatic),65.12,3626.12,No
CUST-00269,Female,0,No,Yes,62,Yes,No,Fiber optic,No,Yes,Yes,No,Yes,No,One year,No,Bank transfer (automatic),81.47,5133.4,Yes
CUST-00270,Female,0,Yes,No,3,Yes,No,No,No internet service,No internet service,No internet service,No internet service,No internet service,No internet service,One year,No,Bank transfer (automatic),71.8,225.9,No
CUST-00271,Male,0,Yes,Yes,0,Yes,No,DSL,Yes,Yes,Yes,No,No,Yes,One year,Yes,Mailed check,57.65,18.0,No
CUST-00272,Male,0,Yes,No,61,Yes,No,Fiber optic,No,Yes,No,Yes,Yes,No,Month-to-month,Yes,Electronic check,59.18,3617.8,No
CUST-00273,Male,0,No,No,63,Yes,No,Fiber optic,No,No,Yes,Yes,No,No,Two year,Yes,Electronic check,86.13,5405.42,No
CUST-00274,Female,0,Yes,No,59,Yes,Yes,DSL,No,No,Yes,No,Yes,Yes,Two year,No,Electronic check,59.18,3409.94,No
CUST-00275,Male,0,No,No,4,Yes,No,Fiber optic,Yes,No,No,Yes,No,No,Two year,Yes,Electronic check,73.26,300.48,No
CUST-00276,Male,0,No,Yes,70,Yes,No,DSL,No,No,Yes,No,Yes,Yes,Month-to-month,Yes,Mailed check,67.02,4659.61,No
CUST-00277,Male,0,No,No,4,Yes,No,DSL,Yes,No,No,No,No,Yes,Month-to-month,Yes,Mailed check,60.96,199.71,No
CUST-00278,Female,0,Yes,No,1,Yes,No,Fiber optic,Yes,Yes,No,Yes,No,Yes,One year,Yes,Credit card (automatic),41.33,31.0,No
CUST-00279,Male,0,No,No,3,Yes,No,No,No internet service,No internet service,No internet service,No internet service,No internet service,No internet service,One year,No,Bank transfer (automatic),39.91,155.66,No
CUST-00280,Male,0,Yes,No,19,Yes,No,No,No internet service,No internet service,No internet service,No internet service,No internet service,No internet service,Month-to-month,Yes,Mailed check,35.84,702.1,Yes
CUST-00281,Male,0,No,No,1,Yes,No,No,No internet service,No internet service,No internet service,No internet service,No internet service,No internet service,Month-to-month,Yes,Electronic check,32.05,50.17,No
CUST-00282,Male,0,No,No,4,Yes,No,DSL,Yes,No,No,No,No,Yes,Month-to-month,No,Electronic check,72.6,323.45,No
CUST-00283,Female,0,Yes,Yes,4,Yes,No,DSL,Yes,No,No,No,No,No,Two year,Yes,Electronic check,48.87,215.27,No
CUST-00284,Male,0,No,No,5,Yes,Yes,DSL,No,Yes,Yes,No,No,No,Month-to-month,Yes,Electronic check,48.64,287.48,Yes
CUST-00285,Male,0,No,No,15,No,No phone service,Fiber optic,Yes,No,Yes,No,No,No,One year,Yes,Electronic check,68.65,1083.85,No
CUST-00286,Female,0,Yes,Yes,11,Yes,No,No,No internet service,No internet service,No internet service,No internet service,No internet service,No internet service,Month-to-month,Yes,Bank transfer (automatic),50.04,594.95,No
CUST-00287,Male,1,Yes,Yes,65,Yes,No,Fiber optic,Yes,No,Yes,No,No,Yes,Month-to-month,Yes,Mailed check,81.57,5266.84,No
CUST-00288,Female,0,No,No,7,Yes,Yes,Fiber optic,No,Yes,Yes,No,Yes,Yes,One year,No,Mailed check,71.26,539.92,No
CUST-00289,Female,0,No,No,65,Yes,No,DSL,Yes,Yes,No,No,Yes,Yes,Month-to-month,No,Credit card (automatic),55.94,3613.76,No
CUST-00290,Male,0,No,Yes,52,Yes,No,Fiber optic,No,No,No,Yes,Yes,No,Two year,Yes,Bank transfer (automatic),51.74,2642.36,No
CUST-00291,Female,0,Yes,No,72,Yes,No,No,No internet service,No internet service,No internet service,No internet service,No internet service,No internet service,Month-to-month,Yes,Electronic check,52.43,3743.21,No
CUST-00292,Male,0,No,No,40,Yes,Yes,Fiber optic,No,No,No,No,No,No,Two year,Yes,Electronic check,58.36,2289.36,No
CUST-00293,Female,0,No,No,50,Yes,Yes,Fiber optic,Yes,No,No,No,No,No,Month-to-month,No,Bank transfer (automatic),96.91,4888.36,No
CUST-00294,Male,0,No,No,9,Yes,No,Fiber optic,Yes,No,No,No,Yes,No,Two year,Yes,Credit card (automatic),67.98,624.51,No
CUST-00295,Female,0,No,No,1,Yes,No,Fiber optic,No,No,No,No,No,No,Two year,No,Electronic check,55.12,108.81,Yes
CUST-00296,Female,0,Yes,Yes,72,Yes,Yes,Fiber optic,No,Yes,No,No,No,No,Two year,Yes,Bank transfer (automatic),68.72,5001.75,No
CUST-00297,Female,0,No,No,57,Yes,Yes,No,No internet service,No internet service,No internet service,No internet service,No internet service,No internet service,Month-to-month,Yes,Electronic check,56.62,3220.93,No
CUST-00298,Male,1,Yes,Yes,4,Yes,Yes,Fiber optic,No,Yes,No,Yes,No,No,Month-to-month,Yes,Mailed check,64.17,290.84,No
CUST-00299,Male,0,Yes,No,52,Yes,No,DSL,No,No,No,No,Yes,Yes,One year,No,Electronic check,63.58,3235.7,No
CUST-00300,Male,0,No,No,23,Yes,No,Fiber optic,No,No,Yes,No,No,No,Month-to-month,Yes,Electronic check,90.59,2040.3,Yes
CUST-00301,Male,0,Yes,No,15,Yes,Yes,DSL,No,No,No,Yes,Yes,No,Month-to-month,Yes,Electronic check,61.27,846.11,No
CUST-00302,Female,0,Yes,No,2,Yes,No,DSL,No,No,Yes,No,No,No,Month-to-month,Yes,Mailed check,35.94,26.35,No
CUST-00303,Male,0,Yes,No,12,Yes,Yes,DSL,Yes,No,No,No,Yes,No,Two year,Yes,Credit card (automatic),53.99,608.77,No
CUST-00304,Female,0,No,No,24,Yes,Yes,No,No internet service,No internet service,No internet service,No internet service,No internet service,No internet service,Two year,No,Bank transfer (automatic),37.68,877.94,No
CUST-00305,Female,0,No,Yes,32,Yes,No,DSL,No,Yes,Yes,No,Yes,No,Month-to-month,Yes,Credit card (automatic),28.46,887.7,No
CUST-00306,Male,0,Yes,No,65,Yes,No,No,No internet service,No internet service,No internet service,No internet service,No internet service,No internet service,Two year,No,Mailed check,24.44,1553.06,No
CUST-00307,Male,1,Yes,No,38,Yes,Yes,DSL,Yes,No,No,No,No,No,One year,Yes,Mailed check,79.44,2964.19,No
CUST-00308,Female,0,No,No,2,Yes,Yes,Fiber optic,No,No,No,No,Yes,No,Month-to-month,No,Electronic check,60.9,170.24,No
CUST-00309,Male,0,Yes,No,1,Yes,Yes,No,No internet service,No internet service,No internet service,No internet service,No internet service,No internet service,One year,No,Bank transfer (automatic),42.06,33.96,No
CUST-00310,Male,0,No,No,9,Yes,No,DSL,No,No,Yes,No,No,Yes,One year,No,Bank transfer (automatic),35.39,345.61,No
CUST-00311,Female,0,No,No,71,Yes,No,No,No internet service,No internet service,No internet service,No internet service,No internet service,No internet service,Two year,Yes,Electronic check,75.12,5296.61,No
CUST-00312,Female,0,Yes,No,37,Yes,No,Fiber optic,No,No,Yes,No,No,No,One year,Yes,Electronic check,76.43,2775.47,No
CUST-00313,Male,0,No,Yes,27,Yes,No,DSL,No,Yes,No,Yes,Yes,Yes,Month-to-month,Yes,Mailed check,46.28,1300.83,No
CUST-00314,Male,0,Yes,No,10,Yes,No,No,No internet service,No internet service,No internet service,No internet service,No internet service,No internet service,Month-to-month,Yes,Electronic check,56.84,626.73,No
CUST-00315,Male,0,No,No,5,Yes,Yes,DSL,No,Yes,No,No,No,No,Two year,Yes,Credit card (automatic),78.58,405.38,No
CUST-00316,Female,0,Yes,No,72,Yes,No,DSL,Yes,No,No,Yes,No,No,Two year,Yes,Credit card (automatic),22.02,1580.57,No
CUST-00317,Female,0,No,No,25,Yes,No,No,No internet service,No internet service,No internet service,No internet service,No internet service,No internet service,Two year,No,Bank transfer (automatic),63.43,1665.71,No
CUST-00318,Female,0,No,No,15,Yes,No,DSL,No,No,Yes,No,No,No,One year,Yes,Mailed check,38.89,637.98,No
CUST-00319,Female,0,No,No,43,Yes,No,Fiber optic,No,Yes,No,No,No,Yes,Two year,Yes,Electronic check,33.1,1411.47,No
CUST-00320,Female,0,No,No,27,Yes,No,DSL,No,Yes,No,No,Yes,No,One year,No,Bank transfer (automatic),86.32,2281.85,No
CUST-00321,Male,0,Yes,No,0,Yes,No,No,No internet service,No internet service,No internet service,No internet service,No internet service,No internet service,Two year,Yes,Electronic check,50.15,71.89,No
CUST-00322,Male,0,No,No,0,Yes,No,Fiber optic,Yes,No,Yes,Yes,No,No,Month-to-month,No,Bank transfer (automatic),57.63,18.0,No
CUST-00323,Female,1,No,No,3,Yes,No,DSL,Yes,No,Yes,No,No,Yes,One year,Yes,Bank transfer (automatic),80.31,235.99,No
CUST-00324,Female,0,Yes,No,7,Yes,No,No,No internet service,No internet service,No internet service,No internet service,No internet service,No internet service,One year,Yes,Mailed check,37.9,242.48,No
CUST-00325,Female,0,Yes,Yes,30,Yes,Yes,Fiber optic,No,Yes,Yes,No,No,No,Month-to-month,Yes,Electronic check,50.35,1476.2,No
CUST-00326,Male,0,Yes,No,0,Yes,No,No,No internet service,No internet service,No internet service,No internet service,No internet service,No internet service,Month-to-month,Yes,Mailed check,58.31,18.0,No
CUST-00327,Male,0,Yes,Yes,2,Yes,Yes,Fiber optic,No,Yes,No,No,No,No,Month-to-month,Yes,Credit card (automatic),45.69,85.68,No
CUST-00328,Male,0,No,No,68,Yes,No,Fiber optic,No,No,Yes,No,No,No,Month-to-month,Yes,Electronic check,67.4,4636.56,Yes
CUST-00329,Male,0,Yes,Yes,2,Yes,No,DSL,No,No,Yes,No,No,Yes,Month-to-month,Yes,Electronic check,32.85,23.95,No
CUST-00330,Female,0,No,No,41,Yes,Yes,Fiber optic,No,No,No,Yes,No,Yes,Month-to-month,Yes,Credit card (automatic),48.69,2073.07,No
CUST-00331,Female,0,No,No,64,Yes,No,Fiber optic,No,No,No,No,No,No,Month-to-month,No,Electronic check,79.45,5068.79,Yes
CUST-00332,Male,0,Yes,No,55,No,No phone service,Fiber optic,No,Yes,Yes,Yes,Yes,No,Month-to-month,No,Electronic check,52.69,2831.85,No
CUST-00333,Male,0,No,No,0,Yes,No,DSL,No,Yes,No,No,No,No,Two year,No,Credit card (automatic),59.51,18.0,No
CUST-00334,Female,0,Yes,Yes,4,No,No phone service,No,No internet service,No internet service,No internet service,No internet service,No internet service,No internet service,Month-to-month,Yes,Mailed check,18.0,44.52,No
CUST-00335,Male,0,Yes,Yes,0,Yes,No,DSL,Yes,No,No,No,Yes,No,Two year,Yes,Bank transfer (automatic),57.96,18.0,No
CUST-00336,Female,0,Yes,Yes,1,Yes,No,Fiber optic,Yes,No,No,Yes,No,Yes,Month-to-month,Yes,Bank transfer (automatic),55.52,18.0,Yes
CUST-00337,Female,0,Yes,No,34,Yes,No,Fiber optic,No,No,No,No,No,No,Month-to-month,Yes,Electronic check,76.43,2629.39,Yes
CUST-00338,Male,0,Yes,No,2,No,No phone service,DSL,Yes,Yes,No,Yes,No,Yes,One year,No,Electronic check,49.31,128.55,No
CUST-00339,Male,0,Yes,No,72,Yes,Yes,Fiber optic,No,Yes,No,Yes,No,Yes,Two year,Yes,Mailed check,82.31,5917.57,No
CUST-00340,Female,0,Yes,No,10,Yes,No,DSL,Yes,Yes,No,No,Yes,Yes,Month-to-month,No,Credit card (automatic),59.52,538.18,No
CUST-00341,Female,0,Yes,Yes,5,No,No phone service,DSL,No,No,Yes,No,No,Yes,Month-to-month,No,Electronic check,50.06,217.75,No
CUST-00342,Male,0,No,No,60,Yes,Yes,No,No internet service,No internet service,No internet service,No internet service,No internet service,No internet service,Two year,No,Credit card (automatic),37.15,2229.74,No
CUST-00343,Female,1,Yes,No,0,Yes,No,Fiber optic,Yes,No,No,Yes,No,Yes,Month-to-month,No,Mailed check,81.7,18.0,Yes
CUST-00344,Female,0,No,No,24,Yes,Yes,Fiber optic,Yes,No,No,Yes,Yes,Yes,Two year,No,Mailed check,78.92,1828.88,No
CUST-00345,Female,0,No,Yes,47,Yes,Yes,DSL,No,No,No,No,No,No,Two year,No,Electronic check,18.0,830.39,No
CUST-00346,Male,0,No,No,54,Yes,No,Fiber optic,No,Yes,Yes,No,No,Yes,Month-to-month,No,Electronic check,47.14,2467.92,Yes
CUST-00347,Female,0,No,No,28,Yes,No,DSL,No,No,Yes,Yes,Yes,Yes,Month-to-month,Yes,Electronic check,35.24,1019.91,No
CUST-00348,Female,0,No,Yes,31,Yes,No,DSL,Yes,Yes,Yes,No,No,Yes,One year,No,Bank transfer (automatic),50.56,1573.82,No
CUST-00349,Male,0,No,No,3,Yes,Yes,Fiber optic,No,No,No,Yes,Yes,No,Month-to-month,No,Credit card (automatic),48.79,212.38,No
CUST-00350,Male,0,No,No,17,Yes,Yes,Fiber optic,Yes,Yes,No,No,Yes,No,One year,Yes,Bank transfer (automatic),79.35,1285.97,Yes
CUST-00351,Female,0,No,No,49,Yes,Yes,DSL,No,Yes,Yes,No,Yes,Yes,Month-to-month,Yes,Bank transfer (automatic),41.31,1989.11,Yes
CUST-00352,Male,0,Yes,No,59,Yes,Yes,DSL,No,No,Yes,No,No,No,Month-to-month,No,Mailed check,67.9,4044.15,No
CUST-00353,Male,1,No,No,1,Yes,Yes,Fiber optic,Yes,No,No,No,No,No,Month-to-month,Yes,Electronic check,67.5,105.46,No
CUST-00354,Male,0,No,No,25,Yes,No,DSL,No,No,No,No,Yes,No,Month-to-month,No,Mailed check,69.65,1661.13,Yes
CUST-00355,Female,0,Yes,No,34,Yes,No,DSL,Yes,No,No,No,No,No,Month-to-month,No,Mailed check,52.75,1869.23,Yes
CUST-00356,Female,1,No,No,8,Yes,No,No,No internet service,No internet service,No internet service,No internet service,No internet service,No internet service,Month-to-month,No,Electronic check,41.58,292.74,No
CUST-00357,Male,0,No,No,53,Yes,No,DSL,No,No,No,No,Yes,Yes,Two year,Yes,Electronic check,62.46,3379.73,No
CUST-00358,Female,0,No,No,65,Yes,Yes,Fiber optic,Yes,No,Yes,No,No,No,Month-to-month,Yes,Electronic check,60.16,3897.74,Yes
CUST-00359,Male,0,Yes,No,23,Yes,No,No,No internet service,No internet service,No internet service,No internet service,No internet service,No internet service,Month-to-month,No,Mailed check,19.82,499.35,Yes
CUST-00360,Female,1,Yes,No,0,Yes,No,DSL,No,No,No,No,No,Yes,Month-to-month,Yes,Bank transfer (automatic),33.79,18.0,Yes
CUST-00361,Female,0,Yes,No,3,Yes,Yes,Fiber optic,No,Yes,Yes,No,No,No,Month-to-month,Yes,Mailed check,88.77,465.26,Yes
CUST-00362,Female,0,No,Yes,54,Yes,Yes,Fiber optic,Yes,Yes,No,No,No,Yes,Month-to-month,No,Bank transfer (automatic),52.73,2846.64,No
CUST-00363,Male,1,No,No,72,Yes,Yes,DSL,Yes,Yes,No,Yes,No,No,Two year,Yes,Credit card (automatic),41.13,3026.91,No
CUST-00364,Female,0,No,No,48,Yes,No,DSL,No,Yes,Yes,No,Yes,No,One year,Yes,Bank transfer (automatic),80.36,3861.31,No
CUST-00365,Male,1,Yes,Yes,14,Yes,No,No,No internet service,No internet service,No internet service,No internet service,No internet service,No internet service,One year,Yes,Bank transfer (automatic),35.67,518.21,No
CUST-00366,Female,1,Yes,No,4,Yes,No,DSL,No,No,No,No,No,No,Two year,No,Bank transfer (automatic),40.71,213.16,No
CUST-00367,Male,1,No,No,2,Yes,No,No,No internet service,No internet service,No internet service,No internet service,No internet service,No internet service,Month-to-month,No,Mailed check,48.09,183.86,Yes
CUST-00368,Male,0,No,No,27,Yes,No,Fiber optic,No,Yes,Yes,Yes,No,Yes,One year,Yes,Electronic check,93.52,2525.02,Yes
CUST-00369,Male,0,No,No,36,Yes,No,Fiber optic,No,No,No,No,Yes,Yes,Month-to-month,Yes,Credit card (automatic),97.51,3590.54,No
CUST-00370,Female,0,Yes,No,42,No,No phone service,Fiber optic,No,No,Yes,No,No,No,Month-to-month,No,Mailed check,56.4,2370.11,Yes
CUST-00371,Male,0,Yes,No,56,Yes,No,Fiber optic,No,No,No,Yes,No,No,Month-to-month,Yes,Electronic check,71.62,4041.17,Yes
CUST-00372,Female,0,No,Yes,39,Yes,No,Fiber optic,No,No,No,No,No,Yes,One year,No,Electronic check,68.4,2679.18,No
CUST-00373,Male,1,No,No,5,Yes,No,Fiber optic,Yes,No,No,No,No,No,One year,Yes,Bank transfer (automatic),66.14,341.06,No
CUST-00374,Male,0,Yes,No,14,Yes,Yes,No,No internet service,No internet service,No internet service,No internet service,No internet service,No internet service,Month-to-month,Yes,Electronic check,51.49,710.18,Yes
CUST-00375,Female,0,No,No,29,Yes,Yes,No,No internet service,No internet service,No internet service,No internet service,No internet service,No internet service,Two year,No,Electronic check,49.61,1423.06,No
CUST-00376,Male,0,No,No,72,Yes,No,DSL,No,No,No,Yes,No,No,Month-to-month,No,Bank transfer (automatic),39.36,2825.71,No
CUST-00377,Female,0,No,No,37,Yes,No,DSL,Yes,No,Yes,Yes,No,Yes,Month-to-month,Yes,Bank transfer (automatic),36.74,1407.96,No
CUST-00378,Female,0,Yes,No,52,Yes,Yes,No,No internet service,No internet service,No internet service,No internet service,No internet service,No internet service,Month-to-month,No,Mailed check,69.08,3652.41,No
CUST-00379,Male,0,Yes,Yes,25,Yes,Yes,DSL,No,No,No,No,Yes,No,Two year,No,Bank transfer (automatic),48.88,1123.0,No
CUST-00380,Male,0,No,Yes,54,Yes,Yes,No,No internet service,No internet service,No internet service,No internet service,No internet service,No internet service,Month-to-month,Yes,Credit card (automatic),53.33,2859.37,No
CUST-00381,Male,0,No,No,3,No,No phone service,DSL,No,No,No,Yes,No,No,One year,Yes,Electronic check,76.3,142.11,No
CUST-00382,Female,0,No,No,21,Yes,Yes,DSL,No,No,No,No,No,Yes,Month-to-month,No,Electronic check,51.22,1085.08,Yes
CUST-00383,Female,0,No,Yes,2,Yes,Yes,DSL,Yes,No,No,No,No,No,Month-to-month,Yes,Credit card (automatic),79.13,93.44,No
CUST-00384,Male,0,Yes,Yes,43,Yes,No,DSL,Yes,No,No,No,No,No,Month-to-month,No,Electronic check,46.95,1956.97,Yes
CUST-00385,Male,0,Yes,No,53,Yes,Yes,Fiber optic,No,No,No,No,Yes,No,Month-to-month,Yes,Electronic check,80.63,4257.29,Yes
CUST-00386,Male,1,Yes,Yes,3,Yes,No,Fiber optic,No,No,Yes,No,Yes,Yes,Month-to-month,Yes,Bank transfer (automatic),75.88,151.51,Yes
CUST-00387,Male,0,No,Yes,1,Yes,No,No,No internet service,No internet service,No internet service,No internet service,No internet service,No internet service,Two year,Yes,Bank transfer (automatic),41.06,69.22,No
CUST-00388,Female,0,Yes,Yes,1,Yes,No,Fiber optic,Yes,Yes,No,No,No,No,Two year,Yes,Credit card (automatic),78.58,88.55,No
CUST-00389,Female,0,No,No,48,Yes,No,Fiber optic,No,No,No,No,No,No,Month-to-month,Yes,Mailed check,82.05,3901.85,No
CUST-00390,Male,0,No,No,56,Yes,Yes,Fiber optic,No,No,Yes,No,No,No,Month-to-month,Yes,Mailed check,57.2,3226.51,No
CUST-00391,Female,1,No,No,19,Yes,Yes,DSL,No,Yes,Yes,No,Yes,Yes,Two year,No,Mailed check,28.92,528.2,No
CUST-00392,Male,0,No,No,43,No,No phone service,No,No internet service,No internet service,No internet service,No internet service,No internet service,No internet service,One year,Yes,Credit card (automatic),53.51,2304.95,No
CUST-00393,Male,0,No,Yes,49,No,No phone service,Fiber optic,No,No,No,No,Yes,Yes,One year,No,Mailed check,78.63,3983.35,No
CUST-00394,Female,0,No,No,52,Yes,No,Fiber optic,No,Yes,No,No,No,No,Month-to-month,Yes,Electronic check,104.35,5413.52,Yes
CUST-00395,Female,0,No,No,66,Yes,No,Fiber optic,Yes,Yes,Yes,No,Yes,No,Month-to-month,Yes,Electronic check,79.4,5245.25,No
CUST-00396,Female,0,Yes,No,50,Yes,No,Fiber optic,Yes,Yes,No,Yes,No,No,Two year,Yes,Electronic check,58.68,2971.24,No
CUST-00397,Male,0,Yes,No,51,Yes,Yes,DSL,No,Yes,No,No,No,No,Month-to-month,No,Electronic check,58.99,3152.39,No
CUST-00398,Male,0,No,No,72,Yes,Yes,DSL,No,Yes,Yes,No,No,Yes,Month-to-month,No,Electronic check,49.88,3560.29,No
CUST-00399,Male,0,No,No,10,Yes,No,No,No internet service,No internet service,No internet service,No internet service,No internet service,No internet service,Month-to-month,Yes,Electronic check,62.01,600.39,No
CUST-00400,Male,1,No,No,56,Yes,No,No,No internet service,No internet service,No internet service,No internet service,No internet service,No internet service,One year,No,Credit card (automatic),62.6,3533.38,No
CUST-00401,Female,0,Yes,Yes,2,Yes,Yes,No,No internet service,No internet service,No internet service,No internet service,No internet service,No internet service,One year,Yes,Electronic check,80.85,138.79,Yes
CUST-00402,Female,1,No,Yes,27,Yes,Yes,Fiber optic,No,No,Yes,No,No,No,One year,Yes,Credit card (automatic),61.47,1672.09,No
CUST-00403,Male,0,No,No,44,Yes,Yes,Fiber optic,Yes,Yes,Yes,Yes,Yes,No,One year,Yes,Electronic check,84.88,3832.37,No
CUST-00404,Female,0,No,No,12,Yes,No,No,No internet service,No internet service,No internet service,No internet service,No internet service,No internet service,One year,Yes,Credit card (automatic),67.29,794.92,No
CUST-00405,Male,0,Yes,No,49,Yes,Yes,Fiber optic,No,No,No,No,No,No,Two year,No,Credit card (automatic),81.95,3992.93,No
CUST-00406,Female,0,No,Yes,1,Yes,No,No,No internet service,No internet service,No internet service,No internet service,No internet service,No internet service,Month-to-month,No,Credit card (automatic),37.57,127.71,No
CUST-00407,Male,0,No,Yes,0,Yes,Yes,Fiber optic,No,Yes,Yes,No,No,No,Month-to-month,Yes,Bank transfer (automatic),62.11,18.0,No
CUST-00408,Male,1,No,No,72,Yes,No,Fiber optic,No,No,Yes,No,Yes,Yes,Month-to-month,Yes,Electronic check,74.28,5363.52,Yes
CUST-00409,Female,0,Yes,No,40,Yes,Yes,Fiber optic,No,No,Yes,No,Yes,No,Month-to-month,Yes,Bank transfer (automatic),81.86,3179.11,No
CUST-00410,Male,0,No,No,1,Yes,No,DSL,No,No,Yes,No,No,No,Two year,Yes,Electronic check,34.87,67.59,No
CUST-00411,Male,0,Yes,No,30,Yes,Yes,DSL,Yes,No,Yes,No,No,No,Month-to-month,No,Electronic check,43.98,1332.14,Yes
CUST-00412,Male,0,Yes,No,46,No,No phone service,No,No internet service,No internet service,No internet service,No internet service,No internet service,No internet service,Two year,Yes,Credit card (automatic),52.61,2345.89,No
CUST-00413,Male,0,Yes,No,64,Yes,Yes,Fiber optic,No,No,No,No,Yes,No,Two year,Yes,Electronic check,38.9,2487.53,No
CUST-00414,Male,0,No,No,46,Yes,No,DSL,No,Yes,No,No,No,Yes,Month-to-month,Yes,Electronic check,57.69,2701.45,No
CUST-00415,Male,0,No,Yes,11,Yes,No,No,No internet service,No internet service,No internet service,No internet service,No internet service,No internet service,Month-to-month,Yes,Credit card (automatic),35.83,366.59,No
CUST-00416,Female,0,Yes,No,42,Yes,Yes,No,No internet service,No internet service,No internet service,No internet service,No internet service,No internet service,Two year,Yes,Credit card (automatic),31.34,1290.23,No
CUST-00417,Female,0,Yes,No,48,Yes,Yes,Fiber optic,No,No,Yes,Yes,Yes,Yes,One year,No,Bank transfer (automatic),70.72,3452.8,No
CUST-00418,Male,0,Yes,No,17,Yes,No,DSL,No,No,No,No,No,Yes,One year,No,Mailed check,61.92,1049.22,No
CUST-00419,Male,0,Yes,No,3,Yes,Yes,DSL,No,No,Yes,No,Yes,Yes,Month-to-month,No,Electronic check,54.89,198.97,No
CUST-00420,Female,0,No,Yes,29,Yes,No,No,No internet service,No internet service,No internet service,No internet service,No internet service,No internet service,Month-to-month,Yes,Credit card (automatic),25.77,809.54,No
CUST-00421,Female,0,Yes,No,3,Yes,Yes,DSL,No,No,No,No,No,No,Two year,No,Electronic check,29.43,45.81,No
CUST-00422,Female,0,Yes,No,0,Yes,No,DSL,No,Yes,No,No,Yes,No,Two year,Yes,Mailed check,59.62,18.0,No
CUST-00423,Female,0,No,Yes,55,Yes,No,DSL,Yes,Yes,No,No,No,Yes,Two year,Yes,Credit card (automatic),53.7,2971.41,No
CUST-00424,Female,1,Yes,No,19,Yes,No,Fiber optic,No,Yes,No,Yes,Yes,Yes,Two year,No,Bank transfer (automatic),81.63,1510.7,No
CUST-00425,Male,0,No,Yes,22,No,No phone service,Fiber optic,Yes,No,No,No,No,No,Month-to-month,No,Electronic check,47.41,1042.65,No
CUST-00426,Male,0,No,No,60,Yes,Yes,No,No internet service,No internet service,No internet service,No internet service,No internet service,No internet service,Month-to-month,Yes,Electronic check,48.58,2932.33,Yes
CUST-00427,Female,1,No,No,42,Yes,Yes,No,No internet service,No internet service,No internet service,No internet service,No internet service,No internet service,Month-to-month,No,Bank transfer (automatic),53.48,2283.81,Yes
CUST-00428,Female,0,No,Yes,35,Yes,No,No,No internet service,No internet service,No internet service,No internet service,No internet service,No internet service,One year,Yes,Mailed check,36.6,1265.08,No
CUST-00429,Male,0,Yes,No,48,Yes,Yes,DSL,No,Yes,No,No,Yes,No,One year,Yes,Electronic check,42.93,2149.39,No
CUST-00430,Female,1,No,No,12,Yes,Yes,Fiber optic,No,No,No,Yes,Yes,Yes,Month-to-month,No,Mailed check,62.55,881.11,Yes
CUST-00431,Male,1,No,No,1,Yes,No,Fiber optic,Yes,No,Yes,No,Yes,Yes,Month-to-month,No,Electronic check,58.82,18.0,Yes
CUST-00432,Female,0,Yes,No,72,Yes,Yes,No,No internet service,No internet service,No internet service,No internet service,No internet service,No internet service,One year,Yes,Bank transfer (automatic),63.29,4690.93,No
CUST-00433,Female,0,No,Yes,17,Yes,No,Fiber optic,No,No,No,No,Yes,No,Month-to-month,Yes,Bank transfer (automatic),65.76,1089.29,Yes
CUST-00434,Male,0,No,No,2,Yes,Yes,DSL,Yes,No,No,Yes,No,No,Two year,Yes,Electronic check,40.26,18.0,No
CUST-00435,Male,1,No,No,4,Yes,Yes,Fiber optic,Yes,No,Yes,No,No,No,Month-to-month,Yes,Credit card (automatic),35.23,145.36,No
CUST-00436,Male,1,No,Yes,72,Yes,Yes,Fiber optic,No,No,No,No,No,No,Two year,No,Credit card (automatic),87.33,6312.02,No
CUST-00437,Female,0,Yes,No,72,Yes,Yes,DSL,No,Yes,No,No,Yes,No,Month-to-month,Yes,Bank transfer (automatic),38.43,2739.31,No
CUST-00438,Female,0,No,Yes,41,Yes,Yes,Fiber optic,Yes,No,No,No,No,Yes,One year,No,Electronic check,52.41,2136.7,No
CUST-00439,Male,0,No,Yes,44,Yes,No,Fiber optic,Yes,No,No,Yes,Yes,No,Two year,No,Mailed check,88.59,3934.58,No
CUST-00440,Male,0,No,No,37,Yes,No,Fiber optic,No,No,No,Yes,No,Yes,Month-to-month,No,Bank transfer (automatic),49.57,1748.19,Yes
CUST-00441,Female,0,Yes,No,26,Yes,Yes,DSL,No,Yes,Yes,Yes,Yes,No,One year,Yes,Credit card (automatic),32.12,829.31,No
CUST-00442,Male,0,No,No,13,Yes,Yes,Fiber optic,Yes,No,Yes,No,No,Yes,Month-to-month,No,Credit card (automatic),51.21,604.9,Yes
CUST-00443,Male,0,No,No,72,Yes,No,DSL,Yes,No,No,Yes,No,Yes,Month-to-month,No,Bank transfer (automatic),28.7,2041.83,No
CUST-00444,Male,0,Yes,Yes,3,Yes,Yes,DSL,Yes,No,Yes,No,No,No,Month-to-month,No,Bank transfer (automatic),42.89,209.03,Yes
CUST-00445,Female,0,No,No,48,Yes,Yes,Fiber optic,No,No,No,Yes,Yes,No,Month-to-month,Yes,Mailed check,67.75,3267.23,Yes
CUST-00446,Female,0,No,Yes,35,Yes,No,DSL,No,No,Yes,No,Yes,No,Month-to-month,Yes,Mailed check,46.08,1731.13,No
CUST-00447,Male,0,No,Yes,0,Yes,No,Fiber optic,No,Yes,Yes,Yes,No,Yes,Two year,No,Mailed check,82.85,18.0,No
CUST-00448,Female,0,No,Yes,22,Yes,Yes,Fiber optic,No,No,Yes,No,No,No,Two year,No,Credit card (automatic),75.89,1731.26,No
CUST-00449,Female,1,Yes,Yes,6,Yes,No,Fiber optic,No,No,No,No,Yes,No,Month-to-month,Yes,Mailed check,73.77,488.38,Yes
CUST-00450,Male,0,No,No,18,Yes,Yes,DSL,No,Yes,No,Yes,No,No,Two year,No,Mailed check,58.51,968.14,No
CUST-00451,Female,0,No,No,1,Yes,No,DSL,No,Yes,No,No,Yes,No,Two year,No,Electronic check,66.13,36.06,No
CUST-00452,Female,0,No,No,1,Yes,Yes,Fiber optic,No,Yes,No,Yes,Yes,Yes,Month-to-month,No,Electronic check,56.07,127.24,No
CUST-00453,Male,0,Yes,No,3,Yes,No,DSL,No,No,Yes,Yes,Yes,Yes,Month-to-month,No,Credit card (automatic),75.42,248.51,Yes
CUST-00454,Male,0,Yes,Yes,0,Yes,No,DSL,No,Yes,No,No,No,No,Two year,No,Electronic check,48.64,18.0,No
CUST-00455,Female,0,No,No,46,Yes,Yes,Fiber optic,No,No,Yes,No,No,Yes,Month-to-month,No,Mailed check,59.19,2639.77,No
CUST-00456,Female,0,Yes,No,39,Yes,No,DSL,Yes,Yes,Yes,No,No,Yes,Month-to-month,Yes,Credit card (automatic),43.42,1598.39,No
CUST-00457,Male,0,No,No,62,Yes,Yes,Fiber optic,No,No,No,No,No,No,Month-to-month,No,Mailed check,60.49,3794.28,No
CUST-00458,Female,0,No,No,49,Yes,No,DSL,Yes,No,Yes,No,Yes,No,One year,Yes,Mailed check,34.59,1637.03,No
CUST-00459,Female,0,No,Yes,39,Yes,Yes,DSL,Yes,No,No,No,No,No,Month-to-month,Yes,Electronic check,35.29,1458.91,No
CUST-00460,Male,0,Yes,No,37,Yes,Yes,No,No internet service,No internet service,No internet service,No internet service,No internet service,No internet service,Month-to-month,Yes,Electronic check,40.9,1563.59,No
CUST-00461,Female,0,No,No,0,Yes,No,Fiber optic,No,Yes,No,Yes,No,No,Month-to-month,Yes,Credit card (automatic),64.89,18.0,No
CUST-00462,Male,0,Yes,Yes,41,Yes,Yes,DSL,Yes,Yes,Yes,Yes,No,No,Month-to-month,Yes,Mailed check,48.34,2005.19,No
CUST-00463,Female,0,No,No,1,Yes,Yes,DSL,No,No,Yes,No,No,No,One year,No,Electronic check,34.85,18.0,No
CUST-00464,Male,0,No,No,14,Yes,No,Fiber optic,No,Yes,No,Yes,Yes,No,One year,Yes,Bank transfer (automatic),95.67,1332.58,No
CUST-00465,Male,0,No,No,8,No,No phone service,Fiber optic,Yes,No,Yes,No,Yes,No,Two year,Yes,Bank transfer (automatic),90.64,729.47,No
CUST-00466,Female,0,Yes,No,34,Yes,Yes,Fiber optic,No,No,Yes,No,Yes,No,Month-to-month,Yes,Mailed check,82.12,2780.2,No
CUST-00467,Male,1,Yes,No,12,Yes,No,DSL,Yes,Yes,Yes,Yes,No,No,Month-to-month,Yes,Electronic check,55.28,680.2,Yes
CUST-00468,Female,1,No,No,46,Yes,No,No,No internet service,No internet service,No internet service,No internet service,No internet service,No internet service,Month-to-month,Yes,Electronic check,66.66,3004.71,No
CUST-00469,Male,1,No,No,2,Yes,No,No,No internet service,No internet service,No internet service,No internet service,No internet service,No internet service,Month-to-month,Yes,Mailed check,48.67,140.15,Yes
CUST-00470,Female,0,No,No,43,Yes,No,Fiber optic,No,Yes,No,No,Yes,No,Two year,No,Bank transfer (automatic),44.47,1831.95,No
CUST-00471,Female,0,No,Yes,0,Yes,No,No,No internet service,No internet service,No internet service,No internet service,No internet service,No internet service,Month-to-month,Yes,Electronic check,29.27,18.0,No
CUST-00472,Female,0,No,No,5,Yes,No,DSL,No,Yes,No,No,Yes,No,One year,Yes,Mailed check,57.22,270.2,No
CUST-00473,Male,0,Yes,No,72,Yes,Yes,DSL,No,No,Yes,Yes,No,Yes,Month-to-month,Yes,Bank transfer (automatic),62.77,4594.95,No
CUST-00474,Male,0,No,No,44,No,No phone service,DSL,Yes,Yes,No,No,Yes,No,Two year,Yes,Electronic check,73.0,3156.28,No
CUST-00475,Female,0,No,No,54,Yes,No,DSL,No,No,Yes,No,Yes,No,Month-to-month,Yes,Electronic check,76.29,4136.3,Yes
CUST-00476,Female,0,No,No,7,Yes,Yes,DSL,No,No,Yes,No,No,No,One year,No,Credit card (automatic),64.96,491.07,No
CUST-00477,Female,0,Yes,No,31,Yes,No,No,No internet service,No internet service,No internet service,No internet service,No internet service,No internet service,Month-to-month,No,Mailed check,59.76,1890.71,No
CUST-00478,Male,0,No,Yes,29,No,No phone service,No,No internet service,No internet service,No internet service,No internet service,No internet service,No internet service,Month-to-month,Yes,Bank transfer (automatic),39.47,1130.56,No
CUST-00479,Female,0,Yes,Yes,0,Yes,No,Fiber optic,No,No,No,Yes,No,No,Month-to-month,Yes,Credit card (automatic),56.28,28.7,No
CUST-00480,Male,0,No,No,39,Yes,No,Fiber optic,No,Yes,Yes,No,No,Yes,Month-to-month,Yes,Electronic check,60.08,2414.2,Yes
CUST-00481,Male,1,No,No,60,No,No phone service,DSL,No,No,Yes,No,No,No,One year,Yes,Bank transfer (automatic),59.58,3535.61,No
CUST-00482,Female,0,No,No,49,Yes,Yes,DSL,Yes,No,No,No,No,No,One year,No,Electronic check,70.59,3440.92,No
CUST-00483,Male,0,Yes,No,5,Yes,No,Fiber optic,No,No,No,No,Yes,Yes,One year,Yes,Credit card (automatic),118.0,593.12,No
CUST-00484,Female,0,Yes,No,37,Yes,Yes,Fiber optic,No,No,No,No,No,No,One year,Yes,Electronic check,56.13,2034.97,No
CUST-00485,Male,0,Yes,No,43,Yes,No,Fiber optic,No,No,Yes,No,Yes,No,One year,No,Credit card (automatic),56.18,2495.52,No
CUST-00486,Male,0,Yes,No,54,Yes,No,Fiber optic,No,Yes,No,Yes,Yes,No,One year,No,Electronic check,74.41,4005.63,No
CUST-00487,Male,0,Yes,No,57,Yes,Yes,No,No internet service,No internet service,No internet service,No internet service,No internet service,No internet service,Month-to-month,No,Credit card (automatic),38.49,2183.06,No
CUST-00488,Female,0,No,Yes,72,Yes,No,DSL,No,No,No,Yes,Yes,No,Month-to-month,Yes,Electronic check,75.76,5404.27,Yes
CUST-00489,Female,0,Yes,Yes,0,Yes,No,DSL,No,No,Yes,No,Yes,No,Two year,Yes,Electronic check,78.84,23.03,No
CUST-00490,Female,0,Yes,No,15,Yes,Yes,DSL,No,No,No,Yes,No,No,Month-to-month,No,Electronic check,88.18,1359.68,Yes
CUST-00491,Female,1,No,No,8,Yes,No,No,No internet service,No internet service,No internet service,No internet service,No internet service,No internet service,Two year,Yes,Electronic check,52.15,356.63,No
CUST-00492,Female,0,Yes,No,43,Yes,No,Fiber optic,Yes,No,Yes,No,Yes,Yes,Two year,No,Mailed check,100.9,4370.87,No
CUST-00493,Female,0,Yes,No,53,Yes,No,Fiber optic,No,No,Yes,No,Yes,No,One year,Yes,Mailed check,49.54,2667.37,No
CUST-00494,Female,0,No,No,1,Yes,Yes,No,No internet service,No internet service,No internet service,No internet service,No internet service,No internet service,Two year,No,Electronic check,64.89,79.91,No
CUST-00495,Male,0,Yes,Yes,67,Yes,Yes,Fiber optic,No,No,Yes,Yes,Yes,Yes,Month-to-month,No,Credit card (automatic),86.34,5739.35,Yes
CUST-00496,Male,0,Yes,No,40,Yes,Yes,DSL,No,Yes,Yes,Yes,Yes,No,One year,No,Bank transfer (automatic),59.54,2365.77,No
CUST-00497,Male,0,No,Yes,72,Yes,No,DSL,No,No,No,No,No,Yes,Month-to-month,No,Electronic check,55.57,3920.86,Yes
CUST-00498,Male,0,Yes,No,36,Yes,No,Fiber optic,No,No,No,No,No,No,One year,Yes,Electronic check,23.5,776.25,Yes
CUST-00499,Female,0,Yes,Yes,0,No,No phone service,Fiber optic,No,No,No,Yes,No,No,Month-to-month,Yes,Credit card (automatic),83.82,41.1,Yes
CUST-00500,Male,0,Yes,No,39,Yes,Yes,No,No internet service,No internet service,No internet service,No internet service,No internet service,No internet service,One year,Yes,Electronic check,37.12,1519.23,No
CUST-00501,Male,0,Yes,No,72,Yes,No,DSL,Yes,No,No,No,Yes,No,Month-to-month,Yes,Bank transfer (automatic),53.78,3854.46,No
CUST-00502,Female,1,No,No,72,Yes,No,Fiber optic,No,No,No,Yes,No,No,Month-to-month,Yes,Mailed check,76.33,5524.4,Yes
CUST-00503,Female,0,Yes,No,55,Yes,Yes,DSL,No,Yes,No,Yes,Yes,No,One year,Yes,Credit card (automatic),56.49,3077.15,No
CUST-00504,Female,1,Yes,No,47,Yes,No,No,No internet service,No internet service,No internet service,No internet service,No internet service,No internet service,Month-to-month,No,Credit card (automatic),33.61,1574.96,No
CUST-00505,Male,0,Yes,No,72,Yes,No,DSL,No,No,Yes,Yes,Yes,No,One year,Yes,Electronic check,45.24,3277.93,No
CUST-00506,Male,0,No,No,6,Yes,Yes,DSL,No,No,No,Yes,Yes,Yes,One year,Yes,Mailed check,43.9,288.93,No
CUST-00507,Female,0,Yes,Yes,1,Yes,No,Fiber optic,No,Yes,No,Yes,No,Yes,Two year,Yes,Mailed check,71.49,49.47,No
CUST-00508,Male,1,No,Yes,1,Yes,Yes,No,No internet service,No internet service,No internet service,No internet service,No internet service,No internet service,One year,Yes,Credit card (automatic),63.05,103.85,No
CUST-00509,Male,0,Yes,Yes,0,Yes,Yes,DSL,No,Yes,Yes,No,Yes,No,Month-to-month,No,Bank transfer (automatic),57.03,18.0,Yes
CUST-00510,Male,0,No,Yes,59,Yes,No,DSL,No,Yes,No,No,No,No,Month-to-month,Yes,Credit card (automatic),58.12,3503.02,No
CUST-00511,Female,0,Yes,No,2,Yes,Yes,DSL,Yes,Yes,Yes,No,No,Yes,Two year,Yes,Electronic check,47.41,51.02,No
CUST-00512,Female,0,Yes,No,15,Yes,No,No,No internet service,No internet service,No internet service,No internet service,No internet service,No internet service,Month-to-month,Yes,Electronic check,38.15,600.23,Yes
CUST-00513,Female,0,No,No,1,Yes,Yes,Fiber optic,Yes,No,No,Yes,Yes,No,One year,Yes,Bank transfer (automatic),62.51,18.0,No
CUST-00514,Female,0,Yes,No,71,Yes,Yes,No,No internet service,No internet service,No internet service,No internet service,No internet service,No internet service,One year,No,Electronic check,39.17,2721.13,No
CUST-00515,Female,0,No,No,72,Yes,Yes,DSL,No,No,No,No,No,No,Month-to-month,No,Credit card (automatic),39.97,2793.35,No
CUST-00516,Male,1,No,Yes,36,Yes,No,Fiber optic,No,No,No,No,Yes,Yes,Month-to-month,No,Bank transfer (automatic),91.88,3241.57,Yes
CUST-00517,Female,0,No,No,7,Yes,Yes,Fiber optic,No,No,Yes,No,No,No,One year,Yes,Mailed check,71.19,557.31,Yes
CUST-00518,Male,0,Yes,No,14,Yes,Yes,DSL,No,No,No,No,No,No,Month-to-month,No,Electronic check,55.79,764.06,No
CUST-00519,Male,0,No,No,38,Yes,Yes,Fiber optic,Yes,No,No,No,No,No,Month-to-month,Yes,Electronic check,74.63,2866.32,No
CUST-00520,Female,0,Yes,Yes,72,Yes,No,Fiber optic,No,Yes,No,No,No,No,One year,No,Mailed check,66.46,4813.49,Yes
CUST-00521,Male,0,No,No,9,Yes,Yes,DSL,Yes,No,Yes,No,Yes,No,Month-to-month,Yes,Mailed check,63.17,600.36,No
CUST-00522,Male,1,No,No,24,Yes,No,Fiber optic,No,No,No,No,No,No,One year,Yes,Bank transfer (automatic),60.28,1506.14,No
CUST-00523,Male,0,No,No,51,Yes,Yes,Fiber optic,No,No,No,Yes,No,No,Month-to-month,Yes,Credit card (automatic),71.68,3644.15,No
CUST-00524,Female,0,No,Yes,70,Yes,Yes,Fiber optic,Yes,Yes,No,No,No,No,Month-to-month,Yes,Credit card (automatic),67.58,4709.77,No
CUST-00525,Male,0,No,Yes,48,Yes,No,Fiber optic,No,No,No,No,Yes,No,One year,No,Bank transfer (automatic),65.87,3088.17,No
CUST-00526,Male,0,No,No,54,Yes,Yes,No,No internet service,No internet service,No internet service,No internet service,No internet service,No internet service,Month-to-month,Yes,Electronic check,67.32,3639.72,No
CUST-00527,Female,0,Yes,No,28,No,No phone service,Fiber optic,No,No,No,No,Yes,Yes,Month-to-month,No,Electronic check,51.15,1429.42,Yes
CUST-00528,Male,0,No,Yes,33,Yes,No,Fiber optic,No,No,No,Yes,Yes,Yes,One year,No,Electronic check,57.74,1853.8,No
CUST-00529,Female,1,Yes,No,41,Yes,No,DSL,No,No,No,No,No,Yes,Two year,No,Electronic check,47.92,1930.61,Yes
CUST-00530,Female,0,Yes,No,68,Yes,No,Fiber optic,No,No,Yes,Yes,No,No,One year,Yes,Mailed check,89.18,6023.73,Yes
CUST-00531,Female,0,No,No,0,Yes,No,DSL,No,No,Yes,No,No,No,Month-to-month,No,Electronic check,61.63,18.0,No
CUST-00532,Male,0,Yes,No,3,Yes,Yes,DSL,No,Yes,No,No,No,No,Month-to-month,Yes,Electronic check,83.55,326.97,No
CUST-00533,Male,0,No,No,1,Yes,Yes,Fiber optic,No,No,No,No,No,Yes,One year,No,Bank transfer (automatic),76.95,106.99,Yes
CUST-00534,Male,1,Yes,No,4,Yes,No,No,No internet service,No internet service,No internet service,No internet service,No internet service,No internet service,Month-to-month,No,Electronic check,50.65,279.73,No
CUST-00535,Female,0,Yes,No,24,Yes,No,DSL,No,No,Yes,No,No,Yes,Two year,Yes,Mailed check,51.61,1283.44,No
CUST-00536,Male,1,No,Yes,58,Yes,No,Fiber optic,No,No,No,Yes,No,No,Month-to-month,Yes,Electronic check,70.06,4119.46,Yes
CUST-00537,Male,0,Yes,No,3,Yes,No,DSL,No,No,No,No,Yes,No,Month-to-month,Yes,Mailed check,42.04,38.67,No
CUST-00538,Male,0,No,Yes,68,Yes,Yes,DSL,Yes,No,No,No,No,No,Two year,No,Credit card (automatic),57.5,3876.4,No
CUST-00539,Female,1,No,No,19,Yes,No,Fiber optic,No,No,No,No,No,No,Two year,Yes,Credit card (automatic),53.12,1067.18,No
CUST-00540,Male,0,No,No,10,Yes,No,DSL,No,No,No,Yes,No,No,Month-to-month,No,Electronic check,61.3,655.43,Yes
CUST-00541,Female,0,Yes,No,32,Yes,No,No,No internet service,No internet service,No internet service,No internet service,No internet service,No internet service,One year,Yes,Electronic check,51.66,1697.06,No
CUST-00542,Male,0,No,No,55,Yes,No,DSL,No,No,No,No,No,Yes,Month-to-month,No,Bank transfer (automatic),59.16,3206.46,No
CUST-00543,Male,0,Yes,No,16,Yes,Yes,Fiber optic,No,No,Yes,No,Yes,No,Two year,No,Mailed check,69.4,1140.19,No
CUST-00544,Male,0,Yes,Yes,72,Yes,No,DSL,No,No,No,No,Yes,No,Two year,No,Credit card (automatic),38.95,2741.44,No
CUST-00545,Female,0,Yes,Yes,30,Yes,Yes,DSL,Yes,No,Yes,Yes,Yes,No,Month-to-month,Yes,Mailed check,40.83,1217.96,No
CUST-00546,Male,0,Yes,No,64,Yes,No,Fiber optic,Yes,No,No,No,No,No,Month-to-month,No,Bank transfer (automatic),44.15,2851.21,Yes
CUST-00547,Male,1,No,No,1,Yes,No,Fiber optic,No,No,Yes,No,No,No,Month-to-month,Yes,Mailed check,110.74,60.05,Yes
CUST-00548,Female,0,Yes,No,25,Yes,No,DSL,Yes,Yes,Yes,No,No,No,Two year,Yes,Mailed check,62.81,1575.32,No
CUST-00549,Female,0,Yes,No,27,Yes,No,DSL,Yes,No,No,No,No,No,One year,Yes,Electronic check,52.28,1397.39,No
CUST-00550,Female,0,No,No,56,Yes,Yes,DSL,No,Yes,No,No,No,Yes,Month-to-month,Yes,Mailed check,46.29,2579.07,No
CUST-00551,Female,0,No,No,42,Yes,Yes,No,No internet service,No internet service,No internet service,No internet service,No internet service,No internet service,One year,Yes,Mailed check,42.75,1775.62,No
CUST-00552,Male,0,Yes,No,6,Yes,Yes,No,No internet service,No internet service,No internet service,No internet service,No internet service,No internet service,Month-to-month,No,Electronic check,53.83,271.18,No
CUST-00553,Female,0,Yes,No,50,Yes,No,DSL,No,Yes,No,No,Yes,No,Two year,Yes,Mailed check,65.5,3231.69,Yes
CUST-00554,Male,0,Yes,No,60,Yes,No,DSL,Yes,No,No,Yes,No,No,Two year,Yes,Bank transfer (automatic),64.69,3895.33,No
CUST-00555,Female,0,No,No,72,Yes,No,DSL,No,No,Yes,Yes,Yes,Yes,Month-to-month,Yes,Credit card (automatic),70.83,5035.24,No
CUST-00556,Female,0,No,No,35,No,No phone service,Fiber optic,No,Yes,Yes,No,No,No,Month-to-month,Yes,Credit card (automatic),68.38,2366.16,Yes
CUST-00557,Female,0,No,Yes,28,Yes,No,DSL,Yes,No,Yes,Yes,Yes,No,Month-to-month,Yes,Credit card (automatic),42.21,1196.05,No
CUST-00558,Female,0,No,Yes,43,Yes,Yes,DSL,Yes,Yes,No,No,No,No,One year,No,Electronic check,50.62,2177.75,No
CUST-00559,Female,0,Yes,No,32,Yes,No,Fiber optic,No,No,No,No,Yes,No,Month-to-month,Yes,Bank transfer (automatic),79.87,2517.99,No
CUST-00560,Female,0,No,No,5,Yes,No,Fiber optic,No,No,No,Yes,Yes,No,Month-to-month,Yes,Credit card (automatic),54.05,293.82,No
CUST-00561,Female,0,Yes,No,28,Yes,Yes,Fiber optic,No,No,No,No,No,Yes,Two year,No,Electronic check,101.46,2867.49,No
CUST-00562,Male,0,Yes,No,1,Yes,Yes,Fiber optic,Yes,No,Yes,No,No,Yes,Two year,No,Bank transfer (automatic),63.88,102.05,No
CUST-00563,Male,0,Yes,No,68,No,No phone service,DSL,No,No,No,Yes,No,Yes,Two year,No,Electronic check,66.24,4496.21,No
CUST-00564,Male,1,Yes,No,3,Yes,Yes,DSL,No,Yes,Yes,No,Yes,No,Month-to-month,Yes,Credit card (automatic),63.69,251.16,No
CUST-00565,Female,0,No,No,3,Yes,No,Fiber optic,No,No,No,No,No,Yes,Month-to-month,Yes,Credit card (automatic),84.79,233.01,No
CUST-00566,Male,0,Yes,No,33,Yes,No,Fiber optic,Yes,Yes,No,No,No,Yes,Two year,No,Electronic check,34.44,1070.24,No
CUST-00567,Male,0,Yes,No,0,No,No phone service,DSL,No,No,No,No,Yes,No,One year,Yes,Bank transfer (automatic),69.16,18.0,No
CUST-00568,Male,0,Yes,Yes,4,Yes,No,DSL,No,No,No,No,No,No,Month-to-month,Yes,Credit card (automatic),46.62,191.94,Yes
CUST-00569,Female,0,No,Yes,1,Yes,Yes,DSL,Yes,Yes,Yes,No,No,Yes,Month-to-month,Yes,Electronic check,44.18,18.0,Yes
CUST-00570,Female,0,No,No,2,Yes,No,No,No internet service,No internet service,No internet service,No internet service,No internet service,No internet service,One year,Yes,Bank transfer (automatic),59.52,165.43,No
CUST-00571,Female,0,No,No,1,Yes,Yes,DSL,Yes,No,No,No,Yes,Yes,One year,Yes,Mailed check,28.22,73.74,No
CUST-00572,Male,0,No,No,0,Yes,No,No,No internet service,No internet service,No internet service,No internet service,No internet service,No internet service,Two year,Yes,Electronic check,73.8,74.33,No
CUST-00573,Male,0,No,No,0,Yes,No,No,No internet service,No internet service,No internet service,No internet service,No internet service,No internet service,Month-to-month,Yes,Mailed check,48.12,25.35,Yes
CUST-00574,Male,0,Yes,No,19,Yes,Yes,Fiber optic,No,No,No,No,No,No,Month-to-month,Yes,Mailed check,64.15,1137.22,No
CUST-00575,Male,0,Yes,No,26,Yes,No,No,No internet service,No internet service,No internet service,No internet service,No internet service,No internet service,One year,Yes,Electronic check,26.04,672.39,No
CUST-00576,Male,0,Yes,No,72,Yes,No,DSL,No,No,Yes,No,Yes,Yes,Two year,No,Electronic check,53.43,3840.34,No
CUST-00577,Female,0,Yes,No,4,Yes,No,DSL,No,No,No,Yes,Yes,No,Month-to-month,No,Mailed check,78.28,335.18,No
CUST-00578,Female,1,No,Yes,12,Yes,No,Fiber optic,No,Yes,No,No,No,No,One year,No,Mailed check,80.21,957.51,Yes
CUST-00579,Female,0,Yes,No,5,Yes,No,Fiber optic,Yes,No,Yes,Yes,No,No,Month-to-month,No,Bank transfer (automatic),71.75,409.99,No
CUST-00580,Male,0,Yes,No,69,No,No phone service,No,No internet service,No internet service,No internet service,No internet service,No internet service,No internet service,Month-to-month,Yes,Mailed check,60.15,4136.64,No
CUST-00581,Male,0,No,No,3,Yes,No,Fiber optic,No,Yes,No,Yes,Yes,No,Month-to-month,Yes,Credit card (automatic),52.12,164.8,Yes
CUST-00582,Female,0,Yes,No,36,Yes,No,DSL,No,No,No,No,Yes,No,Month-to-month,No,Bank transfer (automatic),33.06,1199.37,Yes
CUST-00583,Male,1,Yes,No,72,Yes,Yes,DSL,No,No,Yes,Yes,Yes,No,Month-to-month,Yes,Bank transfer (automatic),45.2,3258.47,No
CUST-00584,Male,0,Yes,Yes,5,Yes,Yes,Fiber optic,No,No,Yes,No,No,No,One year,Yes,Mailed check,64.37,322.69,No
CUST-00585,Male,0,No,Yes,0,Yes,No,Fiber optic,Yes,No,Yes,Yes,Yes,No,Month-to-month,Yes,Electronic check,69.75,18.0,Yes
CUST-00586,Female,0,Yes,No,62,No,No phone service,Fiber optic,Yes,Yes,Yes,No,Yes,No,Two year,No,Electronic check,72.35,4488.3,No
CUST-00587,Female,1,Yes,Yes,1,Yes,No,No,No internet service,No internet service,No internet service,No internet service,No internet service,No internet service,Month-to-month,Yes,Bank transfer (automatic),52.71,23.0,No
CUST-00588,Male,0,Yes,No,72,Yes,No,DSL,No,No,No,No,No,Yes,Month-to-month,No,Electronic check,50.45,3599.06,No
CUST-00589,Female,0,No,Yes,5,Yes,No,Fiber optic,No,Yes,No,No,No,Yes,Month-to-month,Yes,Electronic check,55.92,239.49,Yes
CUST-00590,Female,0,Yes,Yes,1,Yes,No,DSL,Yes,No,No,Yes,No,Yes,Two year,Yes,Electronic check,45.59,41.03,No
CUST-00591,Female,0,Yes,No,62,Yes,Yes,Fiber optic,No,No,No,No,Yes,No,Month-to-month,Yes,Credit card (automatic),85.3,5256.6,Yes
CUST-00592,Female,0,No,Yes,4,No,No phone service,Fiber optic,No,No,Yes,Yes,No,No,Month-to-month,Yes,Bank transfer (automatic),87.34,268.0,No
CUST-00593,Male,0,No,No,0,Yes,Yes,Fiber optic,No,No,No,No,Yes,No,One year,Yes,Bank transfer (automatic),93.36,71.98,No
CUST-00594,Female,0,Yes,No,3,Yes,No,Fiber optic,Yes,No,No,No,Yes,Yes,Month-to-month,No,Bank transfer (automatic),65.99,175.93,Yes
CUST-00595,Male,0,Yes,No,43,Yes,No,DSL,No,Yes,Yes,No,Yes,Yes,Month-to-month,Yes,Bank transfer (automatic),56.7,2407.0,No
CUST-00596,Female,1,Yes,Yes,56,Yes,No,No,No internet service,No internet service,No internet service,No internet service,No internet service,No internet service,Month-to-month,Yes,Credit card (automatic),52.08,2882.97,No
CUST-00597,Female,0,No,Yes,65,Yes,Yes,Fiber optic,No,No,No,No,No,Yes,Month-to-month,No,Electronic check,72.78,4696.56,No
CUST-00598,Female,0,Yes,No,72,Yes,Yes,No,No internet service,No internet service,No internet service,No internet service,No internet service,No internet service,Two year,Yes,Electronic check,53.41,3812.77,No
CUST-00599,Female,1,No,No,28,Yes,No,DSL,Yes,No,No,No,No,No,One year,No,Credit card (automatic),64.96,1790.59,No
CUST-00600,Female,0,No,No,1,Yes,No,DSL,Yes,No,No,No,No,No,Month-to-month,No,Mailed check,44.05,84.34,Yes
CUST-00601,Female,1,No,Yes,40,Yes,No,Fiber optic,Yes,Yes,No,Yes,Yes,No,Month-to-month,Yes,Credit card (automatic),52.05,2066.71,No
CUST-00602,Female,0,Yes,Yes,44,Yes,No,Fiber optic,No,No,Yes,Yes,No,No,One year,No,Mailed check,79.17,3536.41,No
CUST-00603,Female,1,No,Yes,72,Yes,No,Fiber optic,No,No,Yes,No,No,No,Two year,Yes,Bank transfer (automatic),56.83,4142.79,No
CUST-00604,Male,0,No,No,18,No,No phone service,DSL,Yes,No,Yes,Yes,No,No,Month-to-month,No,Mailed check,47.74,757.02,No
CUST-00605,Female,0,No,Yes,72,Yes,Yes,Fiber optic,No,No,No,No,No,Yes,One year,Yes,Credit card (automatic),66.06,4781.37,No
CUST-00606,Female,0,Yes,Yes,39,Yes,Yes,Fiber optic,No,No,Yes,No,Yes,Yes,Month-to-month,Yes,Electronic check,62.28,2380.04,No
CUST-00607,Male,0,No,No,66,Yes,Yes,DSL,No,No,No,Yes,Yes,Yes,Month-to-month,Yes,Electronic check,57.66,3862.79,No
CUST-00608,Female,1,No,No,44,Yes,No,Fiber optic,No,No,No,No,No,No,Month-to-month,Yes,Credit card (automatic),60.33,2629.87,No
CUST-00609,Female,0,No,No,9,Yes,No,Fiber optic,No,No,No,No,No,No,Month-to-month,No,Electronic check,37.93,317.77,No
CUST-00610,Female,0,No,Yes,59,Yes,No,DSL,No,No,No,No,No,No,Month-to-month,No,Credit card (automatic),63.52,3745.57,No
CUST-00611,Female,0,No,No,67,Yes,No,No,No internet service,No internet service,No internet service,No internet service,No internet service,No internet service,Month-to-month,No,Electronic check,43.91,2971.86,No
CUST-00612,Male,0,Yes,Yes,39,Yes,No,No,No internet service,No internet service,No internet service,No internet service,No internet service,No internet service,Two year,Yes,Credit card (automatic),63.85,2424.01,No
CUST-00613,Female,0,No,No,66,Yes,No,Fiber optic,No,No,No,No,Yes,Yes,One year,Yes,Electronic check,59.35,3927.66,No
CUST-00614,Male,0,No,No,23,No,No phone service,No,No internet service,No internet service,No internet service,No internet service,No internet service,No internet service,Two year,Yes,Electronic check,46.23,1124.56,No
CUST-00615,Female,0,No,Yes,4,Yes,No,Fiber optic,No,Yes,No,No,Yes,No,Month-to-month,Yes,Electronic check,69.32,287.54,No
CUST-00616,Female,1,Yes,No,2,Yes,Yes,DSL,Yes,No,Yes,Yes,No,No,One year,Yes,Credit card (automatic),43.04,89.78,No
CUST-00617,Male,0,Yes,No,1,Yes,No,DSL,No,No,Yes,Yes,No,No,One year,No,Mailed check,45.97,18.0,No
CUST-00618,Male,0,No,No,44,Yes,Yes,Fiber optic,No,No,Yes,Yes,No,Yes,Month-to-month,Yes,Mailed check,54.95,2425.11,No
CUST-00619,Male,0,No,Yes,5,Yes,No,DSL,Yes,No,Yes,No,Yes,Yes,Month-to-month,Yes,Mailed check,54.74,304.51,No
CUST-00620,Male,0,Yes,No,45,Yes,Yes,No,No internet service,No internet service,No internet service,No internet service,No internet service,No internet service,One year,Yes,Mailed check,46.54,2102.08,No
CUST-00621,Male,0,Yes,Yes,56,Yes,Yes,No,No internet service,No internet service,No internet service,No internet service,No internet service,No internet service,Month-to-month,No,Mailed check,30.51,1717.98,No
CUST-00622,Male,0,No,No,61,Yes,No,Fiber optic,No,No,No,No,No,Yes,Month-to-month,No,Bank transfer (automatic),77.62,4768.73,No
CUST-00623,Male,0,No,Yes,19,Yes,No,Fiber optic,No,Yes,No,No,No,Yes,One year,Yes,Mailed check,61.83,1183.79,Yes
CUST-00624,Male,0,Yes,No,2,Yes,Yes,No,No internet service,No internet service,No internet service,No internet service,No internet service,No internet service,Two year,No,Bank transfer (automatic),44.62,56.16,No
CUST-00625,Female,0,Yes,No,40,Yes,No,Fiber optic,Yes,No,Yes,Yes,Yes,No,Month-to-month,No,Bank transfer (automatic),80.68,3243.5,No
CUST-00626,Male,0,Yes,No,0,No,No phone service,DSL,No,Yes,No,No,No,Yes,Month-to-month,No,Electronic check,76.57,18.0,Yes
CUST-00627,Male,0,Yes,No,5,Yes,Yes,No,No internet service,No internet service,No internet service,No internet service,No internet service,No internet service,One year,No,Credit card (automatic),18.0,101.05,No
CUST-00628,Male,0,No,No,72,Yes,No,Fiber optic,No,No,No,No,No,No,Month-to-month,Yes,Electronic check,74.79,5348.68,Yes
CUST-00629,Female,0,No,No,10,Yes,Yes,DSL,No,No,Yes,No,No,Yes,Month-to-month,Yes,Electronic check,61.13,736.09,No
CUST-00630,Male,0,No,No,51,Yes,No,DSL,No,No,No,No,No,Yes,One year,No,Mailed check,65.81,3426.47,No
CUST-00631,Female,0,No,No,36,Yes,Yes,No,No internet service,No internet service,No internet service,No internet service,No internet service,No internet service,Two year,Yes,Credit card (automatic),37.58,1398.29,No
CUST-00632,Male,0,Yes,Yes,47,Yes,No,DSL,Yes,No,No,No,No,Yes,Two year,No,Electronic check,58.94,2788.19,No
CUST-00633,Male,0,Yes,No,32,No,No phone service,No,No internet service,No internet service,No internet service,No internet service,No internet service,No internet service,Two year,Yes,Electronic check,60.7,1942.99,No
CUST-00634,Male,0,Yes,Yes,54,Yes,Yes,No,No internet service,No internet service,No internet service,No internet service,No internet service,No internet service,Two year,No,Credit card (automatic),53.38,2802.24,No
CUST-00635,Male,1,Yes,No,6,Yes,No,DSL,Yes,No,Yes,Yes,No,Yes,Two year,No,Mailed check,67.49,425.61,No
CUST-00636,Female,0,No,No,55,Yes,Yes,DSL,No,Yes,No,Yes,No,Yes,Month-to-month,Yes,Electronic check,82.05,4464.21,No
CUST-00637,Male,0,Yes,Yes,0,Yes,Yes,Fiber optic,No,Yes,Yes,Yes,No,No,Two year,Yes,Credit card (automatic),99.64,18.0,No
CUST-00638,Male,0,No,No,10,No,No phone service,DSL,Yes,No,No,No,No,No,Two year,Yes,Credit card (automatic),47.46,418.08,No
CUST-00639,Female,0,Yes,No,10,No,No phone service,Fiber optic,Yes,No,Yes,Yes,No,Yes,One year,Yes,Mailed check,68.81,579.04,No
CUST-00640,Female,0,Yes,No,51,Yes,No,No,No internet service,No internet service,No internet service,No internet service,No internet service,No internet service,Two year,Yes,Credit card (automatic),61.36,3086.07,No
CUST-00641,Female,1,Yes,No,0,Yes,No,Fiber optic,No,No,Yes,No,No,No,Month-to-month,Yes,Mailed check,79.93,18.0,Yes
CUST-00642,Female,0,No,Yes,41,Yes,No,Fiber optic,Yes,No,No,No,No,Yes,Month-to-month,Yes,Credit card (automatic),80.37,3163.42,No
CUST-00643,Female,0,No,Yes,5,Yes,Yes,No,No internet service,No internet service,No internet service,No internet service,No internet service,No internet service,Two year,Yes,Electronic check,21.72,109.93,No
CUST-00644,Male,0,No,Yes,0,Yes,Yes,No,No internet service,No internet service,No internet service,No internet service,No internet service,No internet service,Month-to-month,Yes,Credit card (automatic),43.89,94.05,Yes
CUST-00645,Female,0,Yes,No,27,Yes,No,No,No internet service,No internet service,No internet service,No internet service,No internet service,No internet service,Month-to-month,No,Bank transfer (automatic),40.69,1074.77,Yes
CUST-00646,Male,0,No,Yes,5,No,No phone service,DSL,No,Yes,No,No,No,Yes,Month-to-month,No,Credit card (automatic),37.45,228.37,No
CUST-00647,Male,0,No,No,41,No,No phone service,DSL,No,No,No,No,No,Yes,One year,Yes,Credit card (automatic),72.11,2916.87,No
CUST-00648,Female,0,Yes,No,48,Yes,No,Fiber optic,No,No,No,Yes,Yes,Yes,Month-to-month,No,Bank transfer (automatic),56.39,2844.11,No
CUST-00649,Female,1,Yes,No,24,Yes,Yes,DSL,No,Yes,No,No,Yes,Yes,Month-to-month,No,Electronic check,70.56,1710.14,No
CUST-00650,Female,0,Yes,No,72,Yes,Yes,Fiber optic,Yes,No,No,No,No,Yes,Two year,Yes,Credit card (automatic),64.38,4630.97,No
CUST-00651,Male,1,Yes,No,0,Yes,No,No,No internet service,No internet service,No internet service,No internet service,No internet service,No internet service,One year,Yes,Bank transfer (automatic),61.93,18.0,No
CUST-00652,Female,0,No,No,24,Yes,No,No,No internet service,No internet service,No internet service,No internet service,No internet service,No internet service,Month-to-month,Yes,Credit card (automatic),50.6,1203.21,No
CUST-00653,Male,0,Yes,No,72,Yes,Yes,DSL,No,Yes,No,No,Yes,Yes,Two year,No,Electronic check,53.21,3821.33,Yes
CUST-00654,Female,0,No,No,41,Yes,Yes,No,No internet service,No internet service,No internet service,No internet service,No internet service,No internet service,Month-to-month,Yes,Electronic check,44.23,1797.44,No
CUST-00655,Female,0,No,No,10,Yes,No,Fiber optic,No,No,No,Yes,No,No,Month-to-month,No,Electronic check,58.87,515.6,No
CUST-00656,Female,1,Yes,No,62,Yes,No,Fiber optic,Yes,Yes,No,No,Yes,Yes,Two year,Yes,Mailed check,74.2,4558.99,No
CUST-00657,Female,0,No,No,10,Yes,Yes,DSL,Yes,No,No,Yes,No,No,Two year,Yes,Electronic check,21.93,261.46,No
CUST-00658,Female,1,Yes,No,17,Yes,No,DSL,No,No,Yes,No,No,No,One year,No,Bank transfer (automatic),48.47,783.91,No
CUST-00659,Male,0,No,No,53,Yes,No,No,No internet service,No internet service,No internet service,No internet service,No internet service,No internet service,Month-to-month,No,Mailed check,54.36,2968.12,No
CUST-00660,Male,0,Yes,No,54,Yes,No,Fiber optic,No,No,No,No,Yes,No,Two year,Yes,Credit card (automatic),60.62,3358.33,No
CUST-00661,Male,0,Yes,Yes,11,Yes,No,No,No internet service,No internet service,No internet service,No internet service,No internet service,No internet service,One year,No,Electronic check,58.24,585.66,No
CUST-00662,Female,0,Yes,No,1,Yes,Yes,DSL,Yes,Yes,Yes,No,Yes,Yes,Month-to-month,No,Mailed check,40.91,18.0,No
CUST-00663,Male,1,No,Yes,12,Yes,No,DSL,No,Yes,Yes,No,Yes,Yes,Month-to-month,Yes,Credit card (automatic),37.09,335.93,No
CUST-00664,Male,0,No,No,29,Yes,Yes,DSL,No,No,Yes,No,No,No,Two year,No,Credit card (automatic),55.9,1748.0,No
CUST-00665,Female,0,No,Yes,2,Yes,No,Fiber optic,No,No,No,No,No,Yes,Two year,Yes,Electronic check,65.61,125.33,No
CUST-00666,Female,0,Yes,No,32,Yes,Yes,Fiber optic,Yes,Yes,No,Yes,Yes,No,Month-to-month,Yes,Credit card (automatic),78.7,2504.71,No
CUST-00667,Female,0,No,Yes,9,Yes,No,Fiber optic,No,No,No,Yes,No,No,Two year,No,Credit card (automatic),61.81,553.14,No
CUST-00668,Female,0,Yes,Yes,0,Yes,Yes,DSL,No,No,Yes,No,No,No,Month-to-month,Yes,Electronic check,62.39,25.84,Yes
CUST-00669,Female,0,No,No,3,Yes,No,DSL,Yes,Yes,No,No,No,No,Month-to-month,Yes,Electronic check,18.29,18.0,Yes
CUST-00670,Male,0,No,No,29,Yes,No,DSL,No,No,Yes,No,Yes,Yes,Month-to-month,Yes,Credit card (automatic),52.44,1549.6,No
CUST-00671,Female,0,No,Yes,0,No,No phone service,DSL,Yes,Yes,No,No,Yes,No,Month-to-month,No,Credit card (automatic),51.0,63.0,Yes
CUST-00672,Female,0,Yes,Yes,55,Yes,Yes,No,No internet service,No internet service,No internet service,No internet service,No internet service,No internet service,Two year,No,Credit card (automatic),18.8,1046.74,No
CUST-00673,Female,0,No,Yes,0,Yes,Yes,DSL,No,No,No,No,No,Yes,One year,Yes,Bank transfer (automatic),61.23,18.0,No
CUST-00674,Male,0,No,No,70,Yes,No,DSL,No,No,No,Yes,No,No,Month-to-month,No,Bank transfer (automatic),52.08,3593.08,No
CUST-00675,Female,0,Yes,No,33,Yes,No,No,No internet service,No internet service,No internet service,No internet service,No internet service,No internet service,One year,Yes,Bank transfer (automatic),32.42,1137.89,No
CUST-00676,Female,1,No,No,0,Yes,No,No,No internet service,No internet service,No internet service,No internet service,No internet service,No internet service,Month-to-month,No,Mailed check,64.28,21.5,No
CUST-00677,Female,0,Yes,No,11,Yes,Yes,Fiber optic,No,No,No,No,Yes,No,Month-to-month,No,Credit card (automatic),49.7,503.47,Yes
CUST-00678,Male,0,No,No,49,No,No phone service,DSL,No,No,No,No,Yes,No,Two year,No,Bank transfer (automatic),65.2,3216.72,No
CUST-00679,Female,0,No,No,48,No,No phone service,Fiber optic,No,No,No,No,Yes,Yes,Month-to-month,Yes,Electronic check,72.45,3535.54,No
CUST-00680,Female,0,No,No,3,Yes,No,DSL,No,No,No,No,No,No,One year,Yes,Credit card (automatic),72.96,147.96,No
CUST-00681,Female,0,Yes,Yes,39,No,No phone service,DSL,No,No,No,No,No,No,One year,Yes,Electronic check,61.01,2443.24,No
CUST-00682,Male,0,Yes,No,34,Yes,No,Fiber optic,No,No,Yes,No,No,Yes,One year,Yes,Credit card (automatic),42.09,1431.15,No
CUST-00683,Female,0,No,No,0,Yes,No,No,No internet service,No internet service,No internet service,No internet service,No internet service,No internet service,One year,Yes,Bank transfer (automatic),29.58,18.0,No
CUST-00684,Female,0,Yes,No,2,No,No phone service,DSL,No,Yes,Yes,No,Yes,No,Month-to-month,Yes,Electronic check,46.91,48.65,Yes
CUST-00685,Male,0,No,No,1,Yes,Yes,Fiber optic,Yes,No,No,No,Yes,No,Two year,Yes,Mailed check,103.48,18.0,Yes
CUST-00686,Female,0,Yes,No,45,Yes,No,Fiber optic,Yes,Yes,No,No,Yes,No,Month-to-month,No,Mailed check,80.37,3635.0,No
CUST-00687,Male,0,No,No,30,Yes,Yes,Fiber optic,No,Yes,Yes,No,No,No,One year,No,Bank transfer (automatic),94.69,2784.72,Yes
CUST-00688,Female,0,Yes,No,58,Yes,No,DSL,No,Yes,No,Yes,Yes,No,One year,Yes,Mailed check,32.54,1805.15,No
CUST-00689,Male,0,Yes,Yes,2,Yes,No,No,No internet service,No internet service,No internet service,No internet service,No internet service,No internet service,Month-to-month,No,Bank transfer (automatic),48.04,42.8,No
CUST-00690,Female,0,Yes,No,50,Yes,Yes,DSL,No,No,No,No,No,No,Month-to-month,Yes,Mailed check,43.72,2230.21,No
CUST-00691,Female,0,Yes,No,61,Yes,Yes,DSL,Yes,No,No,No,Yes,Yes,One year,Yes,Credit card (automatic),80.42,4962.61,No
CUST-00692,Female,0,Yes,Yes,16,Yes,Yes,DSL,No,No,No,Yes,Yes,Yes,Month-to-month,Yes,Bank transfer (automatic),63.61,1089.41,Yes
CUST-00693,Female,0,Yes,No,0,Yes,No,Fiber optic,No,Yes,No,No,No,Yes,Two year,Yes,Mailed check,74.95,62.25,No
CUST-00694,Female,0,No,Yes,57,Yes,Yes,No,No internet service,No internet service,No internet service,No internet service,No internet service,No internet service,Two year,Yes,Mailed check,35.12,1961.61,No
CUST-00695,Male,0,Yes,Yes,4,Yes,Yes,DSL,No,Yes,No,No,No,Yes,One year,Yes,Bank transfer (automatic),66.53,211.91,No
CUST-00696,Male,0,No,No,28,Yes,Yes,DSL,No,No,Yes,No,Yes,No,Month-to-month,Yes,Credit card (automatic),61.39,1752.63,No
CUST-00697,Female,1,No,No,0,Yes,Yes,No,No internet service,No internet service,No internet service,No internet service,No internet service,No internet service,Two year,No,Electronic check,40.15,24.36,No
CUST-00698,Female,0,No,No,31,Yes,No,Fiber optic,Yes,Yes,No,No,No,Yes,Month-to-month,No,Electronic check,55.46,1761.97,No
CUST-00699,Male,0,Yes,No,2,Yes,No,No,No internet service,No internet service,No internet service,No internet service,No internet service,No internet service,Month-to-month,Yes,Electronic check,54.98,146.97,Yes
CUST-00700,Male,0,Yes,Yes,61,Yes,Yes,Fiber optic,Yes,No,No,No,No,No,Month-to-month,No,Mailed check,74.01,4517.14,No
CUST-00701,Female,0,Yes,No,12,Yes,No,Fiber optic,No,Yes,No,No,No,Yes,Two year,Yes,Electronic check,54.43,707.21,No
CUST-00702,Female,0,No,Yes,72,Yes,No,Fiber optic,No,No,No,Yes,No,No,One year,Yes,Credit card (automatic),70.28,5067.13,No
CUST-00703,Male,0,No,Yes,30,Yes,Yes,DSL,Yes,No,No,Yes,No,Yes,Month-to-month,No,Electronic check,63.0,1953.66,No
CUST-00704,Male,1,Yes,No,0,Yes,No,Fiber optic,No,No,Yes,No,No,Yes,One year,Yes,Credit card (automatic),76.06,18.0,Yes
CUST-00705,Male,0,Yes,No,46,Yes,No,Fiber optic,Yes,No,No,No,No,Yes,Month-to-month,Yes,Bank transfer (automatic),78.02,3509.04,No
CUST-00706,Female,0,Yes,Yes,56,Yes,No,Fiber optic,No,Yes,No,Yes,Yes,Yes,Month-to-month,Yes,Electronic check,54.03,3016.73,No
CUST-00707,Male,0,Yes,Yes,23,Yes,No,Fiber optic,No,Yes,No,No,No,Yes,Month-to-month,Yes,Electronic check,90.96,2084.85,Yes
CUST-00708,Female,0,No,No,19,Yes,No,DSL,No,No,Yes,No,No,No,Month-to-month,Yes,Mailed check,45.1,835.97,No
CUST-00709,Male,1,Yes,Yes,72,Yes,Yes,Fiber optic,No,No,No,No,Yes,No,Two year,Yes,Bank transfer (automatic),84.84,6048.16,No
CUST-00710,Male,0,Yes,No,12,Yes,Yes,Fiber optic,No,Yes,No,No,No,Yes,One year,Yes,Bank transfer (automatic),70.38,833.71,Yes
CUST-00711,Female,0,Yes,No,12,Yes,No,No,No internet service,No internet service,No internet service,No internet service,No internet service,No internet service,Month-to-month,No,Bank transfer (automatic),30.98,323.05,No
CUST-00712,Female,0,Yes,Yes,1,Yes,No,DSL,Yes,No,Yes,Yes,No,Yes,Month-to-month,No,Bank transfer (automatic),51.8,18.0,No
CUST-00713,Female,0,Yes,No,21,Yes,No,Fiber optic,Yes,No,No,No,Yes,No,Two year,Yes,Mailed check,100.71,2074.38,No
CUST-00714,Female,0,Yes,No,33,Yes,Yes,Fiber optic,No,Yes,Yes,No,No,Yes,Month-to-month,Yes,Bank transfer (automatic),62.59,1970.22,Yes
CUST-00715,Female,0,Yes,No,12,Yes,No,DSL,No,Yes,No,No,No,No,Two year,No,Credit card (automatic),40.53,474.41,No
CUST-00716,Female,1,Yes,No,6,Yes,No,Fiber optic,Yes,No,No,Yes,No,Yes,Month-to-month,Yes,Electronic check,49.94,324.05,Yes
CUST-00717,Female,0,No,No,52,Yes,No,Fiber optic,No,No,Yes,No,Yes,No,Month-to-month,Yes,Bank transfer (automatic),82.78,4250.21,No
CUST-00718,Male,0,No,No,72,Yes,No,Fiber optic,No,No,No,No,No,No,One year,No,Electronic check,81.8,5951.72,No
CUST-00719,Male,0,Yes,No,48,Yes,No,DSL,No,No,No,Yes,Yes,No,Month-to-month,No,Credit card (automatic),46.16,2173.98,No
CUST-00720,Female,0,No,No,41,Yes,No,No,No internet service,No internet service,No internet service,No internet service,No internet service,No internet service,Two year,Yes,Credit card (automatic),40.67,1665.34,No
CUST-00721,Male,0,Yes,Yes,68,Yes,No,DSL,No,No,No,No,No,No,Two year,No,Electronic check,47.2,3172.73,No
CUST-00722,Female,0,No,No,2,Yes,No,Fiber optic,Yes,No,No,Yes,Yes,No,Month-to-month,No,Credit card (automatic),69.48,70.76,No
CUST-00723,Female,0,No,Yes,71,Yes,No,Fiber optic,No,No,No,Yes,No,No,Month-to-month,Yes,Electronic check,54.68,3856.42,Yes
CUST-00724,Male,0,Yes,No,40,Yes,No,DSL,Yes,No,Yes,No,No,No,Two year,Yes,Mailed check,35.95,1402.17,Yes
CUST-00725,Female,1,Yes,No,39,Yes,Yes,DSL,Yes,No,Yes,Yes,No,Yes,One year,No,Electronic check,54.58,2122.69,No
CUST-00726,Male,0,No,No,0,Yes,No,DSL,No,No,No,No,No,No,Month-to-month,No,Bank transfer (automatic),46.38,18.0,No
CUST-00727,Female,0,Yes,Yes,55,Yes,Yes,Fiber optic,Yes,No,Yes,No,No,No,One year,Yes,Mailed check,64.2,3629.53,No
CUST-00728,Male,0,Yes,No,72,Yes,Yes,Fiber optic,No,No,No,No,No,No,Month-to-month,Yes,Mailed check,70.03,5058.49,No
CUST-00729,Male,0,No,No,46,Yes,Yes,No,No internet service,No internet service,No internet service,No internet service,No internet service,No internet service,Two year,Yes,Credit card (automatic),62.46,2880.05,No
CUST-00730,Female,0,No,No,45,Yes,Yes,DSL,No,No,Yes,Yes,No,No,Two year,No,Mailed check,58.97,2642.32,No
CUST-00731,Female,0,No,No,0,Yes,Yes,No,No internet service,No internet service,No internet service,No internet service,No internet service,No internet service,Month-to-month,Yes,Electronic check,53.87,18.0,No
CUST-00732,Male,0,No,No,7,Yes,Yes,No,No internet service,No internet service,No internet service,No internet service,No internet service,No internet service,Month-to-month,Yes,Bank transfer (automatic),36.67,273.01,Yes
CUST-00733,Female,1,No,No,41,Yes,No,DSL,Yes,No,Yes,No,Yes,No,Two year,No,Mailed check,29.77,1186.3,No
CUST-00734,Female,0,No,No,4,Yes,No,Fiber optic,Yes,No,Yes,No,Yes,No,One year,No,Electronic check,72.65,291.41,No
CUST-00735,Male,0,No,Yes,45,Yes,No,No,No internet service,No internet service,No internet service,No internet service,No internet service,No internet service,Month-to-month,Yes,Electronic check,37.08,1649.24,No
CUST-00736,Female,0,No,No,8,Yes,No,DSL,No,No,No,No,Yes,Yes,Month-to-month,Yes,Bank transfer (automatic),34.81,140.54,No
CUST-00737,Female,1,No,No,8,Yes,No,Fiber optic,No,Yes,Yes,No,No,Yes,One year,No,Credit card (automatic),76.64,598.16,Yes
CUST-00738,Male,0,No,Yes,15,Yes,Yes,Fiber optic,No,No,No,Yes,No,No,Two year,Yes,Mailed check,63.0,925.64,No
CUST-00739,Female,1,No,No,55,Yes,Yes,Fiber optic,No,No,No,No,Yes,No,Month-to-month,Yes,Bank transfer (automatic),77.24,4280.92,Yes
CUST-00740,Female,1,No,No,9,No,No phone service,No,No internet service,No internet service,No internet service,No internet service,No internet service,No internet service,One year,No,Electronic check,27.76,293.18,No
CUST-00741,Female,0,No,Yes,1,Yes,No,Fiber optic,No,Yes,Yes,No,No,No,Month-to-month,No,Mailed check,74.48,99.73,Yes
CUST-00742,Female,0,Yes,No,0,Yes,No,DSL,No,No,No,Yes,Yes,No,Two year,No,Mailed check,67.11,18.0,No
CUST-00743,Female,0,No,No,1,Yes,No,Fiber optic,No,No,No,No,No,Yes,One year,No,Electronic check,96.21,119.33,Yes
CUST-00744,Male,0,Yes,No,66,Yes,Yes,DSL,No,No,Yes,Yes,No,No,Month-to-month,No,Electronic check,32.51,2123.86,No
CUST-00745,Female,0,Yes,No,1,Yes,No,Fiber optic,No,No,No,Yes,No,Yes,Two year,Yes,Bank transfer (automatic),69.4,75.22,No
CUST-00746,Male,0,Yes,No,2,Yes,No,Fiber optic,Yes,No,No,Yes,No,No,Two year,Yes,Mailed check,44.56,148.8,No
CUST-00747,Female,0,No,No,63,Yes,No,Fiber optic,No,Yes,Yes,No,No,Yes,One year,Yes,Mailed check,55.3,3497.56,Yes
CUST-00748,Male,0,No,Yes,46,No,No phone service,No,No internet service,No internet service,No internet service,No internet service,No internet service,No internet service,One year,Yes,Credit card (automatic),49.18,2366.3,No
CUST-00749,Male,1,Yes,Yes,6,Yes,No,Fiber optic,No,No,No,No,No,No,Month-to-month,Yes,Electronic check,67.87,456.51,No
CUST-00750,Male,0,Yes,Yes,72,Yes,Yes,Fiber optic,No,No,Yes,Yes,No,No,Month-to-month,No,Credit card (automatic),79.66,5691.85,No
CUST-00751,Female,0,Yes,Yes,39,Yes,Yes,No,No internet service,No internet service,No internet service,No internet service,No internet service,No internet service,Month-to-month,Yes,Credit card (automatic),42.93,1657.56,No
CUST-00752,Male,1,Yes,Yes,42,Yes,No,DSL,No,No,No,No,No,Yes,Two year,Yes,Bank transfer (automatic),73.26,3057.56,No
CUST-00753,Male,0,Yes,No,63,Yes,No,Fiber optic,No,No,Yes,No,No,Yes,One year,Yes,Mailed check,81.95,5149.66,No
CUST-00754,Female,0,No,No,37,Yes,Yes,Fiber optic,Yes,Yes,No,No,No,Yes,Two year,No,Mailed check,65.66,2444.74,No
CUST-00755,Female,0,Yes,Yes,49,No,No phone service,Fiber optic,No,No,Yes,No,No,No,Two year,Yes,Electronic check,95.92,4645.93,No
CUST-00756,Male,1,Yes,No,0,Yes,Yes,No,No internet service,No internet service,No internet service,No internet service,No internet service,No internet service,Month-to-month,Yes,Electronic check,39.65,18.0,No
CUST-00757,Female,0,Yes,Yes,12,Yes,No,No,No internet service,No internet service,No internet service,No internet service,No internet service,No internet service,One year,No,Electronic check,61.31,710.63,No
CUST-00758,Male,0,No,No,1,Yes,No,Fiber optic,No,Yes,Yes,No,No,Yes,One year,Yes,Electronic check,64.1,53.52,No
CUST-00759,Male,0,No,No,35,Yes,No,No,No internet service,No internet service,No internet service,No internet service,No internet service,No internet service,Two year,Yes,Electronic check,41.27,1524.62,No
CUST-00760,Female,0,Yes,No,72,Yes,Yes,DSL,Yes,No,No,No,Yes,No,Month-to-month,Yes,Bank transfer (automatic),45.24,3230.2,No
CUST-00761,Male,0,Yes,Yes,51,No,No phone service,Fiber optic,Yes,No,Yes,No,No,No,Month-to-month,Yes,Mailed check,60.37,3022.61,No
CUST-00762,Female,0,No,No,60,Yes,Yes,No,No internet service,No internet service,No internet service,No internet service,No internet service,No internet service,Month-to-month,No,Electronic check,49.74,3042.66,Yes
CUST-00763,Female,1,Yes,No,7,Yes,No,Fiber optic,Yes,Yes,No,No,No,No,Month-to-month,No,Electronic check,71.05,514.95,Yes
CUST-00764,Female,0,No,Yes,1,Yes,No,Fiber optic,No,No,No,Yes,Yes,No,Two year,No,Credit card (automatic),73.76,153.75,No
CUST-00765,Male,1,No,No,14,Yes,Yes,No,No internet service,No internet service,No internet service,No internet service,No internet service,No internet service,Month-to-month,Yes,Bank transfer (automatic),40.2,523.17,Yes
CUST-00766,Female,0,No,No,49,Yes,Yes,DSL,No,Yes,Yes,No,No,No,Two year,Yes,Electronic check,59.81,2931.29,No
CUST-00767,Female,1,No,Yes,17,Yes,Yes,Fiber optic,No,Yes,No,Yes,Yes,No,Two year,Yes,Electronic check,37.7,650.51,No
CUST-00768,Male,0,Yes,No,0,Yes,No,Fiber optic,No,No,No,Yes,No,Yes,Two year,No,Bank transfer (automatic),69.1,31.59,No
CUST-00769,Male,0,Yes,No,13,Yes,No,Fiber optic,Yes,Yes,No,Yes,No,No,Month-to-month,No,Credit card (automatic),64.89,901.65,No
CUST-00770,Male,0,Yes,No,46,Yes,No,No,No internet service,No internet service,No internet service,No internet service,No internet service,No internet service,Month-to-month,No,Credit card (automatic),18.0,795.54,No
CUST-00771,Female,0,Yes,No,46,Yes,Yes,Fiber optic,Yes,Yes,Yes,No,Yes,Yes,Two year,Yes,Bank transfer (automatic),91.63,4200.82,No
CUST-00772,Female,0,Yes,No,52,Yes,No,DSL,No,Yes,No,No,Yes,Yes,Month-to-month,Yes,Electronic check,57.78,2940.08,No
CUST-00773,Male,0,Yes,Yes,33,Yes,No,No,No internet service,No internet service,No internet service,No internet service,No internet service,No internet service,Month-to-month,Yes,Electronic check,52.19,1701.36,Yes
CUST-00774,Female,0,No,Yes,1,Yes,Yes,DSL,Yes,No,No,No,Yes,Yes,Month-to-month,No,Electronic check,44.66,225.99,No
CUST-00775,Female,0,Yes,No,31,Yes,Yes,Fiber optic,No,No,No,Yes,No,Yes,Month-to-month,Yes,Electronic check,80.88,2481.74,Yes
CUST-00776,Female,0,No,No,2,Yes,Yes,No,No internet service,No internet service,No internet service,No internet service,No internet service,No internet service,Two year,No,Credit card (automatic),46.38,71.71,No
CUST-00777,Male,0,Yes,No,40,Yes,No,No,No internet service,No internet service,No internet service,No internet service,No internet service,No internet service,Two year,No,Credit card (automatic),54.36,2236.18,No
CUST-00778,Male,0,Yes,Yes,24,Yes,No,Fiber optic,No,Yes,No,No,No,No,Two year,No,Mailed check,69.11,1700.19,No
CUST-00779,Male,0,Yes,No,27,Yes,No,No,No internet service,No internet service,No internet service,No internet service,No internet service,No internet service,Month-to-month,Yes,Electronic check,52.2,1374.97,Yes
CUST-00780,Female,0,No,No,1,Yes,No,Fiber optic,No,No,No,No,Yes,Yes,One year,Yes,Mailed check,73.27,90.39,No
CUST-00781,Female,1,No,No,50,Yes,Yes,DSL,No,No,Yes,No,Yes,No,Month-to-month,Yes,Electronic check,60.11,3088.34,No
CUST-00782,Female,0,No,No,72,Yes,No,Fiber optic,Yes,Yes,No,No,Yes,No,Month-to-month,Yes,Credit card (automatic),78.32,5738.52,Yes
CUST-00783,Male,0,Yes,Yes,1,Yes,No,Fiber optic,No,No,Yes,Yes,Yes,Yes,Month-to-month,Yes,Mailed check,54.93,99.0,No
CUST-00784,Male,0,Yes,Yes,17,Yes,Yes,No,No internet service,No internet service,No internet service,No internet service,No internet service,No internet service,Two year,No,Credit card (automatic),23.19,350.85,No
CUST-00785,Male,0,No,Yes,0,Yes,No,Fiber optic,No,No,No,Yes,No,No,Month-to-month,Yes,Electronic check,63.22,18.0,No
CUST-00786,Female,0,Yes,No,49,Yes,Yes,DSL,No,No,Yes,No,Yes,Yes,Two year,Yes,Electronic check,75.5,3686.2,No
CUST-00787,Male,1,Yes,No,39,No,No phone service,DSL,No,Yes,No,Yes,No,No,Month-to-month,No,Bank transfer (automatic),57.31,2317.33,No
CUST-00788,Female,0,Yes,No,34,Yes,No,Fiber optic,No,No,No,No,No,Yes,Month-to-month,Yes,Credit card (automatic),44.46,1464.28,No
CUST-00789,Female,0,Yes,No,37,Yes,No,No,No internet service,No internet service,No internet service,No internet service,No internet service,No internet service,Two year,Yes,Mailed check,40.61,1449.22,No
CUST-00790,Male,0,Yes,No,0,Yes,Yes,Fiber optic,No,No,No,Yes,No,No,Month-to-month,Yes,Mailed check,60.81,18.0,No
CUST-00791,Male,0,Yes,No,37,Yes,Yes,DSL,No,No,No,No,No,Yes,One year,Yes,Bank transfer (automatic),46.6,1652.1,No
CUST-00792,Male,0,No,No,0,Yes,No,DSL,No,No,Yes,No,No,No,Month-to-month,Yes,Electronic check,66.78,18.0,Yes
CUST-00793,Female,0,No,No,0,Yes,No,Fiber optic,Yes,Yes,Yes,No,Yes,No,Month-to-month,Yes,Electronic check,80.21,18.0,No
CUST-00794,Female,0,Yes,No,22,Yes,No,Fiber optic,No,No,Yes,Yes,No,No,Two year,Yes,Electronic check,86.67,1823.39,No
CUST-00795,Male,1,Yes,Yes,44,Yes,Yes,No,No internet service,No internet service,No internet service,No internet service,No internet service,No internet service,Month-to-month,Yes,Bank transfer (automatic),41.2,1770.88,Yes
CUST-00796,Male,0,No,Yes,15,Yes,No,No,No internet service,No internet service,No internet service,No internet service,No internet service,No internet service,Month-to-month,Yes,Bank transfer (automatic),50.77,770.21,No
CUST-00797,Female,1,Yes,Yes,72,No,No phone service,Fiber optic,Yes,Yes,No,No,Yes,No,Month-to-month,Yes,Electronic check,78.96,5707.59,No
CUST-00798,Male,0,No,No,1,Yes,Yes,Fiber optic,No,No,No,No,Yes,No,Month-to-month,Yes,Electronic check,65.93,18.47,Yes
CUST-00799,Male,0,Yes,No,1,Yes,Yes,DSL,Yes,Yes,No,Yes,No,No,Two year,Yes,Credit card (automatic),30.42,18.0,No
CUST-00800,Male,0,No,No,61,Yes,No,Fiber optic,No,No,No,No,No,Yes,Month-to-month,No,Bank transfer (automatic),58.31,3615.55,No
CUST-00801,Male,0,No,Yes,2,Yes,Yes,Fiber optic,No,No,Yes,Yes,No,Yes,Month-to-month,Yes,Mailed check,94.29,156.43,No
CUST-00802,Male,0,Yes,No,51,Yes,Yes,DSL,No,No,No,No,Yes,Yes,Month-to-month,Yes,Mailed check,66.22,3471.0,No
CUST-00803,Female,0,No,No,37,Yes,Yes,DSL,No,No,Yes,Yes,No,Yes,Month-to-month,Yes,Credit card (automatic),61.82,2295.26,No
CUST-00804,Female,0,No,No,72,Yes,No,No,No internet service,No internet service,No internet service,No internet service,No internet service,No internet service,Month-to-month,No,Electronic check,35.93,2486.41,No
CUST-00805,Female,0,No,No,0,Yes,No,Fiber optic,No,No,No,No,Yes,Yes,Two year,Yes,Electronic check,63.55,18.0,Yes
CUST-00806,Female,0,Yes,Yes,58,Yes,Yes,Fiber optic,No,No,Yes,No,Yes,No,Two year,No,Bank transfer (automatic),78.43,4543.91,No
CUST-00807,Female,1,Yes,Yes,9,Yes,No,Fiber optic,No,Yes,Yes,Yes,Yes,No,Month-to-month,Yes,Mailed check,82.0,770.52,No
CUST-00808,Male,1,Yes,No,26,Yes,Yes,Fiber optic,No,No,No,No,Yes,Yes,Two year,Yes,Electronic check,40.0,977.69,No
CUST-00809,Male,0,No,Yes,54,Yes,Yes,DSL,No,No,No,No,Yes,No,One year,Yes,Bank transfer (automatic),37.8,2030.83,No
CUST-00810,Female,1,Yes,No,42,Yes,Yes,No,No internet service,No internet service,No internet service,No internet service,No internet service,No internet service,Month-to-month,No,Electronic check,49.57,2036.59,No
CUST-00811,Male,0,Yes,No,3,Yes,No,DSL,No,Yes,No,Yes,Yes,No,Month-to-month,No,Mailed check,58.35,207.68,Yes
CUST-00812,Female,0,No,Yes,72,Yes,No,DSL,No,Yes,No,No,No,Yes,Month-to-month,No,Electronic check,28.55,1988.04,No
CUST-00813,Female,1,Yes,No,0,Yes,No,Fiber optic,No,No,No,No,No,No,Month-to-month,Yes,Credit card (automatic),60.15,18.0,Yes
CUST-00814,Male,0,No,Yes,63,No,No phone service,Fiber optic,No,Yes,No,No,Yes,No,Two year,Yes,Mailed check,85.31,5350.9,Yes
CUST-00815,Female,0,Yes,No,15,Yes,No,Fiber optic,Yes,No,No,No,No,No,Month-to-month,Yes,Credit card (automatic),69.62,1051.42,No
CUST-00816,Female,0,No,No,49,Yes,No,No,No internet service,No internet service,No internet service,No internet service,No internet service,No internet service,Month-to-month,Yes,Bank transfer (automatic),31.77,1536.5,No
CUST-00817,Male,0,Yes,No,37,Yes,No,DSL,No,No,No,No,Yes,No,Two year,Yes,Credit card (automatic),55.26,1983.46,No
CUST-00818,Male,0,Yes,Yes,49,Yes,No,DSL,No,No,No,Yes,Yes,No,Month-to-month,No,Electronic check,70.5,3436.23,Yes
CUST-00819,Female,0,No,No,0,Yes,No,DSL,No,No,No,No,Yes,No,Month-to-month,Yes,Credit card (automatic),62.54,18.0,Yes
CUST-00820,Female,0,Yes,No,72,Yes,No,DSL,No,No,Yes,No,No,No,Month-to-month,No,Mailed check,44.68,3159.0,No
CUST-00821,Male,0,Yes,No,1,No,No phone service,No,No internet service,No internet service,No internet service,No internet service,No internet service,No internet service,Two year,No,Electronic check,52.38,41.66,Yes
CUST-00822,Female,0,Yes,No,0,Yes,Yes,Fiber optic,No,Yes,No,No,No,Yes,One year,Yes,Mailed check,65.22,18.0,No
CUST-00823,Male,0,No,No,9,Yes,No,DSL,Yes,Yes,Yes,Yes,Yes,Yes,Month-to-month,No,Credit card (automatic),35.06,355.5,No
CUST-00824,Female,1,Yes,No,55,Yes,No,Fiber optic,Yes,No,No,No,No,Yes,Two year,Yes,Bank transfer (automatic),82.35,4538.41,No
CUST-00825,Female,0,Yes,No,13,No,No phone service,Fiber optic,Yes,No,No,Yes,Yes,Yes,Month-to-month,Yes,Bank transfer (automatic),72.4,1032.97,Yes
CUST-00826,Male,1,Yes,No,29,Yes,No,No,No internet service,No internet service,No internet service,No internet service,No internet service,No internet service,Month-to-month,Yes,Electronic check,31.34,1009.76,Yes
CUST-00827,Female,0,Yes,No,23,Yes,No,Fiber optic,No,Yes,Yes,No,No,Yes,One year,Yes,Credit card (automatic),82.04,1825.74,No
CUST-00828,Female,0,No,No,2,Yes,Yes,Fiber optic,No,Yes,No,No,No,No,Month-to-month,No,Bank transfer (automatic),36.44,103.67,No
CUST-00829,Female,0,Yes,Yes,47,No,No phone service,DSL,No,No,No,No,No,No,Month-to-month,Yes,Mailed check,57.65,2713.83,No
CUST-00830,Male,0,No,No,56,Yes,Yes,No,No internet service,No internet service,No internet service,No internet service,No internet service,No internet service,One year,No,Credit card (automatic),77.75,4403.63,No
CUST-00831,Male,0,No,Yes,41,Yes,Yes,No,No internet service,No internet service,No internet service,No internet service,No internet service,No internet service,Two year,Yes,Mailed check,75.1,3057.48,No
CUST-00832,Male,0,No,Yes,0,Yes,No,Fiber optic,No,Yes,No,No,No,Yes,Month-to-month,Yes,Mailed check,62.23,18.0,No
CUST-00833,Male,1,No,No,7,Yes,No,Fiber optic,No,No,No,Yes,Yes,Yes,Two year,Yes,Credit card (automatic),104.87,724.38,No
CUST-00834,Male,0,Yes,Yes,2,Yes,Yes,Fiber optic,Yes,No,Yes,No,No,Yes,Month-to-month,No,Electronic check,63.21,132.81,Yes
CUST-00835,Female,1,No,Yes,0,Yes,No,Fiber optic,No,No,No,No,No,Yes,Two year,No,Electronic check,65.36,18.0,Yes
CUST-00836,Female,0,No,No,68,Yes,Yes,Fiber optic,Yes,Yes,No,No,No,Yes,One year,Yes,Bank transfer (automatic),78.42,5355.55,Yes
CUST-00837,Female,0,No,No,4,Yes,No,Fiber optic,No,Yes,No,No,No,Yes,Month-to-month,Yes,Mailed check,52.66,177.65,No
CUST-00838,Male,0,Yes,Yes,58,Yes,No,No,No internet service,No internet service,No internet service,No internet service,No internet service,No internet service,Month-to-month,No,Electronic check,57.07,3228.68,Yes
CUST-00839,Male,0,Yes,No,0,Yes,Yes,Fiber optic,Yes,No,No,Yes,Yes,No,One year,Yes,Electronic check,68.78,18.0,No
CUST-00840,Female,0,No,Yes,61,Yes,No,DSL,Yes,No,No,No,Yes,No,Two year,No,Mailed check,59.52,3600.76,No
CUST-00841,Male,0,Yes,No,72,Yes,No,Fiber optic,No,Yes,No,Yes,Yes,Yes,Month-to-month,Yes,Credit card (automatic),69.06,5080.26,No
CUST-00842,Female,1,No,No,1,Yes,No,Fiber optic,Yes,No,No,Yes,No,Yes,Month-to-month,Yes,Credit card (automatic),41.5,36.45,No
CUST-00843,Female,0,Yes,Yes,20,Yes,Yes,DSL,No,No,No,Yes,Yes,Yes,Month-to-month,No,Bank transfer (automatic),43.32,902.66,No
CUST-00844,Male,0,No,No,25,Yes,Yes,Fiber optic,Yes,Yes,Yes,No,Yes,No,Month-to-month,Yes,Electronic check,62.68,1555.54,No
CUST-00845,Male,0,Yes,No,72,Yes,No,DSL,Yes,Yes,No,No,No,Yes,Month-to-month,Yes,Bank transfer (automatic),53.91,3819.58,No
CUST-00846,Male,0,Yes,No,57,No,No phone service,Fiber optic,No,No,No,No,No,No,Two year,Yes,Electronic check,72.07,4054.0,No
CUST-00847,Male,0,Yes,No,10,No,No phone service,DSL,No,Yes,No,No,No,No,One year,Yes,Electronic check,66.25,675.65,No
CUST-00848,Male,0,No,No,22,Yes,Yes,Fiber optic,No,Yes,No,Yes,Yes,Yes,Two year,Yes,Electronic check,63.76,1441.89,No
CUST-00849,Female,0,No,No,10,Yes,No,No,No internet service,No internet service,No internet service,No internet service,No internet service,No internet service,Two year,No,Electronic check,38.9,419.58,No
CUST-00850,Female,0,No,No,1,Yes,No,DSL,No,Yes,Yes,No,No,No,Two year,No,Electronic check,64.99,76.18,No
CUST-00851,Female,0,No,No,52,No,No phone service,DSL,Yes,No,Yes,No,No,No,Month-to-month,Yes,Mailed check,51.86,2723.31,No
CUST-00852,Female,0,No,No,47,Yes,No,Fiber optic,Yes,No,Yes,No,No,Yes,Month-to-month,Yes,Electronic check,67.23,3181.41,No
CUST-00853,Female,0,No,Yes,67,Yes,No,Fiber optic,No,Yes,No,No,No,Yes,Month-to-month,Yes,Credit card (automatic),57.76,3886.29,No
CUST-00854,Male,0,No,No,0,Yes,Yes,No,No internet service,No internet service,No internet service,No internet service,No internet service,No internet service,One year,No,Credit card (automatic),39.9,24.07,No
CUST-00855,Male,0,No,No,2,Yes,No,Fiber optic,No,Yes,No,Yes,No,Yes,Two year,No,Electronic check,85.3,182.76,No
CUST-00856,Female,0,No,No,32,Yes,No,No,No internet service,No internet service,No internet service,No internet service,No internet service,No internet service,Two year,Yes,Mailed check,30.23,940.48,No
CUST-00857,Male,1,Yes,No,72,Yes,Yes,DSL,No,Yes,No,Yes,No,Yes,Month-to-month,Yes,Mailed check,63.56,4576.14,No
CUST-00858,Male,0,No,No,1,Yes,No,DSL,No,No,Yes,No,No,Yes,One year,No,Mailed check,93.89,199.63,No
CUST-00859,Female,0,Yes,Yes,5,Yes,No,No,No internet service,No internet service,No internet service,No internet service,No internet service,No internet service,Two year,No,Mailed check,37.68,209.67,No
CUST-00860,Female,0,Yes,Yes,38,Yes,No,DSL,No,Yes,No,No,No,Yes,Two year,No,Electronic check,50.22,1965.5,No
CUST-00861,Female,0,No,No,5,Yes,No,Fiber optic,No,Yes,No,No,Yes,No,Month-to-month,Yes,Bank transfer (automatic),60.95,280.15,Yes
CUST-00862,Female,0,No,No,39,Yes,No,Fiber optic,Yes,No,No,No,Yes,No,Month-to-month,Yes,Mailed check,86.66,3370.99,No
CUST-00863,Male,1,Yes,No,42,Yes,No,No,No internet service,No internet service,No internet service,No internet service,No internet service,No internet service,Month-to-month,No,Mailed check,40.59,1654.5,No
CUST-00864,Female,1,Yes,No,72,Yes,Yes,Fiber optic,No,Yes,No,No,Yes,No,Month-to-month,Yes,Credit card (automatic),66.13,4728.44,Yes
CUST-00865,Female,0,No,No,72,No,No phone service,No,No internet service,No internet service,No internet service,No internet service,No internet service,No internet service,Two year,No,Credit card (automatic),22.17,1628.31,No
CUST-00866,Female,0,Yes,No,48,Yes,Yes,Fiber optic,No,No,No,No,No,No,Two year,No,Mailed check,59.32,2789.98,No
CUST-00867,Female,0,Yes,No,8,Yes,Yes,DSL,No,Yes,Yes,No,No,No,Two year,No,Mailed check,35.02,369.77,Yes
CUST-00868,Female,0,No,Yes,41,Yes,No,DSL,No,No,No,No,No,Yes,Month-to-month,Yes,Mailed check,44.28,1823.29,Yes
CUST-00869,Male,0,No,No,58,Yes,No,Fiber optic,No,Yes,No,No,No,No,Month-to-month,Yes,Mailed check,86.79,5119.65,No
CUST-00870,Male,0,No,No,11,Yes,Yes,DSL,No,No,No,Yes,No,Yes,Two year,Yes,Credit card (automatic),39.85,499.9,No
CUST-00871,Male,0,No,No,9,No,No phone service,DSL,Yes,Yes,No,Yes,No,Yes,Month-to-month,Yes,Mailed check,52.32,480.56,No
CUST-00872,Male,0,Yes,Yes,9,Yes,No,Fiber optic,Yes,Yes,No,No,No,No,Month-to-month,No,Credit card (automatic),77.72,654.1,Yes
CUST-00873,Male,0,Yes,No,0,Yes,No,Fiber optic,No,No,Yes,No,Yes,Yes,Month-to-month,Yes,Credit card (automatic),79.09,18.0,No
CUST-00874,Male,0,No,No,48,Yes,No,Fiber optic,No,No,No,No,No,Yes,One year,No,Electronic check,81.81,3925.59,No
CUST-00875,Female,0,No,No,71,Yes,Yes,No,No internet service,No internet service,No internet service,No internet service,No internet service,No internet service,Two year,Yes,Mailed check,70.49,4998.15,No
CUST-00876,Female,0,Yes,No,21,Yes,Yes,DSL,Yes,Yes,No,Yes,No,Yes,Two year,Yes,Mailed check,62.57,1324.28,No
CUST-00877,Female,0,Yes,No,23,Yes,Yes,No,No internet service,No internet service,No internet service,No internet service,No internet service,No internet service,Month-to-month,Yes,Electronic check,26.3,700.84,Yes
CUST-00878,Female,0,Yes,No,51,Yes,No,Fiber optic,No,No,No,Yes,Yes,No,Month-to-month,No,Electronic check,94.0,4768.12,Yes
CUST-00879,Female,0,Yes,No,35,Yes,No,No,No internet service,No internet service,No internet service,No internet service,No internet service,No internet service,Month-to-month,Yes,Mailed check,39.86,1345.86,No
CUST-00880,Female,0,Yes,Yes,4,Yes,No,Fiber optic,No,Yes,No,Yes,No,No,Month-to-month,Yes,Credit card (automatic),43.41,197.04,Yes
CUST-00881,Male,0,Yes,No,63,Yes,No,DSL,Yes,No,No,No,No,Yes,Two year,Yes,Credit card (automatic),38.07,2414.14,No
CUST-00882,Female,0,No,Yes,66,Yes,No,Fiber optic,No,No,Yes,Yes,Yes,No,Month-to-month,Yes,Mailed check,70.26,4587.38,Yes
CUST-00883,Male,0,Yes,Yes,67,Yes,No,No,No internet service,No internet service,No internet service,No internet service,No internet service,No internet service,One year,Yes,Electronic check,55.09,3744.97,Yes
CUST-00884,Male,0,No,No,45,Yes,Yes,Fiber optic,No,No,No,Yes,No,No,One year,No,Credit card (automatic),67.07,2930.51,Yes
CUST-00885,Female,1,No,Yes,44,Yes,Yes,No,No internet service,No internet service,No internet service,No internet service,No internet service,No internet service,Month-to-month,Yes,Bank transfer (automatic),48.98,2206.06,No
CUST-00886,Female,0,No,No,63,Yes,Yes,DSL,Yes,Yes,Yes,No,No,Yes,Month-to-month,Yes,Credit card (automatic),47.22,3033.09,No
CUST-00887,Male,1,No,No,2,Yes,No,No,No internet service,No internet service,No internet service,No internet service,No internet service,No internet service,Month-to-month,No,Electronic check,72.82,249.02,No
CUST-00888,Male,0,Yes,No,44,Yes,No,No,No internet service,No internet service,No internet service,No internet service,No internet service,No internet service,Month-to-month,Yes,Credit card (automatic),34.39,1496.31,No
CUST-00889,Male,0,Yes,Yes,72,Yes,No,No,No internet service,No internet service,No internet service,No internet service,No internet service,No internet service,Month-to-month,Yes,Electronic check,65.66,4732.68,No
CUST-00890,Male,0,No,No,8,Yes,No,Fiber optic,No,Yes,No,No,No,No,Month-to-month,Yes,Credit card (automatic),62.86,510.61,Yes
CUST-00891,Male,0,Yes,No,1,Yes,No,No,No internet service,No internet service,No internet service,No internet service,No internet service,No internet service,Month-to-month,Yes,Credit card (automatic),51.04,20.64,No
CUST-00892,Female,0,Yes,No,47,Yes,No,Fiber optic,No,Yes,No,Yes,No,Yes,One year,Yes,Bank transfer (automatic),30.76,1455.21,No
CUST-00893,Female,0,Yes,No,47,Yes,No,Fiber optic,No,No,Yes,No,No,No,Month-to-month,No,Mailed check,87.61,4136.45,Yes
CUST-00894,Female,0,No,No,66,Yes,Yes,No,No internet service,No internet service,No internet service,No internet service,No internet service,No internet service,Two year,No,Bank transfer (automatic),30.52,2032.17,No
CUST-00895,Female,0,Yes,No,12,Yes,Yes,DSL,Yes,No,Yes,No,No,No,Month-to-month,Yes,Bank transfer (automatic),64.93,823.02,No
CUST-00896,Female,0,No,Yes,56,Yes,No,No,No internet service,No internet service,No internet service,No internet service,No internet service,No internet service,Month-to-month,No,Credit card (automatic),35.29,2011.42,No
CUST-00897,Female,0,Yes,No,9,Yes,Yes,Fiber optic,No,No,No,No,No,No,Month-to-month,Yes,Electronic check,53.51,477.59,Yes
CUST-00898,Male,0,No,No,54,Yes,No,DSL,No,No,Yes,Yes,Yes,Yes,Month-to-month,No,Electronic check,61.03,3219.46,No
CUST-00899,Male,0,Yes,No,71,Yes,No,Fiber optic,No,No,No,Yes,Yes,Yes,Month-to-month,Yes,Mailed check,55.5,4020.13,Yes
CUST-00900,Female,0,No,No,33,Yes,No,Fiber optic,Yes,No,No,No,No,No,Month-to-month,Yes,Mailed check,67.38,2165.0,Yes
CUST-00901,Male,0,No,No,0,Yes,Yes,DSL,No,Yes,Yes,No,No,No,Month-to-month,Yes,Electronic check,45.89,18.0,No
CUST-00902,Male,0,Yes,No,51,Yes,Yes,Fiber optic,Yes,No,Yes,No,No,No,Month-to-month,Yes,Mailed check,44.41,2192.51,No
CUST-00903,Male,0,Yes,No,51,Yes,No,Fiber optic,No,Yes,Yes,No,No,No,Month-to-month,Yes,Credit card (automatic),52.12,2633.81,Yes
CUST-00904,Female,0,No,No,51,Yes,No,Fiber optic,No,No,No,Yes,Yes,No,One year,Yes,Bank transfer (automatic),30.82,1579.3,No
CUST-00905,Male,0,No,No,32,Yes,Yes,DSL,No,Yes,Yes,Yes,No,Yes,Month-to-month,Yes,Mailed check,40.38,1305.15,No
CUST-00906,Female,0,Yes,Yes,9,No,No phone service,DSL,Yes,No,No,No,No,No,Month-to-month,Yes,Mailed check,77.86,646.47,No
CUST-00907,Male,0,Yes,No,65,No,No phone service,DSL,No,No,Yes,No,Yes,No,Month-to-month,Yes,Mailed check,70.96,4690.91,No
CUST-00908,Male,0,Yes,No,23,Yes,Yes,DSL,No,No,No,Yes,Yes,Yes,One year,Yes,Electronic check,83.33,1893.29,No
CUST-00909,Male,0,Yes,No,64,No,No phone service,Fiber optic,Yes,No,Yes,No,No,No,One year,No,Electronic check,87.03,5625.01,No
CUST-00910,Male,1,Yes,No,53,Yes,No,Fiber optic,No,Yes,No,Yes,No,Yes,Month-to-month,No,Bank transfer (automatic),83.4,4398.24,No
CUST-00911,Female,0,Yes,No,0,Yes,No,Fiber optic,Yes,No,Yes,Yes,Yes,No,Month-to-month,Yes,Credit card (automatic),95.07,18.0,Yes
CUST-00912,Male,0,Yes,No,23,Yes,No,Fiber optic,No,No,No,No,No,No,Month-to-month,No,Mailed check,68.71,1686.43,No
CUST-00913,Male,0,No,No,43,Yes,No,DSL,No,No,No,No,No,No,One year,Yes,Credit card (automatic),84.21,3628.56,No
CUST-00914,Female,0,No,Yes,2,Yes,No,No,No internet service,No internet service,No internet service,No internet service,No internet service,No internet service,Month-to-month,No,Electronic check,46.16,18.0,No
CUST-00915,Female,0,No,No,50,Yes,Yes,Fiber optic,No,No,Yes,No,Yes,No,Month-to-month,Yes,Electronic check,76.78,3843.63,No
CUST-00916,Male,0,No,Yes,4,Yes,No,DSL,No,No,No,Yes,No,No,Two year,Yes,Mailed check,55.43,218.11,No
CUST-00917,Female,0,No,No,61,Yes,No,Fiber optic,Yes,No,Yes,Yes,Yes,Yes,Two year,Yes,Electronic check,88.58,5381.1,No
CUST-00918,Female,0,Yes,No,0,Yes,Yes,Fiber optic,No,Yes,Yes,No,No,Yes,One year,Yes,Electronic check,99.39,18.0,No
CUST-00919,Male,0,No,Yes,57,Yes,Yes,Fiber optic,Yes,Yes,No,Yes,Yes,No,Two year,No,Mailed check,43.27,2432.22,No
CUST-00920,Female,0,Yes,Yes,62,Yes,No,Fiber optic,No,No,No,No,Yes,No,Two year,Yes,Electronic check,80.49,5075.29,No
CUST-00921,Female,1,No,No,2,No,No phone service,Fiber optic,Yes,Yes,Yes,Yes,No,Yes,Month-to-month,Yes,Electronic check,68.64,107.09,No
CUST-00922,Female,1,No,Yes,29,Yes,Yes,Fiber optic,Yes,No,No,No,No,Yes,Month-to-month,No,Electronic check,75.62,2206.45,Yes
CUST-00923,Male,0,No,No,46,Yes,Yes,Fiber optic,No,No,No,Yes,Yes,No,One year,Yes,Mailed check,75.25,3432.46,No
CUST-00924,Male,0,Yes,No,0,Yes,No,Fiber optic,Yes,No,Yes,Yes,No,No,Two year,Yes,Credit card (automatic),79.94,18.0,No
CUST-00925,Male,0,No,Yes,43,No,No phone service,Fiber optic,No,No,Yes,No,No,No,One year,Yes,Bank transfer (automatic),55.94,2377.98,No
CUST-00926,Female,0,Yes,No,49,Yes,Yes,DSL,No,No,No,No,No,No,Two year,No,Bank transfer (automatic),28.24,1424.43,No
CUST-00927,Female,0,Yes,No,2,Yes,No,DSL,No,Yes,No,Yes,No,No,Two year,No,Electronic check,53.79,160.52,No
CUST-00928,Male,0,Yes,Yes,8,Yes,No,Fiber optic,No,No,Yes,No,No,Yes,Two year,No,Bank transfer (automatic),54.44,413.45,No
CUST-00929,Male,1,Yes,No,57,Yes,Yes,Fiber optic,Yes,Yes,Yes,No,No,Yes,One year,No,Bank transfer (automatic),84.8,4810.68,No
CUST-00930,Female,1,No,No,57,Yes,No,Fiber optic,No,Yes,No,No,Yes,No,One year,No,Electronic check,84.04,4903.5,Yes
CUST-00931,Female,0,Yes,No,51,Yes,No,Fiber optic,No,Yes,No,No,No,No,One year,Yes,Bank transfer (automatic),74.6,3829.61,No
CUST-00932,Female,0,Yes,Yes,5,Yes,Yes,DSL,Yes,No,No,No,Yes,No,Month-to-month,No,Mailed check,66.27,383.97,Yes
CUST-00933,Male,0,No,No,4,Yes,No,Fiber optic,Yes,No,Yes,No,Yes,No,Month-to-month,Yes,Credit card (automatic),55.65,255.47,Yes
CUST-00934,Female,0,No,No,29,Yes,No,Fiber optic,No,Yes,Yes,No,No,No,Month-to-month,Yes,Electronic check,99.05,2948.1,No
CUST-00935,Male,0,Yes,No,34,Yes,No,Fiber optic,No,No,No,No,No,No,Month-to-month,Yes,Electronic check,81.93,2783.3,Yes
CUST-00936,Female,0,No,No,0,Yes,Yes,Fiber optic,Yes,No,Yes,Yes,Yes,No,One year,Yes,Bank transfer (automatic),82.45,18.0,No
CUST-00937,Male,0,No,No,44,Yes,No,Fiber optic,No,No,Yes,No,No,Yes,Month-to-month,Yes,Bank transfer (automatic),80.9,3543.78,No
CUST-00938,Male,0,Yes,No,52,Yes,Yes,Fiber optic,Yes,No,Yes,No,No,No,Month-to-month,Yes,Electronic check,54.45,2770.97,No
CUST-00939,Male,0,No,Yes,9,No,No phone service,No,No internet service,No internet service,No internet service,No internet service,No internet service,No internet service,One year,No,Mailed check,25.68,211.26,No
CUST-00940,Female,0,No,No,58,Yes,No,Fiber optic,No,No,Yes,No,No,No,One year,Yes,Credit card (automatic),81.14,4602.85,Yes
CUST-00941,Female,0,Yes,No,11,Yes,No,No,No internet service,No internet service,No internet service,No internet service,No internet service,No internet service,Month-to-month,Yes,Electronic check,37.75,373.15,Yes
CUST-00942,Male,1,No,No,2,Yes,No,No,No internet service,No internet service,No internet service,No internet service,No internet service,No internet service,Two year,No,Bank transfer (automatic),23.97,69.06,No
CUST-00943,Female,0,Yes,No,54,Yes,Yes,DSL,No,No,No,No,Yes,No,Month-to-month,No,Electronic check,19.18,1102.08,No
CUST-00944,Male,0,No,No,4,Yes,No,No,No internet service,No internet service,No internet service,No internet service,No internet service,No internet service,Month-to-month,Yes,Credit card (automatic),61.03,186.31,No
CUST-00945,Male,0,Yes,Yes,3,Yes,Yes,Fiber optic,No,No,Yes,Yes,No,Yes,Two year,Yes,Mailed check,82.55,286.63,No
CUST-00946,Male,0,Yes,No,7,Yes,No,No,No internet service,No internet service,No internet service,No internet service,No internet service,No internet service,Two year,Yes,Electronic check,78.37,536.17,No
CUST-00947,Female,1,No,No,3,No,No phone service,No,No internet service,No internet service,No internet service,No internet service,No internet service,No internet service,One year,No,Electronic check,48.29,138.27,No
CUST-00948,Male,0,No,No,20,Yes,No,Fiber optic,No,Yes,No,Yes,Yes,Yes,Month-to-month,Yes,Credit card (automatic),68.95,1429.36,No
CUST-00949,Female,1,Yes,No,37,Yes,Yes,Fiber optic,No,No,No,Yes,Yes,Yes,Month-to-month,Yes,Mailed check,33.36,1261.45,Yes
CUST-00950,Male,0,Yes,Yes,10,Yes,No,Fiber optic,No,No,Yes,Yes,Yes,No,Month-to-month,Yes,Credit card (automatic),90.64,842.95,No
CUST-00951,Male,0,Yes,No,0,Yes,Yes,Fiber optic,No,No,No,No,No,Yes,Two year,Yes,Mailed check,65.54,18.0,No
CUST-00952,Male,0,No,No,4,Yes,Yes,Fiber optic,No,No,No,Yes,No,No,Month-to-month,Yes,Mailed check,69.36,257.98,No
CUST-00953,Female,0,Yes,No,15,Yes,Yes,Fiber optic,Yes,No,Yes,No,Yes,Yes,Two year,Yes,Electronic check,60.65,950.19,No
CUST-00954,Male,0,Yes,No,52,Yes,Yes,Fiber optic,No,Yes,No,No,No,No,Month-to-month,Yes,Credit card (automatic),63.88,3372.93,Yes
CUST-00955,Female,0,No,No,44,Yes,No,Fiber optic,No,No,No,No,No,No,Month-to-month,No,Bank transfer (automatic),78.08,3467.84,Yes
CUST-00956,Female,0,Yes,Yes,66,Yes,Yes,No,No internet service,No internet service,No internet service,No internet service,No internet service,No internet service,Month-to-month,No,Electronic check,39.75,2618.46,No
CUST-00957,Male,0,Yes,No,2,Yes,No,Fiber optic,Yes,No,Yes,No,Yes,No,Month-to-month,Yes,Electronic check,45.17,43.04,No
CUST-00958,Female,1,No,No,0,Yes,Yes,Fiber optic,No,No,No,Yes,No,Yes,Two year,No,Mailed check,80.15,18.0,Yes
CUST-00959,Female,0,Yes,No,21,Yes,No,No,No internet service,No internet service,No internet service,No internet service,No internet service,No internet service,One year,No,Bank transfer (automatic),52.06,1092.22,No
CUST-00960,Male,0,No,Yes,2,Yes,Yes,No,No internet service,No internet service,No internet service,No internet service,No internet service,No internet service,Month-to-month,No,Bank transfer (automatic),40.77,96.71,No
CUST-00961,Male,0,No,No,50,No,No phone service,Fiber optic,No,No,Yes,Yes,No,No,Month-to-month,No,Electronic check,94.02,4687.85,No
CUST-00962,Male,0,Yes,No,15,Yes,No,DSL,No,Yes,Yes,No,Yes,Yes,Month-to-month,Yes,Bank transfer (automatic),50.32,819.81,No
CUST-00963,Female,1,No,No,52,Yes,Yes,Fiber optic,No,Yes,No,No,Yes,Yes,Month-to-month,Yes,Credit card (automatic),73.0,3838.42,No
CUST-00964,Male,0,No,No,27,Yes,Yes,Fiber optic,Yes,No,No,No,Yes,No,Month-to-month,No,Bank transfer (automatic),37.95,1113.63,Yes
CUST-00965,Female,0,No,No,31,Yes,No,DSL,No,No,No,Yes,Yes,Yes,Month-to-month,No,Mailed check,40.31,1191.2,Yes
CUST-00966,Female,0,No,No,55,Yes,Yes,No,No internet service,No internet service,No internet service,No internet service,No internet service,No internet service,Month-to-month,No,Bank transfer (automatic),51.17,2856.26,Yes
CUST-00967,Female,0,Yes,No,2,No,No phone service,DSL,Yes,Yes,No,Yes,No,No,Two year,No,Mailed check,52.46,164.34,No
CUST-00968,Male,0,Yes,No,19,Yes,Yes,DSL,No,No,No,Yes,No,No,One year,No,Electronic check,65.74,1205.6,No
CUST-00969,Female,0,No,No,12,No,No phone service,Fiber optic,No,Yes,No,No,Yes,No,Two year,Yes,Mailed check,33.5,418.52,No
CUST-00970,Male,1,Yes,Yes,3,Yes,Yes,Fiber optic,No,Yes,No,Yes,No,No,Month-to-month,Yes,Bank transfer (automatic),71.52,216.95,No
CUST-00971,Male,1,Yes,No,57,Yes,No,Fiber optic,No,No,No,Yes,Yes,No,Month-to-month,No,Bank transfer (automatic),73.42,4177.65,Yes
CUST-00972,Male,0,No,No,34,Yes,Yes,Fiber optic,Yes,No,No,No,Yes,No,Month-to-month,Yes,Mailed check,88.99,2973.97,Yes
CUST-00973,Male,0,Yes,Yes,5,Yes,No,No,No internet service,No internet service,No internet service,No internet service,No internet service,No internet service,Month-to-month,No,Bank transfer (automatic),43.2,197.84,No
CUST-00974,Male,0,No,No,72,Yes,Yes,DSL,No,No,No,No,No,No,Month-to-month,Yes,Credit card (automatic),63.4,4531.71,No
CUST-00975,Male,0,No,Yes,46,Yes,No,No,No internet service,No internet service,No internet service,No internet service,No internet service,No internet service,Two year,No,Electronic check,53.8,2521.8,No
CUST-00976,Male,0,No,No,10,Yes,Yes,Fiber optic,No,Yes,No,No,Yes,Yes,Month-to-month,No,Credit card (automatic),88.76,962.23,Yes
CUST-00977,Male,1,Yes,No,46,Yes,Yes,Fiber optic,No,Yes,Yes,No,Yes,No,Month-to-month,Yes,Mailed check,76.5,3473.49,No
CUST-00978,Female,0,Yes,Yes,0,Yes,Yes,No,No internet service,No internet service,No internet service,No internet service,No internet service,No internet service,Month-to-month,Yes,Mailed check,45.27,39.94,No
CUST-00979,Male,0,No,Yes,27,Yes,Yes,No,No internet service,No internet service,No internet service,No internet service,No internet service,No internet service,Month-to-month,No,Bank transfer (automatic),42.14,1144.61,Yes
CUST-00980,Female,0,Yes,Yes,72,No,No phone service,Fiber optic,No,Yes,No,No,Yes,No,Month-to-month,No,Credit card (automatic),86.01,6210.57,No
CUST-00981,Female,0,No,Yes,4,Yes,No,Fiber optic,No,Yes,No,No,No,Yes,One year,Yes,Electronic check,55.47,203.24,No
CUST-00982,Female,0,No,Yes,72,No,No phone service,DSL,No,No,Yes,No,Yes,No,Two year,Yes,Credit card (automatic),47.56,3388.21,No
CUST-00983,Female,0,Yes,No,2,Yes,No,Fiber optic,No,Yes,No,No,Yes,No,Month-to-month,Yes,Credit card (automatic),76.33,226.79,Yes
CUST-00984,Female,0,Yes,No,20,Yes,Yes,Fiber optic,No,Yes,No,No,Yes,No,One year,Yes,Electronic check,83.38,1643.98,Yes
CUST-00985,Female,0,No,No,5,Yes,No,Fiber optic,Yes,No,No,No,No,Yes,Month-to-month,Yes,Credit card (automatic),89.31,489.0,Yes
CUST-00986,Female,0,Yes,Yes,54,Yes,No,No,No internet service,No internet service,No internet service,No internet service,No internet service,No internet service,Month-to-month,Yes,Credit card (automatic),69.96,3815.55,No
CUST-00987,Female,0,No,Yes,5,Yes,Yes,Fiber optic,No,No,No,No,No,Yes,Two year,Yes,Bank transfer (automatic),70.95,348.32,No
CUST-00988,Male,0,No,Yes,48,Yes,No,Fiber optic,No,No,No,No,No,No,Month-to-month,Yes,Electronic check,84.71,4097.56,Yes
CUST-00989,Male,0,Yes,Yes,0,Yes,Yes,Fiber optic,Yes,Yes,No,No,Yes,Yes,One year,Yes,Electronic check,101.66,18.0,No
CUST-00990,Female,0,No,No,3,Yes,No,Fiber optic,No,No,No,No,No,No,Two year,No,Bank transfer (automatic),82.85,271.94,No
CUST-00991,Male,1,Yes,Yes,37,Yes,No,No,No internet service,No internet service,No internet service,No internet service,No internet service,No internet service,Two year,Yes,Electronic check,69.45,2483.83,No
CUST-00992,Female,0,Yes,No,5,Yes,No,No,No internet service,No internet service,No internet service,No internet service,No internet service,No internet service,Month-to-month,No,Electronic check,59.69,271.77,No
CUST-00993,Male,0,No,No,47,Yes,No,DSL,No,Yes,No,No,No,Yes,Two year,No,Mailed check,42.53,2002.9,No
CUST-00994,Male,0,No,Yes,4,Yes,Yes,No,No internet service,No internet service,No internet service,No internet service,No internet service,No internet service,Month-to-month,Yes,Mailed check,41.64,90.01,No
CUST-00995,Female,0,No,Yes,39,No,No phone service,No,No internet service,No internet service,No internet service,No internet service,No internet service,No internet service,Month-to-month,No,Electronic check,21.12,767.14,Yes
CUST-00996,Female,0,No,No,45,Yes,No,DSL,No,Yes,No,No,No,No,One year,Yes,Bank transfer (automatic),51.84,2255.87,No
CUST-00997,Female,0,No,No,0,Yes,No,Fiber optic,No,No,Yes,No,No,No,Month-to-month,No,Mailed check,64.94,29.37,No
CUST-00998,Male,0,Yes,Yes,46,Yes,No,Fiber optic,No,Yes,No,No,Yes,No,One year,Yes,Mailed check,62.53,2811.87,No
CUST-00999,Female,0,Yes,No,5,Yes,Yes,Fiber optic,No,No,No,No,Yes,No,Two year,No,Electronic check,65.16,272.14,Yes
CUST-01000,Female,0,Yes,No,8,No,No phone service,No,No internet service,No internet service,No internet service,No internet service,No internet service,No internet service,Two year,No,Credit card (automatic),32.33,233.57,No
CUST-01001,Female,0,Yes,No,59,Yes,No,No,No internet service,No internet service,No internet service,No internet service,No internet service,No internet service,Month-to-month,Yes,Electronic check,27.3,1651.58,No
CUST-01002,Female,1,Yes,No,39,Yes,No,DSL,No,Yes,No,No,No,No,Month-to-month,No,Credit card (automatic),78.11,2904.63,No
CUST-01003,Female,0,No,No,9,No,No phone service,DSL,Yes,No,No,No,No,Yes,One year,No,Electronic check,48.52,413.77,No
CUST-01004,Female,0,Yes,No,45,Yes,No,DSL,No,No,Yes,No,Yes,No,One year,Yes,Bank transfer (automatic),50.53,2328.06,No
CUST-01005,Male,0,No,No,36,Yes,No,No,No internet service,No internet service,No internet service,No internet service,No internet service,No internet service,One year,Yes,Electronic check,63.54,2242.7,No
CUST-01006,Female,0,No,No,4,Yes,Yes,DSL,Yes,No,No,No,No,No,Month-to-month,No,Electronic check,51.29,220.16,No
CUST-01007,Female,0,No,No,55,Yes,Yes,Fiber optic,No,Yes,No,No,No,No,One year,Yes,Electronic check,80.13,4433.44,No
CUST-01008,Female,0,Yes,No,45,No,No phone service,Fiber optic,Yes,No,Yes,No,No,Yes,One year,Yes,Bank transfer (automatic),49.34,2142.41,No
CUST-01009,Female,0,No,Yes,37,Yes,No,DSL,No,No,No,Yes,No,No,Month-to-month,Yes,Electronic check,59.25,2175.87,No
CUST-01010,Female,0,No,No,69,Yes,Yes,DSL,Yes,Yes,No,Yes,No,No,Month-to-month,Yes,Electronic check,65.54,4490.5,Yes
CUST-01011,Male,0,Yes,No,18,Yes,Yes,No,No internet service,No internet service,No internet service,No internet service,No internet service,No internet service,Two year,Yes,Credit card (automatic),36.13,658.45,No
CUST-01012,Female,0,Yes,No,33,Yes,Yes,Fiber optic,No,Yes,No,Yes,No,No,Two year,Yes,Bank transfer (automatic),87.67,2919.54,No
CUST-01013,Male,0,Yes,Yes,28,Yes,Yes,Fiber optic,Yes,No,No,No,No,No,Month-to-month,Yes,Mailed check,66.97,1889.78,No
CUST-01014,Male,0,No,No,48,Yes,No,Fiber optic,No,Yes,No,No,Yes,Yes,Month-to-month,Yes,Electronic check,70.33,3405.19,No
CUST-01015,Female,0,No,Yes,1,Yes,Yes,DSL,No,No,No,No,Yes,No,One year,No,Electronic check,67.81,25.0,No
CUST-01016,Female,1,No,No,56,Yes,No,Fiber optic,No,No,No,No,No,No,Month-to-month,Yes,Mailed check,89.25,4983.5,No
CUST-01017,Male,0,No,No,1,No,No phone service,DSL,Yes,Yes,No,No,Yes,Yes,Month-to-month,Yes,Credit card (automatic),56.48,91.23,No
CUST-01018,Male,0,Yes,No,16,Yes,No,DSL,No,No,No,No,Yes,Yes,One year,Yes,Electronic check,34.83,581.41,No
CUST-01019,Male,0,Yes,No,6,Yes,No,DSL,Yes,No,Yes,No,Yes,No,Month-to-month,Yes,Electronic check,86.94,437.8,Yes
CUST-01020,Male,0,No,Yes,30,Yes,Yes,Fiber optic,No,No,No,No,No,Yes,Month-to-month,Yes,Credit card (automatic),61.03,1844.8,Yes
CUST-01021,Male,1,No,Yes,51,No,No phone service,DSL,No,Yes,Yes,No,No,No,Two year,Yes,Credit card (automatic),19.05,903.23,No
CUST-01022,Male,0,No,No,3,Yes,No,DSL,Yes,No,No,Yes,Yes,Yes,One year,Yes,Mailed check,79.13,176.16,No
CUST-01023,Female,0,Yes,Yes,1,Yes,No,No,No internet service,No internet service,No internet service,No internet service,No internet service,No internet service,Month-to-month,Yes,Mailed check,54.33,105.62,Yes
CUST-01024,Female,0,Yes,No,30,Yes,Yes,Fiber optic,No,No,No,Yes,No,Yes,Two year,Yes,Bank transfer (automatic),78.31,2388.66,No
CUST-01025,Female,1,Yes,No,71,Yes,No,No,No internet service,No internet service,No internet service,No internet service,No internet service,No internet service,Month-to-month,Yes,Electronic check,44.17,3100.49,Yes
CUST-01026,Male,0,Yes,Yes,0,No,No phone service,No,No internet service,No internet service,No internet service,No internet service,No internet service,No internet service,Month-to-month,Yes,Electronic check,58.5,18.0,Yes
CUST-01027,Male,0,Yes,No,25,Yes,Yes,Fiber optic,No,No,No,No,No,No,Month-to-month,Yes,Electronic check,104.7,2639.88,Yes
CUST-01028,Male,0,No,No,42,Yes,No,Fiber optic,No,No,No,No,Yes,No,One year,No,Electronic check,74.63,3090.7,No
CUST-01029,Female,0,No,No,66,Yes,No,No,No internet service,No internet service,No internet service,No internet service,No internet service,No internet service,One year,No,Mailed check,32.87,2055.7,No
CUST-01030,Male,0,Yes,No,58,Yes,Yes,Fiber optic,No,No,Yes,Yes,Yes,No,Month-to-month,No,Electronic check,71.52,4162.18,No
CUST-01031,Male,0,Yes,No,0,Yes,No,DSL,No,No,No,No,Yes,No,Month-to-month,Yes,Electronic check,32.13,73.35,No
CUST-01032,Male,0,Yes,No,9,Yes,No,DSL,No,Yes,No,Yes,No,No,Month-to-month,Yes,Electronic check,56.13,472.28,Yes
CUST-01033,Female,0,Yes,Yes,1,Yes,No,No,No internet service,No internet service,No internet service,No internet service,No internet service,No internet service,Month-to-month,Yes,Credit card (automatic),63.87,60.82,Yes
CUST-01034,Male,0,No,Yes,54,Yes,No,DSL,No,No,No,No,Yes,No,Month-to-month,Yes,Electronic check,57.53,3158.69,No
CUST-01035,Male,0,Yes,No,12,Yes,Yes,No,No internet service,No internet service,No internet service,No internet service,No internet service,No internet service,Two year,Yes,Electronic check,51.77,691.11,No
CUST-01036,Female,0,No,Yes,6,Yes,Yes,Fiber optic,No,Yes,No,No,No,Yes,Two year,Yes,Credit card (automatic),80.47,502.02,No
CUST-01037,Female,0,Yes,No,5,Yes,No,Fiber optic,No,No,No,Yes,No,No,One year,Yes,Mailed check,74.84,349.28,No
CUST-01038,Male,0,Yes,No,57,Yes,No,Fiber optic,No,Yes,No,No,No,No,Two year,No,Electronic check,51.49,2941.18,No
CUST-01039,Male,1,No,No,2,Yes,No,Fiber optic,Yes,No,No,No,Yes,No,Two year,Yes,Bank transfer (automatic),62.88,108.03,No
CUST-01040,Female,0,Yes,No,50,Yes,No,DSL,No,No,No,No,No,Yes,One year,Yes,Mailed check,60.79,3020.68,No
CUST-01041,Female,0,Yes,Yes,0,No,No phone service,Fiber optic,No,Yes,No,Yes,No,Yes,Month-to-month,Yes,Electronic check,75.73,28.64,No
CUST-01042,Female,0,No,Yes,5,Yes,No,Fiber optic,No,Yes,No,No,Yes,No,Month-to-month,Yes,Mailed check,79.6,417.69,Yes
CUST-01043,Male,0,Yes,No,38,No,No phone service,Fiber optic,No,No,No,Yes,No,Yes,Two year,No,Electronic check,41.27,1589.11,No
CUST-01044,Male,0,Yes,No,65,Yes,No,Fiber optic,Yes,No,Yes,Yes,No,No,One year,Yes,Electronic check,38.2,2468.78,No
CUST-01045,Female,0,Yes,No,45,Yes,No,Fiber optic,No,No,No,No,Yes,No,One year,Yes,Bank transfer (automatic),88.34,4047.8,No
CUST-01046,Male,0,Yes,Yes,21,Yes,No,Fiber optic,No,Yes,No,No,Yes,No,Month-to-month,Yes,Bank transfer (automatic),46.5,936.27,No
CUST-01047,Male,0,No,No,3,Yes,Yes,No,No internet service,No internet service,No internet service,No internet service,No internet service,No internet service,Month-to-month,Yes,Mailed check,60.46,92.9,Yes
CUST-01048,Female,0,Yes,No,58,Yes,No,DSL,No,No,No,No,No,No,Month-to-month,Yes,Electronic check,21.0,1185.84,No
CUST-01049,Female,0,No,No,31,Yes,Yes,No,No internet service,No internet service,No internet service,No internet service,No internet service,No internet service,Month-to-month,Yes,Electronic check,71.93,2248.57,No
CUST-01050,Male,1,No,Yes,39,No,No phone service,Fiber optic,No,Yes,No,No,No,No,One year,No,Bank transfer (automatic),70.76,2749.39,No
CUST-01051,Female,0,Yes,No,56,Yes,No,Fiber optic,No,No,No,No,No,No,One year,No,Bank transfer (automatic),93.53,5185.19,No
CUST-01052,Male,0,Yes,No,8,No,No phone service,Fiber optic,No,Yes,No,No,Yes,Yes,Month-to-month,Yes,Bank transfer (automatic),62.92,568.39,Yes
CUST-01053,Female,1,Yes,No,2,Yes,No,Fiber optic,Yes,No,No,Yes,Yes,No,Month-to-month,Yes,Electronic check,92.38,84.61,No
CUST-01054,Female,0,Yes,Yes,2,No,No phone service,DSL,No,No,No,Yes,No,No,Month-to-month,Yes,Electronic check,78.72,148.95,No
CUST-01055,Male,0,Yes,No,56,Yes,Yes,Fiber optic,Yes,Yes,No,Yes,Yes,Yes,Month-to-month,No,Electronic check,77.46,4333.37,Yes
CUST-01056,Female,0,No,No,3,Yes,No,Fiber optic,No,Yes,No,Yes,Yes,No,Month-to-month,Yes,Credit card (automatic),45.28,252.19,Yes
CUST-01057,Male,0,Yes,No,1,Yes,No,DSL,No,No,No,No,No,No,Month-to-month,No,Electronic check,26.19,71.73,No
CUST-01058,Female,0,No,No,36,No,No phone service,DSL,No,No,No,No,Yes,Yes,Two year,Yes,Bank transfer (automatic),33.34,1226.04,No
CUST-01059,Male,0,No,Yes,2,Yes,No,No,No internet service,No internet service,No internet service,No internet service,No internet service,No internet service,Month-to-month,Yes,Bank transfer (automatic),31.84,174.06,No
CUST-01060,Male,0,No,No,7,Yes,Yes,No,No internet service,No internet service,No internet service,No internet service,No internet service,No internet service,Month-to-month,No,Bank transfer (automatic),68.17,511.77,No
CUST-01061,Female,1,Yes,No,0,Yes,No,Fiber optic,No,No,Yes,No,No,No,Month-to-month,Yes,Electronic check,66.52,44.89,Yes
CUST-01062,Female,1,Yes,No,20,Yes,No,DSL,No,No,No,No,Yes,No,One year,No,Bank transfer (automatic),61.28,1201.0,No
CUST-01063,Male,0,No,No,2,Yes,Yes,Fiber optic,No,Yes,No,No,No,No,Two year,No,Credit card (automatic),44.77,155.86,No
CUST-01064,Female,0,Yes,No,57,Yes,No,No,No internet service,No internet service,No internet service,No internet service,No internet service,No internet service,Month-to-month,Yes,Mailed check,40.36,2251.68,No
CUST-01065,Female,0,No,Yes,72,Yes,No,Fiber optic,No,Yes,No,No,Yes,No,Two year,No,Bank transfer (automatic),62.07,4438.04,No
CUST-01066,Male,1,No,No,53,No,No phone service,No,No internet service,No internet service,No internet service,No internet service,No internet service,No internet service,One year,No,Mailed check,44.78,2455.3,No
CUST-01067,Female,0,No,No,0,Yes,Yes,Fiber optic,No,Yes,No,Yes,No,No,Two year,Yes,Electronic check,52.17,18.0,No
CUST-01068,Female,1,Yes,Yes,2,Yes,Yes,Fiber optic,No,Yes,No,No,No,No,Month-to-month,Yes,Mailed check,86.1,181.41,Yes
CUST-01069,Male,0,Yes,No,4,Yes,Yes,DSL,No,Yes,No,No,No,No,Month-to-month,Yes,Bank transfer (automatic),64.79,350.8,No
CUST-01070,Male,0,No,Yes,69,Yes,No,Fiber optic,No,No,No,No,Yes,No,One year,Yes,Electronic check,68.49,4692.61,Yes
CUST-01071,Female,0,No,No,46,Yes,Yes,No,No internet service,No internet service,No internet service,No internet service,No internet service,No internet service,Month-to-month,Yes,Mailed check,18.0,831.07,No
CUST-01072,Male,0,No,No,23,Yes,No,DSL,No,No,No,No,No,No,One year,Yes,Electronic check,63.18,1381.26,No
CUST-01073,Female,0,No,No,24,Yes,No,DSL,No,No,Yes,No,No,No,Two year,Yes,Credit card (automatic),56.97,1407.93,No
CUST-01074,Female,1,No,No,3,Yes,Yes,No,No internet service,No internet service,No internet service,No internet service,No internet service,No internet service,One year,No,Credit card (automatic),65.67,238.09,No
CUST-01075,Male,0,No,Yes,43,Yes,No,No,No internet service,No internet service,No internet service,No internet service,No internet service,No internet service,Month-to-month,Yes,Mailed check,29.17,1271.82,Yes
CUST-01076,Male,0,No,No,64,Yes,Yes,DSL,No,No,Yes,No,No,Yes,Month-to-month,No,Mailed check,79.33,5038.47,No
CUST-01077,Female,0,Yes,No,43,No,No phone service,Fiber optic,No,Yes,No,Yes,Yes,No,Month-to-month,No,Credit card (automatic),58.68,2546.74,No
CUST-01078,Male,0,Yes,Yes,23,Yes,Yes,DSL,No,No,No,No,Yes,Yes,One year,Yes,Credit card (automatic),85.98,1940.52,No
CUST-01079,Male,0,No,Yes,5,Yes,No,DSL,Yes,No,Yes,No,Yes,No,One year,Yes,Bank transfer (automatic),36.59,113.4,No
CUST-01080,Female,1,No,No,53,Yes,Yes,DSL,No,No,No,No,No,No,Month-to-month,Yes,Credit card (automatic),59.36,3195.9,No
CUST-01081,Female,1,Yes,No,17,No,No phone service,Fiber optic,Yes,No,No,Yes,No,No,Month-to-month,No,Mailed check,48.0,824.63,No
CUST-01082,Female,0,No,Yes,72,Yes,Yes,DSL,No,Yes,No,Yes,No,Yes,Month-to-month,Yes,Electronic check,51.56,3693.82,No
CUST-01083,Female,0,Yes,Yes,45,Yes,No,No,No internet service,No internet service,No internet service,No internet service,No internet service,No internet service,One year,Yes,Credit card (automatic),42.33,1935.79,No
CUST-01084,Female,0,Yes,No,12,Yes,Yes,DSL,No,No,No,No,Yes,No,Month-to-month,Yes,Credit card (automatic),61.23,672.3,No
CUST-01085,Male,1,No,No,1,Yes,Yes,DSL,No,No,No,No,Yes,Yes,Month-to-month,Yes,Credit card (automatic),47.3,94.63,Yes
CUST-01086,Female,0,Yes,No,33,Yes,No,DSL,No,No,No,No,Yes,No,Month-to-month,Yes,Credit card (automatic),52.91,1776.92,No
CUST-01087,Female,0,No,No,0,Yes,Yes,Fiber optic,No,Yes,No,No,No,No,One year,Yes,Electronic check,84.74,18.0,Yes
CUST-01088,Female,1,No,No,47,Yes,No,No,No internet service,No internet service,No internet service,No internet service,No internet service,No internet service,Two year,No,Credit card (automatic),34.82,1697.6,No
CUST-01089,Female,1,No,Yes,17,Yes,No,DSL,Yes,No,No,No,Yes,Yes,Two year,Yes,Mailed check,47.81,932.18,No
CUST-01090,Male,0,Yes,No,0,Yes,Yes,Fiber optic,No,No,No,No,No,Yes,Two year,Yes,Electronic check,78.09,72.15,No
CUST-01091,Female,0,No,No,63,Yes,Yes,DSL,No,No,No,No,No,Yes,Month-to-month,No,Bank transfer (automatic),58.29,3737.77,No
CUST-01092,Male,0,Yes,No,59,Yes,No,DSL,Yes,No,Yes,No,No,Yes,One year,Yes,Electronic check,56.83,3348.56,No
CUST-01093,Female,0,No,No,55,Yes,No,DSL,Yes,No,No,No,No,No,One year,No,Electronic check,56.58,3018.6,Yes
CUST-01094,Male,0,Yes,No,60,No,No phone service,DSL,No,No,Yes,No,Yes,No,Month-to-month,No,Electronic check,32.7,1956.31,No
CUST-01095,Male,0,No,No,40,Yes,No,No,No internet service,No internet service,No internet service,No internet service,No internet service,No internet service,One year,Yes,Credit card (automatic),74.35,2966.34,No
CUST-01096,Male,0,No,Yes,11,Yes,No,Fiber optic,No,Yes,No,No,Yes,Yes,Two year,No,Bank transfer (automatic),58.84,636.3,No
CUST-01097,Female,0,Yes,Yes,30,Yes,No,No,No internet service,No internet service,No internet service,No internet service,No internet service,No internet service,Two year,Yes,Credit card (automatic),31.27,914.3,No
CUST-01098,Female,0,Yes,No,56,Yes,Yes,No,No internet service,No internet service,No internet service,No internet service,No internet service,No internet service,Month-to-month,Yes,Electronic check,48.37,2725.27,Yes
CUST-01099,Male,0,Yes,No,72,Yes,No,Fiber optic,No,Yes,Yes,No,Yes,No,Month-to-month,No,Credit card (automatic),52.17,3725.28,No
CUST-01100,Male,1,No,Yes,72,Yes,No,Fiber optic,No,No,No,Yes,Yes,Yes,Month-to-month,Yes,Electronic check,73.55,5254.66,No
CUST-01101,Male,0,No,No,28,Yes,No,DSL,No,Yes,No,No,No,Yes,Two year,Yes,Electronic check,72.27,2013.02,No
CUST-01102,Male,1,No,No,0,Yes,No,DSL,No,No,Yes,Yes,No,No,One year,Yes,Credit card (automatic),54.14,18.0,No
CUST-01103,Female,0,No,No,0,Yes,Yes,DSL,No,No,No,No,No,No,One year,Yes,Electronic check,43.59,18.0,Yes
CUST-01104,Male,0,Yes,No,9,No,No phone service,DSL,Yes,No,No,No,No,No,One year,Yes,Credit card (automatic),41.16,437.31,No
CUST-01105,Male,1,No,Yes,7,Yes,Yes,DSL,No,No,No,No,No,Yes,Month-to-month,Yes,Bank transfer (automatic),54.54,405.72,No
CUST-01106,Male,0,Yes,No,0,Yes,No,Fiber optic,Yes,No,No,No,Yes,No,One year,Yes,Mailed check,46.05,36.77,No
CUST-01107,Male,0,No,No,1,Yes,No,Fiber optic,No,No,No,No,Yes,No,Month-to-month,Yes,Credit card (automatic),55.16,102.74,Yes
CUST-01108,Female,0,Yes,No,63,Yes,Yes,Fiber optic,Yes,No,No,Yes,No,No,One year,No,Bank transfer (automatic),71.37,4474.9,No
CUST-01109,Female,0,No,No,5,Yes,No,Fiber optic,No,Yes,No,No,No,Yes,Month-to-month,No,Electronic check,84.0,508.16,Yes
CUST-01110,Male,0,Yes,Yes,10,Yes,Yes,DSL,No,Yes,Yes,No,Yes,Yes,Month-to-month,Yes,Bank transfer (automatic),47.15,509.39,Yes
CUST-01111,Female,0,Yes,Yes,1,Yes,No,DSL,No,Yes,No,No,No,Yes,One year,Yes,Electronic check,29.27,55.59,No
CUST-01112,Male,0,Yes,Yes,72,Yes,Yes,Fiber optic,No,No,No,Yes,No,Yes,Two year,Yes,Credit card (automatic),63.06,4481.46,No
CUST-01113,Male,0,No,No,3,Yes,Yes,No,No internet service,No internet service,No internet service,No internet service,No internet service,No internet service,Month-to-month,Yes,Bank transfer (automatic),54.16,116.42,Yes
CUST-01114,Male,0,No,No,52,Yes,No,Fiber optic,Yes,No,No,Yes,No,Yes,One year,Yes,Bank transfer (automatic),77.73,4068.78,No
CUST-01115,Male,0,Yes,No,37,Yes,Yes,No,No internet service,No internet service,No internet service,No internet service,No internet service,No internet service,Two year,No,Mailed check,34.52,1225.2,No
CUST-01116,Male,0,Yes,No,57,Yes,Yes,Fiber optic,No,No,No,No,Yes,No,Month-to-month,Yes,Credit card (automatic),70.74,4008.29,Yes
CUST-01117,Female,0,Yes,Yes,4,Yes,Yes,No,No internet service,No internet service,No internet service,No internet service,No internet service,No internet service,Two year,Yes,Bank transfer (automatic),34.45,146.07,No
CUST-01118,Female,0,No,No,12,Yes,No,Fiber optic,No,Yes,Yes,No,No,No,One year,Yes,Bank transfer (automatic),46.73,543.79,No
CUST-01119,Female,0,No,No,72,Yes,Yes,No,No internet service,No internet service,No internet service,No internet service,No internet service,No internet service,Month-to-month,No,Mailed check,66.7,4840.89,No
CUST-01120,Male,0,No,Yes,38,No,No phone service,DSL,No,Yes,No,No,No,No,Month-to-month,No,Mailed check,70.17,2714.44,No
CUST-01121,Male,0,No,No,64,Yes,No,No,No internet service,No internet service,No internet service,No internet service,No internet service,No internet service,Two year,Yes,Credit card (automatic),31.13,1940.27,No
CUST-01122,Male,0,Yes,No,16,Yes,Yes,Fiber optic,No,No,No,Yes,Yes,No,Month-to-month,Yes,Credit card (automatic),83.07,1308.36,No
CUST-01123,Male,0,Yes,No,34,Yes,No,Fiber optic,No,No,Yes,No,No,No,One year,Yes,Bank transfer (automatic),46.15,1554.7,No
CUST-01124,Male,1,No,Yes,3,No,No phone service,Fiber optic,No,No,No,No,Yes,Yes,Month-to-month,Yes,Credit card (automatic),86.57,248.62,No
CUST-01125,Female,1,No,No,49,Yes,Yes,Fiber optic,Yes,No,Yes,No,Yes,Yes,Month-to-month,Yes,Credit card (automatic),87.12,4286.17,No
CUST-01126,Female,0,Yes,No,33,Yes,No,No,No internet service,No internet service,No internet service,No internet service,No internet service,No internet service,Two year,No,Bank transfer (automatic),48.18,1463.0,No
CUST-01127,Female,0,No,No,21,Yes,No,No,No internet service,No internet service,No internet service,No internet service,No internet service,No internet service,Month-to-month,Yes,Mailed check,24.74,518.07,No
CUST-01128,Female,0,Yes,Yes,39,Yes,No,Fiber optic,Yes,Yes,Yes,No,No,No,One year,No,Mailed check,85.53,3213.42,No
CUST-01129,Female,1,Yes,Yes,59,Yes,No,DSL,No,Yes,No,No,No,No,Two year,No,Mailed check,62.4,3708.46,No
CUST-01130,Female,0,Yes,No,63,Yes,No,Fiber optic,No,Yes,No,Yes,Yes,No,Two year,Yes,Credit card (automatic),78.16,4900.66,No
CUST-01131,Male,0,No,No,30,Yes,Yes,Fiber optic,No,No,No,No,No,No,Month-to-month,No,Bank transfer (automatic),89.41,2690.27,Yes
CUST-01132,Female,0,No,Yes,51,Yes,No,Fiber optic,No,No,No,Yes,No,No,One year,Yes,Bank transfer (automatic),79.41,4036.91,No
CUST-01133,Female,0,No,No,59,Yes,Yes,DSL,Yes,No,Yes,Yes,Yes,No,Month-to-month,Yes,Credit card (automatic),34.21,2064.89,No
CUST-01134,Female,1,No,Yes,69,Yes,No,Fiber optic,No,Yes,Yes,Yes,Yes,No,One year,No,Bank transfer (automatic),88.86,6095.32,No
CUST-01135,Female,1,No,No,55,Yes,No,Fiber optic,No,No,No,No,No,No,Two year,Yes,Credit card (automatic),60.4,3308.36,No
CUST-01136,Male,0,Yes,No,1,Yes,Yes,DSL,No,No,Yes,No,No,Yes,Month-to-month,Yes,Electronic check,51.27,80.93,Yes
CUST-01137,Female,0,No,No,2,Yes,No,DSL,No,No,No,No,No,No,Month-to-month,Yes,Mailed check,49.63,203.46,No
CUST-01138,Male,0,Yes,No,57,Yes,No,DSL,No,No,Yes,No,No,Yes,Month-to-month,Yes,Bank transfer (automatic),34.97,1955.79,No
CUST-01139,Female,0,No,No,0,No,No phone service,No,No internet service,No internet service,No internet service,No internet service,No internet service,No internet service,Month-to-month,No,Credit card (automatic),33.3,55.64,No
CUST-01140,Female,1,Yes,No,61,Yes,No,Fiber optic,No,No,No,No,No,No,Month-to-month,Yes,Mailed check,54.57,3267.2,No
CUST-01141,Female,0,Yes,Yes,72,Yes,Yes,Fiber optic,No,Yes,Yes,No,No,No,Month-to-month,No,Electronic check,55.12,3930.47,No
CUST-01142,Male,0,No,No,0,Yes,No,DSL,No,Yes,No,No,No,No,Month-to-month,Yes,Electronic check,53.97,81.38,No
CUST-01143,Female,0,Yes,No,7,Yes,Yes,Fiber optic,No,Yes,No,Yes,Yes,Yes,Two year,No,Mailed check,88.06,625.81,No
CUST-01144,Female,0,Yes,No,60,Yes,No,DSL,Yes,No,No,No,No,No,One year,Yes,Credit card (automatic),80.56,4834.81,No
CUST-01145,Male,0,No,No,66,No,No phone service,Fiber optic,Yes,No,No,No,No,Yes,One year,No,Mailed check,75.86,4987.46,No
CUST-01146,Male,0,No,Yes,12,Yes,No,Fiber optic,Yes,Yes,Yes,No,No,Yes,Month-to-month,Yes,Bank transfer (automatic),95.72,1120.52,Yes
CUST-01147,Female,1,Yes,Yes,46,Yes,No,DSL,No,No,No,No,Yes,No,Month-to-month,No,Mailed check,35.08,1588.92,No
CUST-01148,Female,0,Yes,No,45,Yes,No,No,No internet service,No internet service,No internet service,No internet service,No internet service,No internet service,Month-to-month,Yes,Bank transfer (automatic),71.45,3274.85,Yes
CUST-01149,Female,0,Yes,No,54,Yes,No,No,No internet service,No internet service,No internet service,No internet service,No internet service,No internet service,Month-to-month,Yes,Credit card (automatic),40.25,2123.47,No
CUST-01150,Female,0,No,Yes,36,Yes,No,Fiber optic,No,No,No,No,Yes,No,Month-to-month,Yes,Bank transfer (automatic),101.42,3593.5,Yes
CUST-01151,Male,0,No,Yes,57,Yes,Yes,Fiber optic,No,No,No,No,No,No,Month-to-month,No,Credit card (automatic),58.8,3308.15,No
CUST-01152,Female,0,Yes,Yes,22,Yes,No,DSL,Yes,Yes,Yes,No,No,No,Two year,No,Credit card (automatic),76.86,1673.5,No
CUST-01153,Male,0,No,No,14,Yes,Yes,Fiber optic,Yes,Yes,No,No,No,No,Two year,Yes,Electronic check,46.78,555.35,No
CUST-01154,Female,0,No,Yes,45,Yes,No,Fiber optic,No,No,No,No,No,No,One year,No,Electronic check,52.23,2297.07,No
CUST-01155,Male,0,No,No,9,No,No phone service,No,No internet service,No internet service,No internet service,No internet service,No internet service,No internet service,Month-to-month,No,Credit card (automatic),78.49,721.96,Yes
CUST-01156,Female,0,Yes,No,3,Yes,No,Fiber optic,No,Yes,No,Yes,Yes,Yes,Month-to-month,Yes,Electronic check,57.07,188.93,No
CUST-01157,Male,0,No,No,54,Yes,Yes,Fiber optic,Yes,Yes,No,No,Yes,Yes,Two year,Yes,Electronic check,76.96,4219.82,No
CUST-01158,Female,1,No,No,1,Yes,Yes,DSL,No,No,No,No,No,Yes,Month-to-month,Yes,Mailed check,32.43,45.01,No
CUST-01159,Male,1,Yes,Yes,0,Yes,No,Fiber optic,No,No,No,No,Yes,No,Month-to-month,No,Bank transfer (automatic),69.25,31.27,No
CUST-01160,Male,0,Yes,No,24,Yes,Yes,Fiber optic,No,No,Yes,No,Yes,No,One year,Yes,Electronic check,99.08,2440.53,No
CUST-01161,Female,0,Yes,No,27,Yes,No,No,No internet service,No internet service,No internet service,No internet service,No internet service,No internet service,One year,Yes,Bank transfer (automatic),49.25,1310.68,No
CUST-01162,Male,0,Yes,No,46,Yes,No,Fiber optic,No,No,No,Yes,No,No,Month-to-month,Yes,Electronic check,58.68,2751.31,No
CUST-01163,Female,1,No,No,29,Yes,No,Fiber optic,Yes,No,Yes,No,No,Yes,Month-to-month,Yes,Credit card (automatic),59.31,1747.02,Yes
CUST-01164,Female,0,No,No,5,No,No phone service,DSL,No,Yes,Yes,No,Yes,No,Month-to-month,No,Electronic check,52.66,253.47,Yes
CUST-01165,Female,0,Yes,Yes,2,Yes,No,Fiber optic,No,Yes,No,No,Yes,Yes,Month-to-month,Yes,Electronic check,67.47,175.33,Yes
CUST-01166,Male,0,No,No,3,Yes,Yes,Fiber optic,Yes,Yes,Yes,No,Yes,No,One year,Yes,Electronic check,70.17,138.41,No
CUST-01167,Male,1,Yes,No,9,Yes,Yes,No,No internet service,No internet service,No internet service,No internet service,No internet service,No internet service,One year,Yes,Credit card (automatic),56.96,507.95,No
CUST-01168,Male,0,No,No,17,Yes,No,Fiber optic,No,No,Yes,No,No,Yes,One year,Yes,Electronic check,55.52,937.86,No
CUST-01169,Female,0,Yes,Yes,42,Yes,No,DSL,Yes,No,No,No,No,Yes,Month-to-month,Yes,Mailed check,65.75,2808.29,No
CUST-01170,Female,0,No,Yes,69,Yes,No,No,No internet service,No internet service,No internet service,No internet service,No internet service,No internet service,Two year,Yes,Bank transfer (automatic),19.86,1372.95,No
CUST-01171,Female,0,No,Yes,58,Yes,No,DSL,No,No,No,Yes,No,No,Two year,Yes,Electronic check,57.21,3339.45,Yes
CUST-01172,Female,1,No,No,1,Yes,Yes,Fiber optic,Yes,No,No,No,Yes,Yes,Month-to-month,No,Mailed check,61.02,107.52,No
CUST-01173,Male,0,No,No,21,Yes,Yes,No,No internet service,No internet service,No internet service,No internet service,No internet service,No internet service,Month-to-month,Yes,Electronic check,42.46,889.81,Yes
CUST-01174,Male,0,Yes,No,3,Yes,Yes,Fiber optic,No,No,Yes,No,No,Yes,Month-to-month,No,Mailed check,79.42,152.91,No
CUST-01175,Male,0,No,Yes,34,Yes,Yes,No,No internet service,No internet service,No internet service,No internet service,No internet service,No internet service,Month-to-month,Yes,Bank transfer (automatic),65.64,2236.69,No
CUST-01176,Male,0,No,Yes,60,No,No phone service,No,No internet service,No internet service,No internet service,No internet service,No internet service,No internet service,One year,No,Bank transfer (automatic),40.87,2396.88,No
CUST-01177,Male,0,Yes,Yes,52,No,No phone service,DSL,Yes,Yes,No,Yes,No,No,Month-to-month,No,Electronic check,59.36,3093.46,No
CUST-01178,Male,0,No,Yes,58,Yes,No,Fiber optic,No,No,No,No,No,No,Two year,No,Electronic check,75.57,4391.8,Yes
CUST-01179,Male,1,Yes,No,64,Yes,Yes,Fiber optic,Yes,Yes,Yes,No,No,No,Month-to-month,Yes,Electronic check,38.36,2519.75,No
CUST-01180,Male,0,Yes,Yes,1,No,No phone service,Fiber optic,No,No,No,Yes,No,No,Two year,No,Mailed check,68.0,69.42,No
CUST-01181,Female,0,No,No,54,Yes,Yes,No,No internet service,No internet service,No internet service,No internet service,No internet service,No internet service,One year,No,Mailed check,75.6,4072.06,No
CUST-01182,Female,0,Yes,No,72,Yes,Yes,No,No internet service,No internet service,No internet service,No internet service,No internet service,No internet service,Month-to-month,Yes,Electronic check,59.23,4233.98,No
CUST-01183,Female,0,Yes,No,53,Yes,No,Fiber optic,Yes,No,Yes,No,No,Yes,Month-to-month,Yes,Bank transfer (automatic),62.76,3335.96,Yes
CUST-01184,Male,0,Yes,No,8,Yes,No,DSL,No,Yes,No,No,No,No,One year,Yes,Electronic check,50.92,464.17,No
CUST-01185,Male,0,No,No,15,Yes,No,DSL,Yes,Yes,No,No,No,Yes,Month-to-month,No,Electronic check,49.76,691.12,Yes
CUST-01186,Male,0,No,No,36,Yes,Yes,DSL,No,No,No,No,Yes,Yes,One year,No,Electronic check,66.95,2437.27,No
CUST-01187,Male,0,Yes,Yes,6,Yes,No,Fiber optic,Yes,No,Yes,No,Yes,No,Two year,Yes,Bank transfer (automatic),66.85,380.05,No
CUST-01188,Female,0,No,No,1,No,No phone service,Fiber optic,Yes,No,Yes,No,Yes,No,Month-to-month,No,Electronic check,53.12,42.42,Yes
CUST-01189,Female,0,No,Yes,15,Yes,No,DSL,No,No,No,No,Yes,Yes,Two year,No,Electronic check,70.84,1023.44,No
CUST-01190,Male,0,No,No,22,Yes,Yes,Fiber optic,No,Yes,No,Yes,No,Yes,One year,Yes,Credit card (automatic),74.86,1595.38,No
CUST-01191,Male,0,No,No,39,Yes,Yes,DSL,Yes,No,No,No,No,Yes,Two year,Yes,Electronic check,59.53,2331.86,Yes
CUST-01192,Male,1,No,No,62,Yes,No,No,No internet service,No internet service,No internet service,No internet service,No internet service,No internet service,Month-to-month,Yes,Electronic check,48.27,2999.93,Yes
CUST-01193,Male,0,Yes,Yes,0,Yes,Yes,No,No internet service,No internet service,No internet service,No internet service,No internet service,No internet service,Two year,No,Mailed check,32.38,18.0,No
CUST-01194,Female,0,Yes,Yes,72,Yes,No,DSL,No,Yes,Yes,No,No,No,Month-to-month,Yes,Electronic check,77.84,5624.82,No
CUST-01195,Female,0,No,Yes,16,Yes,No,DSL,Yes,No,No,Yes,No,Yes,One year,No,Electronic check,30.49,421.72,No
CUST-01196,Female,0,Yes,No,0,Yes,No,No,No internet service,No internet service,No internet service,No internet service,No internet service,No internet service,One year,Yes,Credit card (automatic),44.27,18.0,No
CUST-01197,Female,0,Yes,No,13,Yes,Yes,DSL,No,No,Yes,No,Yes,No,Month-to-month,Yes,Electronic check,53.86,727.31,Yes
CUST-01198,Female,0,Yes,No,52,Yes,No,No,No internet service,No internet service,No internet service,No internet service,No internet service,No internet service,Month-to-month,Yes,Electronic check,39.28,2006.4,No
CUST-01199,Female,0,Yes,No,72,Yes,Yes,DSL,No,No,No,No,No,No,Two year,Yes,Electronic check,53.63,3868.29,No
CUST-01200,Female,0,No,Yes,1,Yes,Yes,Fiber optic,No,Yes,No,Yes,No,No,One year,No,Mailed check,53.39,94.11,No
CUST-01201,Female,0,Yes,No,58,Yes,Yes,Fiber optic,No,No,No,No,No,Yes,Two year,Yes,Credit card (automatic),61.25,3512.31,No
CUST-01202,Male,0,No,No,5,Yes,Yes,Fiber optic,Yes,Yes,Yes,No,No,No,Two year,No,Electronic check,55.66,308.03,No
CUST-01203,Female,0,No,No,43,Yes,No,No,No internet service,No internet service,No internet service,No internet service,No internet service,No internet service,Month-to-month,No,Mailed check,42.3,1812.61,No
CUST-01204,Female,0,Yes,No,58,Yes,Yes,No,No internet service,No internet service,No internet service,No internet service,No internet service,No internet service,Month-to-month,Yes,Bank transfer (automatic),66.3,3871.74,No
CUST-01205,Female,0,Yes,No,0,Yes,No,Fiber optic,No,Yes,Yes,No,No,Yes,Month-to-month,No,Electronic check,77.12,18.0,Yes
CUST-01206,Female,0,Yes,Yes,2,Yes,No,Fiber optic,No,Yes,No,No,No,No,One year,Yes,Bank transfer (automatic),51.81,45.26,No
CUST-01207,Female,0,No,No,54,Yes,No,Fiber optic,No,No,No,No,Yes,Yes,Month-to-month,Yes,Electronic check,59.66,3201.77,Yes
CUST-01208,Female,0,Yes,No,53,Yes,No,Fiber optic,No,No,Yes,No,Yes,No,Month-to-month,Yes,Electronic check,60.84,3221.37,Yes
CUST-01209,Male,0,No,No,41,Yes,Yes,DSL,No,No,No,No,No,Yes,Month-to-month,Yes,Bank transfer (automatic),50.5,1993.89,No
CUST-01210,Female,1,Yes,Yes,4,Yes,No,Fiber optic,No,No,Yes,No,No,No,Month-to-month,No,Electronic check,64.77,369.44,Yes
CUST-01211,Female,0,Yes,No,24,Yes,Yes,Fiber optic,No,No,No,No,No,Yes,Month-to-month,Yes,Credit card (automatic),93.1,2219.9,Yes
CUST-01212,Female,0,Yes,No,1,No,No phone service,DSL,No,No,No,No,Yes,No,One year,Yes,Mailed check,25.64,26.85,No
CUST-01213,Male,1,Yes,Yes,10,Yes,No,Fiber optic,No,No,Yes,No,Yes,No,One year,No,Electronic check,78.12,765.75,No
CUST-01214,Female,0,Yes,No,40,Yes,No,No,No internet service,No internet service,No internet service,No internet service,No internet service,No internet service,One year,Yes,Mailed check,18.0,675.26,No
CUST-01215,Male,0,No,No,72,Yes,Yes,No,No internet service,No internet service,No internet service,No internet service,No internet service,No internet service,One year,Yes,Electronic check,49.42,3570.93,No
CUST-01216,Male,0,Yes,No,41,Yes,Yes,Fiber optic,No,Yes,Yes,No,No,No,One year,Yes,Electronic check,54.52,2242.31,No
CUST-01217,Female,0,No,Yes,1,Yes,No,No,No internet service,No internet service,No internet service,No internet service,No internet service,No internet service,Month-to-month,Yes,Mailed check,54.64,18.0,No
CUST-01218,Female,0,No,No,0,Yes,No,DSL,Yes,No,No,No,Yes,Yes,One year,Yes,Bank transfer (automatic),84.54,18.0,No
CUST-01219,Female,0,No,No,45,Yes,No,DSL,Yes,Yes,No,Yes,No,No,Two year,Yes,Electronic check,52.53,2374.45,No
CUST-01220,Male,0,No,No,20,Yes,Yes,Fiber optic,No,Yes,No,No,No,No,Two year,No,Electronic check,92.99,1817.28,Yes
CUST-01221,Female,0,Yes,No,5,Yes,Yes,Fiber optic,No,No,Yes,No,No,Yes,Month-to-month,No,Electronic check,76.36,306.99,Yes
CUST-01222,Female,0,No,No,72,Yes,No,No,No internet service,No internet service,No internet service,No internet service,No internet service,No internet service,Month-to-month,No,Mailed check,51.9,3787.74,No
CUST-01223,Female,0,Yes,No,30,Yes,Yes,No,No internet service,No internet service,No internet service,No internet service,No internet service,No internet service,Month-to-month,Yes,Mailed check,29.28,869.82,No
CUST-01224,Female,0,No,No,58,Yes,No,Fiber optic,No,No,No,No,No,Yes,Month-to-month,No,Bank transfer (automatic),87.94,5010.73,No
CUST-01225,Male,0,Yes,No,1,Yes,Yes,DSL,Yes,Yes,No,No,No,Yes,One year,Yes,Electronic check,64.1,84.84,No
CUST-01226,Female,0,No,No,72,Yes,No,DSL,No,No,Yes,No,Yes,No,Month-to-month,No,Electronic check,42.19,2980.23,Yes
CUST-01227,Male,1,No,Yes,7,Yes,Yes,Fiber optic,No,No,No,No,No,No,Two year,No,Bank transfer (automatic),55.27,465.13,No
CUST-01228,Female,0,No,No,18,Yes,Yes,Fiber optic,No,Yes,Yes,No,No,No,One year,Yes,Bank transfer (automatic),61.9,1089.1,No
CUST-01229,Male,0,Yes,Yes,21,Yes,Yes,No,No internet service,No internet service,No internet service,No internet service,No internet service,No internet service,Month-to-month,Yes,Bank transfer (automatic),31.99,571.93,No
CUST-01230,Male,0,No,No,46,Yes,No,DSL,Yes,No,Yes,No,No,No,Month-to-month,No,Bank transfer (automatic),52.35,2470.61,No
CUST-01231,Female,0,No,Yes,18,Yes,No,No,No internet service,No internet service,No internet service,No internet service,No internet service,No internet service,Month-to-month,No,Mailed check,53.64,964.51,No
CUST-01232,Female,0,No,No,43,No,No phone service,Fiber optic,No,Yes,No,No,No,Yes,Month-to-month,Yes,Electronic check,59.07,2507.64,Yes
CUST-01233,Female,1,Yes,No,2,Yes,No,Fiber optic,No,No,Yes,Yes,No,Yes,Month-to-month,No,Credit card (automatic),72.04,150.88,Yes
CUST-01234,Female,0,Yes,No,15,Yes,Yes,DSL,No,Yes,No,No,No,Yes,Month-to-month,Yes,Electronic check,35.54,558.0,No
CUST-01235,Female,0,Yes,No,25,Yes,No,DSL,No,No,No,No,Yes,No,Month-to-month,Yes,Credit card (automatic),68.13,1798.29,No
CUST-01236,Male,1,No,Yes,24,Yes,Yes,Fiber optic,No,Yes,Yes,No,Yes,No,Two year,Yes,Mailed check,73.92,1743.88,No
CUST-01237,Male,0,Yes,No,0,Yes,Yes,No,No internet service,No internet service,No internet service,No internet service,No internet service,No internet service,Month-to-month,Yes,Mailed check,76.45,18.0,Yes
CUST-01238,Male,1,No,No,70,Yes,No,Fiber optic,No,No,No,No,No,Yes,Month-to-month,Yes,Electronic check,54.37,3945.89,No
CUST-01239,Male,0,No,No,62,Yes,No,Fiber optic,No,Yes,No,Yes,No,No,Two year,Yes,Credit card (automatic),55.83,3399.71,No
CUST-01240,Male,0,No,No,5,Yes,No,Fiber optic,No,No,No,Yes,No,Yes,Month-to-month,No,Credit card (automatic),54.45,264.2,Yes
CUST-01241,Female,1,No,No,72,Yes,Yes,DSL,No,No,No,No,No,No,Month-to-month,No,Bank transfer (automatic),76.24,5457.88,No
CUST-01242,Female,0,No,Yes,28,Yes,No,DSL,No,No,No,Yes,No,No,Month-to-month,Yes,Electronic check,33.69,897.42,No
CUST-01243,Female,0,No,Yes,37,Yes,No,No,No internet service,No internet service,No internet service,No internet service,No internet service,No internet service,One year,Yes,Electronic check,38.38,1397.62,No
CUST-01244,Male,0,Yes,No,50,Yes,No,Fiber optic,Yes,Yes,Yes,No,Yes,No,One year,Yes,Bank transfer (automatic),45.7,2240.98,Yes
CUST-01245,Female,0,No,No,56,Yes,No,No,No internet service,No internet service,No internet service,No internet service,No internet service,No internet service,Month-to-month,No,Electronic check,46.15,2603.16,No
CUST-01246,Female,0,No,No,47,Yes,Yes,Fiber optic,No,Yes,No,No,No,No,Month-to-month,Yes,Credit card (automatic),72.33,3398.12,No
CUST-01247,Female,0,Yes,No,31,Yes,Yes,DSL,No,No,Yes,No,Yes,No,Two year,Yes,Electronic check,61.9,1901.69,No
CUST-01248,Male,0,No,No,11,Yes,No,Fiber optic,No,No,Yes,Yes,No,Yes,One year,Yes,Mailed check,71.3,805.07,No
CUST-01249,Male,0,No,No,0,Yes,Yes,Fiber optic,No,Yes,Yes,Yes,No,No,Two year,Yes,Credit card (automatic),61.78,18.0,Yes
CUST-01250,Female,0,No,No,57,No,No phone service,Fiber optic,No,No,Yes,Yes,Yes,No,Month-to-month,Yes,Bank transfer (automatic),76.01,4331.54,No
CUST-01251,Male,0,No,Yes,63,Yes,No,DSL,Yes,Yes,No,Yes,Yes,No,Month-to-month,Yes,Mailed check,56.17,3520.29,No
CUST-01252,Male,0,No,No,5,Yes,No,DSL,Yes,No,No,No,Yes,No,Month-to-month,No,Mailed check,53.4,261.92,Yes
CUST-01253,Male,0,Yes,No,64,Yes,No,Fiber optic,Yes,No,Yes,No,No,No,Month-to-month,Yes,Electronic check,39.74,2566.54,No
CUST-01254,Female,0,Yes,Yes,31,Yes,Yes,Fiber optic,No,Yes,No,No,No,No,Month-to-month,Yes,Bank transfer (automatic),76.86,2393.74,No
CUST-01255,Female,0,Yes,No,0,Yes,No,DSL,Yes,Yes,No,No,No,No,Month-to-month,No,Bank transfer (automatic),70.96,55.73,Yes
CUST-01256,Male,0,No,No,41,Yes,Yes,Fiber optic,Yes,No,No,Yes,No,No,Month-to-month,Yes,Credit card (automatic),66.49,2712.17,No
CUST-01257,Male,0,Yes,No,56,Yes,Yes,Fiber optic,Yes,Yes,Yes,No,No,Yes,One year,Yes,Bank transfer (automatic),52.6,2941.73,No
CUST-01258,Female,0,No,Yes,49,Yes,Yes,Fiber optic,No,No,Yes,Yes,No,No,One year,Yes,Electronic check,79.42,3907.13,No
CUST-01259,Female,0,No,Yes,0,Yes,Yes,DSL,No,No,Yes,Yes,Yes,Yes,Two year,No,Electronic check,28.1,18.0,No
CUST-01260,Female,1,No,No,3,Yes,No,No,No internet service,No internet service,No internet service,No internet service,No internet service,No internet service,Month-to-month,Yes,Electronic check,29.94,157.05,No
CUST-01261,Male,1,Yes,Yes,72,Yes,Yes,DSL,Yes,No,No,Yes,Yes,Yes,Month-to-month,Yes,Electronic check,45.1,3273.43,No
CUST-01262,Female,0,Yes,Yes,5,Yes,No,DSL,No,Yes,No,Yes,No,No,Month-to-month,No,Credit card (automatic),37.97,163.16,Yes
CUST-01263,Male,1,Yes,No,2,Yes,Yes,DSL,No,Yes,No,No,No,No,Month-to-month,No,Mailed check,66.76,118.43,No
CUST-01264,Female,1,Yes,Yes,0,Yes,Yes,DSL,No,Yes,No,No,No,No,Month-to-month,Yes,Credit card (automatic),71.11,46.18,Yes
CUST-01265,Male,0,Yes,No,37,Yes,No,Fiber optic,Yes,No,Yes,No,No,Yes,Month-to-month,Yes,Electronic check,85.3,3123.28,No
CUST-01266,Male,0,Yes,No,50,Yes,Yes,DSL,Yes,Yes,No,Yes,Yes,No,Month-to-month,Yes,Bank transfer (automatic),38.56,1976.14,No
CUST-01267,Male,0,Yes,Yes,47,Yes,No,DSL,No,No,Yes,Yes,Yes,Yes,Month-to-month,No,Electronic check,80.65,3845.84,No
CUST-01268,Male,0,No,No,1,Yes,No,DSL,Yes,No,No,Yes,Yes,No,Month-to-month,Yes,Bank transfer (automatic),35.14,18.0,No
CUST-01269,Female,0,Yes,Yes,40,Yes,No,DSL,No,No,No,No,No,Yes,Month-to-month,Yes,Electronic check,61.4,2410.55,No
CUST-01270,Male,0,Yes,Yes,27,Yes,Yes,Fiber optic,No,No,No,No,Yes,No,Two year,Yes,Electronic check,71.48,1983.09,No
CUST-01271,Male,0,No,No,41,No,No phone service,DSL,No,No,No,Yes,Yes,Yes,Two year,No,Electronic check,73.68,3053.74,No
CUST-01272,Male,1,No,No,56,Yes,No,DSL,No,No,No,Yes,No,No,One year,Yes,Mailed check,64.88,3635.86,No
CUST-01273,Female,0,No,No,39,Yes,No,No,No internet service,No internet service,No internet service,No internet service,No internet service,No internet service,Month-to-month,Yes,Mailed check,70.35,2754.03,No
CUST-01274,Female,0,No,No,50,Yes,No,Fiber optic,No,Yes,No,No,Yes,Yes,Month-to-month,No,Bank transfer (automatic),54.95,2731.81,No
CUST-01275,Female,0,Yes,No,47,Yes,Yes,DSL,Yes,Yes,No,No,No,No,Month-to-month,No,Credit card (automatic),63.39,2985.91,No
CUST-01276,Female,0,No,No,48,Yes,No,Fiber optic,Yes,No,No,Yes,No,No,One year,No,Electronic check,83.59,4059.48,No
CUST-01277,Female,1,No,No,47,Yes,No,DSL,No,No,No,No,No,No,Month-to-month,Yes,Mailed check,61.33,2934.22,No
CUST-01278,Female,0,No,No,72,Yes,Yes,DSL,No,Yes,Yes,No,No,Yes,Two year,Yes,Electronic check,42.31,3092.71,No
CUST-01279,Male,0,No,No,36,Yes,No,DSL,No,No,No,No,No,No,Month-to-month,Yes,Mailed check,54.65,1958.84,No
CUST-01280,Female,0,Yes,Yes,33,Yes,No,DSL,No,No,Yes,No,Yes,No,Month-to-month,Yes,Electronic check,67.64,2174.18,No
CUST-01281,Female,0,No,No,44,Yes,Yes,DSL,No,No,No,Yes,No,No,Two year,Yes,Mailed check,69.04,3150.27,No
CUST-01282,Female,0,No,No,40,Yes,Yes,DSL,Yes,No,Yes,No,No,No,Month-to-month,No,Mailed check,42.3,1634.38,No
CUST-01283,Male,0,No,Yes,8,Yes,Yes,Fiber optic,No,No,No,No,Yes,No,Two year,No,Credit card (automatic),47.45,391.92,No
CUST-01284,Female,0,Yes,No,63,Yes,No,DSL,Yes,No,Yes,Yes,Yes,No,Two year,Yes,Electronic check,77.74,4898.8,No
CUST-01285,Male,0,Yes,No,28,Yes,No,DSL,No,Yes,No,No,No,Yes,One year,Yes,Electronic check,67.18,1972.94,No
CUST-01286,Male,0,Yes,Yes,6,Yes,No,No,No internet service,No internet service,No internet service,No internet service,No internet service,No internet service,Month-to-month,Yes,Mailed check,64.26,454.87,No
CUST-01287,Female,0,Yes,No,25,No,No phone service,Fiber optic,No,No,No,No,No,No,Two year,No,Credit card (automatic),94.55,2253.07,Yes
CUST-01288,Male,0,Yes,No,72,Yes,Yes,Fiber optic,Yes,No,Yes,Yes,No,Yes,Two year,No,Bank transfer (automatic),74.19,5255.17,No
CUST-01289,Male,0,No,No,0,Yes,Yes,Fiber optic,No,No,No,Yes,Yes,No,One year,No,Electronic check,52.25,68.71,No
CUST-01290,Female,0,Yes,No,0,Yes,Yes,Fiber optic,No,No,No,No,Yes,Yes,One year,Yes,Bank transfer (automatic),91.52,41.06,No
CUST-01291,Male,0,Yes,No,27,Yes,No,Fiber optic,Yes,Yes,No,No,Yes,No,Month-to-month,Yes,Electronic check,64.85,1714.39,No
CUST-01292,Female,1,Yes,No,2,Yes,No,Fiber optic,No,No,No,No,No,Yes,Month-to-month,No,Credit card (automatic),100.43,215.53,No
CUST-01293,Male,0,No,No,10,Yes,Yes,No,No internet service,No internet service,No internet service,No internet service,No internet service,No internet service,Two year,Yes,Electronic check,32.67,312.49,No
CUST-01294,Male,0,No,Yes,37,Yes,No,Fiber optic,No,Yes,No,No,Yes,No,Month-to-month,Yes,Electronic check,92.77,3419.37,No
CUST-01295,Female,0,No,Yes,51,Yes,Yes,DSL,No,No,Yes,No,No,No,One year,Yes,Electronic check,38.59,1992.7,No
CUST-01296,Female,0,No,No,23,Yes,No,DSL,Yes,Yes,No,No,No,No,One year,Yes,Electronic check,75.61,1764.61,No
CUST-01297,Male,0,No,No,58,Yes,Yes,DSL,No,No,No,No,Yes,No,One year,Yes,Electronic check,28.61,1645.83,No
CUST-01298,Female,0,No,No,2,Yes,Yes,Fiber optic,Yes,Yes,Yes,No,Yes,No,Month-to-month,No,Credit card (automatic),72.24,122.67,Yes
CUST-01299,Female,0,No,Yes,0,Yes,No,No,No internet service,No internet service,No internet service,No internet service,No internet service,No internet service,Two year,Yes,Mailed check,43.43,18.0,No
CUST-01300,Male,0,Yes,Yes,72,Yes,No,Fiber optic,Yes,No,No,No,Yes,No,Month-to-month,Yes,Mailed check,57.23,4093.46,No
CUST-01301,Female,0,No,Yes,9,Yes,Yes,Fiber optic,Yes,Yes,No,Yes,Yes,Yes,Month-to-month,Yes,Electronic check,66.88,543.43,Yes
CUST-01302,Male,0,Yes,No,1,Yes,Yes,Fiber optic,No,No,No,No,Yes,No,Two year,No,Electronic check,52.19,102.73,No
CUST-01303,Female,0,No,Yes,55,Yes,No,Fiber optic,No,Yes,No,Yes,No,Yes,Month-to-month,No,Electronic check,61.71,3530.55,No
CUST-01304,Female,0,Yes,No,1,Yes,No,Fiber optic,No,No,Yes,No,No,No,One year,Yes,Mailed check,73.41,67.99,No
CUST-01305,Female,0,Yes,No,66,No,No phone service,Fiber optic,No,No,No,No,No,No,Month-to-month,Yes,Electronic check,60.47,3986.62,Yes
CUST-01306,Female,0,Yes,No,72,Yes,Yes,Fiber optic,No,No,No,Yes,No,Yes,One year,No,Mailed check,67.82,5029.02,No
CUST-01307,Male,0,No,No,27,Yes,No,Fiber optic,Yes,Yes,Yes,Yes,No,Yes,Month-to-month,No,Credit card (automatic),85.09,2219.59,Yes
CUST-01308,Male,1,No,Yes,41,Yes,Yes,Fiber optic,No,No,No,No,No,No,One year,Yes,Credit card (automatic),52.49,2120.11,No
CUST-01309,Male,0,Yes,No,1,Yes,Yes,Fiber optic,No,No,No,No,Yes,Yes,Month-to-month,Yes,Credit card (automatic),80.64,98.13,Yes
CUST-01310,Female,0,No,No,37,Yes,Yes,Fiber optic,No,No,No,No,Yes,No,Two year,No,Electronic check,60.15,2217.07,Yes
CUST-01311,Female,0,Yes,Yes,6,Yes,No,No,No internet service,No internet service,No internet service,No internet service,No internet service,No internet service,Month-to-month,Yes,Electronic check,69.43,382.06,Yes
CUST-01312,Male,0,No,No,1,Yes,No,Fiber optic,No,Yes,Yes,No,Yes,Yes,Month-to-month,Yes,Mailed check,77.95,180.59,Yes
CUST-01313,Female,0,Yes,No,52,Yes,No,Fiber optic,Yes,Yes,Yes,No,Yes,Yes,Month-to-month,Yes,Bank transfer (automatic),41.53,2207.23,No
CUST-01314,Female,0,Yes,Yes,46,Yes,No,No,No internet service,No internet service,No internet service,No internet service,No internet service,No internet service,Month-to-month,No,Electronic check,72.58,3362.25,No
CUST-01315,Female,0,No,No,47,Yes,No,No,No internet service,No internet service,No internet service,No internet service,No internet service,No internet service,Two year,Yes,Bank transfer (automatic),50.43,2420.57,No
CUST-01316,Male,0,No,Yes,72,Yes,Yes,Fiber optic,No,No,No,No,No,No,Month-to-month,Yes,Electronic check,56.18,4062.3,Yes
CUST-01317,Female,0,No,Yes,44,Yes,No,No,No internet service,No internet service,No internet service,No internet service,No internet service,No internet service,Month-to-month,Yes,Electronic check,81.68,3637.86,Yes
CUST-01318,Female,0,No,Yes,0,Yes,Yes,No,No internet service,No internet service,No internet service,No internet service,No internet service,No internet service,Month-to-month,No,Credit card (automatic),42.68,39.8,No
CUST-01319,Male,1,No,No,39,Yes,No,DSL,Yes,Yes,No,No,No,Yes,Month-to-month,No,Bank transfer (automatic),33.04,1195.63,No
CUST-01320,Male,0,Yes,No,72,Yes,Yes,Fiber optic,No,No,No,No,Yes,No,Month-to-month,Yes,Bank transfer (automatic),99.58,7168.9,Yes
CUST-01321,Male,0,Yes,No,48,Yes,No,Fiber optic,Yes,Yes,Yes,Yes,No,No,Month-to-month,Yes,Credit card (automatic),73.63,3533.47,No
CUST-01322,Male,0,No,No,6,Yes,No,Fiber optic,No,Yes,No,No,No,No,Two year,No,Electronic check,89.7,489.74,Yes
CUST-01323,Female,0,Yes,No,10,Yes,No,No,No internet service,No internet service,No internet service,No internet service,No internet service,No internet service,Two year,No,Bank transfer (automatic),46.94,437.83,No
CUST-01324,Female,0,No,No,0,Yes,No,DSL,No,No,No,Yes,Yes,Yes,Month-to-month,No,Bank transfer (automatic),45.1,18.0,Yes
CUST-01325,Female,0,Yes,No,72,No,No phone service,Fiber optic,No,Yes,No,No,No,No,Month-to-month,Yes,Bank transfer (automatic),55.54,3993.81,Yes
CUST-01326,Male,0,No,No,31,No,No phone service,Fiber optic,Yes,No,Yes,Yes,Yes,Yes,Month-to-month,Yes,Electronic check,65.91,2122.74,No
CUST-01327,Female,0,Yes,No,4,Yes,Yes,Fiber optic,No,No,No,Yes,Yes,No,Month-to-month,No,Electronic check,57.71,279.32,Yes
CUST-01328,Male,0,No,No,18,Yes,No,Fiber optic,Yes,No,No,No,No,Yes,Month-to-month,Yes,Mailed check,52.41,930.27,No
CUST-01329,Female,0,No,Yes,25,Yes,Yes,Fiber optic,No,Yes,No,No,No,No,Month-to-month,Yes,Credit card (automatic),58.57,1522.09,Yes
CUST-01330,Male,0,Yes,No,43,Yes,No,DSL,No,No,No,No,Yes,No,Month-to-month,Yes,Bank transfer (automatic),55.57,2373.71,No
CUST-01331,Male,0,Yes,Yes,18,Yes,Yes,DSL,No,No,Yes,No,No,No,Two year,Yes,Mailed check,50.31,799.43,No
CUST-01332,Female,0,Yes,No,72,Yes,No,DSL,No,No,Yes,No,No,No,Month-to-month,No,Mailed check,18.0,1284.66,No
CUST-01333,Male,0,Yes,No,47,Yes,No,DSL,No,Yes,Yes,Yes,No,No,Month-to-month,Yes,Bank transfer (automatic),28.82,1414.39,No
CUST-01334,Female,1,Yes,Yes,61,Yes,Yes,Fiber optic,Yes,No,No,Yes,Yes,No,Two year,No,Credit card (automatic),66.57,4151.32,No
CUST-01335,Female,0,No,No,46,Yes,No,No,No internet service,No internet service,No internet service,No internet service,No internet service,No internet service,Month-to-month,No,Electronic check,34.74,1606.17,Yes
CUST-01336,Female,0,Yes,No,18,Yes,No,DSL,No,No,No,Yes,No,Yes,Two year,Yes,Mailed check,66.29,1183.52,No
CUST-01337,Female,0,Yes,No,21,Yes,No,Fiber optic,Yes,No,Yes,No,No,No,One year,No,Credit card (automatic),69.44,1455.8,No
CUST-01338,Male,0,Yes,No,5,Yes,Yes,DSL,Yes,No,No,Yes,No,No,Month-to-month,Yes,Mailed check,55.65,254.19,No
CUST-01339,Female,0,Yes,No,0,Yes,No,Fiber optic,No,Yes,Yes,No,Yes,No,Month-to-month,No,Mailed check,75.88,18.0,Yes
CUST-01340,Male,1,Yes,Yes,52,Yes,Yes,DSL,No,No,No,Yes,Yes,Yes,One year,No,Bank transfer (automatic),73.46,3771.48,No
CUST-01341,Female,0,No,No,9,Yes,No,DSL,Yes,Yes,Yes,Yes,Yes,No,One year,Yes,Bank transfer (automatic),58.32,462.23,No
CUST-01342,Male,0,No,No,2,Yes,No,No,No internet service,No internet service,No internet service,No internet service,No internet service,No internet service,Month-to-month,Yes,Mailed check,18.79,27.24,No
CUST-01343,Male,0,No,No,65,Yes,Yes,Fiber optic,No,No,Yes,No,No,Yes,One year,Yes,Credit card (automatic),89.74,5821.39,Yes
CUST-01344,Female,0,Yes,No,0,Yes,Yes,DSL,No,No,Yes,No,Yes,No,Month-to-month,Yes,Electronic check,70.24,18.0,No
CUST-01345,Male,0,No,No,8,Yes,Yes,DSL,Yes,No,No,No,No,No,Month-to-month,No,Electronic check,38.29,309.32,No
CUST-01346,Female,0,No,Yes,61,No,No phone service,No,No internet service,No internet service,No internet service,No internet service,No internet service,No internet service,Month-to-month,No,Mailed check,48.85,2992.92,No
CUST-01347,Female,0,No,No,72,Yes,Yes,Fiber optic,No,Yes,Yes,Yes,No,No,Month-to-month,No,Bank transfer (automatic),55.91,4059.57,No
CUST-01348,Female,0,No,No,0,Yes,No,No,No internet service,No internet service,No internet service,No internet service,No internet service,No internet service,One year,Yes,Electronic check,37.14,18.0,No
CUST-01349,Female,0,Yes,No,57,Yes,No,Fiber optic,No,No,No,No,No,Yes,Month-to-month,No,Electronic check,70.92,4058.15,Yes
CUST-01350,Female,0,No,Yes,0,Yes,No,Fiber optic,No,No,No,No,Yes,No,Two year,Yes,Mailed check,72.78,48.42,No
CUST-01351,Male,0,No,No,70,Yes,No,Fiber optic,No,No,No,No,No,No,Month-to-month,Yes,Mailed check,72.27,5090.21,No
CUST-01352,Male,0,No,No,4,Yes,No,Fiber optic,No,Yes,No,No,Yes,No,Two year,Yes,Bank transfer (automatic),70.12,307.41,No
CUST-01353,Male,0,No,Yes,13,Yes,Yes,No,No internet service,No internet service,No internet service,No internet service,No internet service,No internet service,Two year,No,Bank transfer (automatic),66.02,847.93,No
CUST-01354,Female,0,No,Yes,72,Yes,No,DSL,No,No,No,No,No,No,Month-to-month,No,Credit card (automatic),63.16,4511.71,No
CUST-01355,Male,0,Yes,No,18,Yes,No,Fiber optic,No,No,No,Yes,Yes,Yes,Two year,Yes,Bank transfer (automatic),73.47,1326.2,No
CUST-01356,Male,0,No,Yes,26,Yes,Yes,DSL,No,No,Yes,No,Yes,Yes,Month-to-month,Yes,Electronic check,45.05,1196.63,Yes
CUST-01357,Male,0,No,No,38,Yes,Yes,No,No internet service,No internet service,No internet service,No internet service,No internet service,No internet service,Month-to-month,No,Credit card (automatic),42.54,1642.88,No
CUST-01358,Male,0,No,No,18,Yes,No,Fiber optic,No,No,Yes,No,No,Yes,Month-to-month,Yes,Electronic check,62.07,1190.11,Yes
CUST-01359,Male,0,No,No,4,Yes,Yes,DSL,No,Yes,No,No,No,Yes,Month-to-month,No,Bank transfer (automatic),51.67,178.03,Yes
CUST-01360,Male,0,Yes,No,72,Yes,Yes,Fiber optic,No,No,Yes,No,No,No,Month-to-month,Yes,Electronic check,47.09,3389.42,No
CUST-01361,Male,0,Yes,No,34,Yes,No,Fiber optic,No,Yes,No,Yes,No,Yes,One year,Yes,Mailed check,64.6,2198.84,No
CUST-01362,Male,0,Yes,Yes,45,Yes,No,No,No internet service,No internet service,No internet service,No internet service,No internet service,No internet service,Month-to-month,Yes,Mailed check,63.67,2810.68,No
CUST-01363,Male,1,No,No,72,Yes,No,Fiber optic,Yes,Yes,No,No,No,No,Month-to-month,Yes,Mailed check,72.83,5213.56,Yes
CUST-01364,Male,1,No,Yes,0,Yes,No,DSL,No,No,No,No,No,No,Two year,Yes,Mailed check,56.94,18.0,No
CUST-01365,Female,0,No,Yes,2,Yes,Yes,Fiber optic,No,No,No,No,No,No,One year,No,Mailed check,44.08,78.49,No
CUST-01366,Male,0,No,Yes,61,Yes,No,DSL,Yes,No,No,No,No,Yes,One year,No,Bank transfer (automatic),34.48,2072.81,No
CUST-01367,Male,0,No,No,20,Yes,Yes,Fiber optic,No,Yes,No,Yes,No,No,Month-to-month,No,Bank transfer (automatic),47.45,1005.15,Yes
CUST-01368,Male,1,Yes,Yes,8,Yes,No,Fiber optic,Yes,No,No,Yes,No,Yes,Month-to-month,Yes,Mailed check,51.74,425.87,No
CUST-01369,Female,0,No,Yes,3,Yes,No,Fiber optic,No,Yes,No,Yes,Yes,Yes,Month-to-month,No,Credit card (automatic),58.55,208.85,No
CUST-01370,Female,0,No,No,19,Yes,No,Fiber optic,No,Yes,No,No,Yes,No,One year,Yes,Mailed check,55.42,1032.87,No
CUST-01371,Female,0,No,Yes,4,Yes,No,DSL,No,No,Yes,Yes,Yes,No,Month-to-month,No,Bank transfer (automatic),50.57,149.82,No
CUST-01372,Male,0,No,No,45,Yes,No,No,No internet service,No internet service,No internet service,No internet service,No internet service,No internet service,Two year,Yes,Electronic check,62.27,2827.53,No
CUST-01373,Male,0,No,No,48,Yes,Yes,No,No internet service,No internet service,No internet service,No internet service,No internet service,No internet service,Month-to-month,Yes,Credit card (automatic),54.45,2463.38,No
CUST-01374,Male,0,Yes,No,43,Yes,Yes,Fiber optic,No,No,Yes,Yes,Yes,No,Month-to-month,No,Electronic check,93.13,4018.1,No
CUST-01375,Female,0,No,Yes,28,Yes,No,Fiber optic,Yes,No,No,Yes,Yes,Yes,Two year,No,Bank transfer (automatic),41.95,1058.82,No
CUST-01376,Female,0,No,Yes,5,Yes,Yes,Fiber optic,No,No,No,No,No,No,Two year,Yes,Credit card (automatic),72.75,407.37,No
CUST-01377,Female,1,Yes,No,55,Yes,Yes,Fiber optic,No,No,Yes,No,Yes,Yes,Month-to-month,Yes,Mailed check,65.12,3487.02,No
CUST-01378,Female,0,Yes,No,4,Yes,Yes,DSL,No,No,Yes,No,No,No,Month-to-month,Yes,Electronic check,68.59,227.74,No
CUST-01379,Female,0,Yes,Yes,64,Yes,No,Fiber optic,Yes,Yes,No,No,No,Yes,Month-to-month,No,Mailed check,72.94,4705.86,No
CUST-01380,Female,0,Yes,No,32,Yes,No,DSL,No,No,Yes,No,Yes,Yes,Month-to-month,Yes,Credit card (automatic),58.9,1817.16,Yes
CUST-01381,Female,0,No,No,72,Yes,Yes,No,No internet service,No internet service,No internet service,No internet service,No internet service,No internet service,One year,Yes,Credit card (automatic),37.83,2724.25,No
CUST-01382,Male,1,Yes,Yes,56,Yes,No,No,No internet service,No internet service,No internet service,No internet service,No internet service,No internet service,One year,Yes,Electronic check,51.29,2947.53,No
CUST-01383,Male,0,Yes,No,72,Yes,Yes,DSL,No,No,No,Yes,No,Yes,Two year,No,Credit card (automatic),78.07,5687.36,No
CUST-01384,Female,0,No,No,44,Yes,No,Fiber optic,No,No,No,No,No,Yes,One year,Yes,Bank transfer (automatic),30.22,1347.63,No
CUST-01385,Male,1,Yes,No,54,No,No phone service,DSL,No,No,No,No,No,No,One year,No,Bank transfer (automatic),43.89,2440.23,No
CUST-01386,Male,0,No,No,72,Yes,No,DSL,No,No,No,Yes,Yes,No,Two year,No,Electronic check,82.72,5973.87,No
CUST-01387,Female,0,Yes,No,40,Yes,No,DSL,Yes,No,No,Yes,Yes,No,Month-to-month,Yes,Mailed check,72.95,2877.82,No
CUST-01388,Male,0,Yes,No,1,Yes,No,Fiber optic,Yes,No,No,No,No,No,Two year,Yes,Electronic check,74.13,18.0,No
CUST-01389,Female,0,No,No,61,Yes,No,No,No internet service,No internet service,No internet service,No internet service,No internet service,No internet service,Month-to-month,No,Bank transfer (automatic),32.04,1955.27,No
CUST-01390,Female,0,No,No,63,Yes,Yes,DSL,No,Yes,Yes,No,Yes,No,One year,Yes,Mailed check,43.42,2737.08,No
CUST-01391,Male,0,No,No,0,Yes,Yes,No,No internet service,No internet service,No internet service,No internet service,No internet service,No internet service,One year,Yes,Bank transfer (automatic),46.99,77.53,No
CUST-01392,Female,1,No,No,0,Yes,Yes,Fiber optic,Yes,No,No,No,No,Yes,Two year,No,Bank transfer (automatic),66.64,18.0,No
CUST-01393,Female,0,Yes,Yes,13,Yes,No,DSL,Yes,No,No,No,Yes,Yes,Month-to-month,Yes,Bank transfer (automatic),42.91,604.68,No
CUST-01394,Female,0,No,No,65,Yes,No,Fiber optic,No,No,Yes,No,No,Yes,Month-to-month,Yes,Electronic check,60.16,3935.32,Yes
CUST-01395,Male,0,Yes,No,19,No,No phone service,Fiber optic,No,No,Yes,No,No,No,Month-to-month,No,Electronic check,107.85,2052.64,Yes
CUST-01396,Female,0,No,Yes,5,Yes,No,Fiber optic,No,No,No,Yes,No,Yes,Two year,No,Mailed check,69.14,276.46,No
CUST-01397,Female,1,Yes,No,68,Yes,No,Fiber optic,Yes,No,No,No,No,Yes,Month-to-month,No,Mailed check,45.87,3061.55,No
CUST-01398,Female,0,No,No,72,Yes,No,DSL,No,No,No,No,No,No,Two year,Yes,Electronic check,78.74,5689.57,No
CUST-01399,Male,0,Yes,No,6,Yes,No,Fiber optic,No,No,Yes,Yes,No,Yes,Month-to-month,Yes,Electronic check,64.68,398.81,No
CUST-01400,Male,0,Yes,No,53,Yes,No,Fiber optic,Yes,No,Yes,No,No,Yes,One year,No,Electronic check,99.27,5181.98,No
CUST-01401,Female,0,Yes,Yes,9,Yes,No,No,No internet service,No internet service,No internet service,No internet service,No internet service,No internet service,Month-to-month,Yes,Mailed check,59.18,500.91,No
CUST-01402,Male,1,No,No,33,Yes,Yes,Fiber optic,No,No,Yes,No,No,No,Month-to-month,No,Credit card (automatic),22.06,648.83,Yes
CUST-01403,Male,0,Yes,Yes,10,Yes,No,DSL,No,No,Yes,No,No,Yes,Two year,No,Electronic check,22.76,283.13,No
CUST-01404,Male,0,No,No,55,No,No phone service,No,No internet service,No internet service,No internet service,No internet service,No internet service,No internet service,One year,No,Electronic check,44.59,2455.81,No
CUST-01405,Male,0,Yes,No,0,Yes,Yes,DSL,No,No,No,No,No,Yes,One year,No,Electronic check,57.91,38.04,No
CUST-01406,Male,0,No,No,14,Yes,No,DSL,No,No,No,Yes,Yes,Yes,One year,Yes,Bank transfer (automatic),61.29,794.19,No
CUST-01407,Male,0,Yes,Yes,5,Yes,No,Fiber optic,No,No,No,No,No,Yes,Month-to-month,No,Electronic check,88.1,421.75,Yes
CUST-01408,Female,0,No,No,39,No,No phone service,DSL,No,Yes,Yes,No,No,No,Month-to-month,No,Electronic check,53.24,2046.68,No
CUST-01409,Male,0,Yes,No,32,Yes,No,Fiber optic,Yes,Yes,Yes,Yes,No,Yes,Two year,No,Credit card (automatic),47.01,1480.49,No
CUST-01410,Male,0,Yes,No,46,Yes,Yes,Fiber optic,Yes,Yes,Yes,No,Yes,Yes,One year,Yes,Bank transfer (automatic),68.87,3245.31,No
CUST-01411,Male,0,Yes,Yes,3,Yes,No,No,No internet service,No internet service,No internet service,No internet service,No internet service,No internet service,Two year,Yes,Credit card (automatic),18.0,84.68,No
CUST-01412,Female,0,Yes,Yes,54,Yes,Yes,Fiber optic,No,Yes,No,No,No,No,Two year,No,Bank transfer (automatic),61.44,3344.55,No
CUST-01413,Male,0,Yes,No,29,Yes,No,Fiber optic,No,No,No,Yes,Yes,No,Two year,Yes,Electronic check,81.52,2345.61,No
CUST-01414,Female,0,Yes,No,53,Yes,No,No,No internet service,No internet service,No internet service,No internet service,No internet service,No internet service,Two year,Yes,Bank transfer (automatic),67.65,3562.25,No
CUST-01415,Female,0,No,No,10,Yes,No,Fiber optic,Yes,No,No,No,No,No,Month-to-month,Yes,Electronic check,66.31,687.09,Yes
CUST-01416,Female,0,No,No,62,Yes,No,DSL,No,No,No,No,Yes,No,One year,Yes,Electronic check,58.83,3752.05,No
CUST-01417,Female,0,Yes,No,62,Yes,No,Fiber optic,No,No,No,No,No,No,Month-to-month,Yes,Mailed check,48.21,2977.04,No
CUST-01418,Male,0,Yes,No,34,Yes,Yes,No,No internet service,No internet service,No internet service,No internet service,No internet service,No internet service,One year,No,Credit card (automatic),59.03,1932.41,No
CUST-01419,Female,1,Yes,Yes,49,Yes,No,Fiber optic,Yes,Yes,Yes,No,Yes,Yes,Two year,Yes,Credit card (automatic),62.79,3060.74,No
CUST-01420,Male,0,Yes,Yes,16,Yes,Yes,Fiber optic,No,No,No,No,Yes,No,Two year,No,Electronic check,67.23,1086.06,Yes
CUST-01421,Female,0,Yes,Yes,60,Yes,No,Fiber optic,No,No,No,No,No,Yes,Month-to-month,Yes,Mailed check,78.26,4751.5,Yes
CUST-01422,Female,1,Yes,No,56,Yes,No,DSL,No,No,No,No,No,Yes,One year,Yes,Bank transfer (automatic),51.77,2928.53,No
CUST-01423,Female,0,Yes,No,1,Yes,No,Fiber optic,No,Yes,No,Yes,No,No,Month-to-month,Yes,Bank transfer (automatic),79.33,91.96,Yes
CUST-01424,Female,0,No,No,10,Yes,Yes,Fiber optic,No,No,Yes,No,No,Yes,One year,No,Electronic check,64.54,611.37,Yes
CUST-01425,Male,0,No,No,30,Yes,Yes,Fiber optic,No,Yes,No,No,No,No,Month-to-month,Yes,Mailed check,73.94,2233.53,No
CUST-01426,Female,0,No,No,3,Yes,Yes,Fiber optic,No,No,No,No,No,No,Month-to-month,Yes,Bank transfer (automatic),59.82,98.01,No
CUST-01427,Female,0,Yes,No,4,Yes,No,Fiber optic,No,No,Yes,No,Yes,Yes,Month-to-month,Yes,Credit card (automatic),82.07,362.08,Yes
CUST-01428,Female,0,No,No,3,Yes,No,Fiber optic,No,Yes,No,No,Yes,No,Month-to-month,No,Electronic check,64.24,123.6,No
CUST-01429,Male,0,Yes,Yes,37,Yes,No,No,No internet service,No internet service,No internet service,No internet service,No internet service,No internet service,Month-to-month,Yes,Electronic check,56.24,2082.88,Yes
CUST-01430,Female,0,Yes,Yes,33,Yes,No,Fiber optic,No,No,No,No,No,Yes,Two year,Yes,Bank transfer (automatic),67.57,2216.87,No
CUST-01431,Male,0,No,No,60,Yes,Yes,No,No internet service,No internet service,No internet service,No internet service,No internet service,No internet service,Month-to-month,Yes,Mailed check,51.3,3129.72,No
CUST-01432,Male,1,Yes,No,58,Yes,Yes,DSL,No,No,Yes,No,No,Yes,Two year,Yes,Bank transfer (automatic),42.4,2420.04,No
CUST-01433,Male,0,Yes,No,49,Yes,No,DSL,No,No,Yes,Yes,Yes,No,One year,Yes,Electronic check,77.54,3705.0,No
CUST-01434,Female,0,No,No,45,Yes,Yes,No,No internet service,No internet service,No internet service,No internet service,No internet service,No internet service,Month-to-month,Yes,Bank transfer (automatic),52.58,2366.53,No
CUST-01435,Male,1,No,No,65,Yes,Yes,Fiber optic,No,Yes,Yes,Yes,Yes,No,Month-to-month,No,Electronic check,42.49,2797.67,Yes
CUST-01436,Male,0,No,No,62,Yes,Yes,No,No internet service,No internet service,No internet service,No internet service,No internet service,No internet service,Month-to-month,No,Electronic check,58.56,3699.88,Yes
CUST-01437,Male,0,Yes,Yes,30,Yes,No,Fiber optic,No,No,No,No,No,No,Month-to-month,Yes,Credit card (automatic),100.72,3005.45,Yes
CUST-01438,Female,0,Yes,No,4,Yes,Yes,DSL,No,Yes,No,Yes,No,Yes,Month-to-month,Yes,Electronic check,44.23,227.69,No
CUST-01439,Male,0,No,No,4,Yes,No,Fiber optic,No,Yes,Yes,No,Yes,No,Month-to-month,Yes,Mailed check,61.0,253.53,Yes
CUST-01440,Female,0,Yes,Yes,15,Yes,No,DSL,Yes,Yes,No,No,No,Yes,One year,No,Mailed check,74.04,1135.36,No
CUST-01441,Female,0,Yes,No,0,Yes,No,Fiber optic,Yes,No,No,No,Yes,Yes,One year,Yes,Mailed check,55.95,18.83,No
CUST-01442,Female,0,Yes,No,41,Yes,Yes,Fiber optic,Yes,No,No,No,No,No,Month-to-month,No,Credit card (automatic),77.89,3110.41,Yes
CUST-01443,Female,0,No,No,72,Yes,Yes,Fiber optic,No,No,No,No,Yes,No,Two year,No,Mailed check,81.21,5784.08,Yes
CUST-01444,Male,0,No,Yes,26,Yes,No,Fiber optic,No,No,No,No,No,No,Two year,No,Bank transfer (automatic),58.95,1483.15,Yes
CUST-01445,Male,0,Yes,No,59,Yes,Yes,Fiber optic,No,No,No,No,Yes,No,One year,Yes,Mailed check,70.15,4108.98,Yes
CUST-01446,Male,0,No,No,39,Yes,No,No,No internet service,No internet service,No internet service,No internet service,No internet service,No internet service,Two year,Yes,Bank transfer (automatic),61.75,2374.75,No
CUST-01447,Female,0,Yes,Yes,40,Yes,Yes,DSL,Yes,No,No,No,No,No,Two year,No,Credit card (automatic),60.79,2421.21,No
CUST-01448,Female,0,No,No,3,Yes,No,DSL,Yes,No,No,Yes,Yes,Yes,Month-to-month,Yes,Credit card (automatic),42.49,120.21,No
CUST-01449,Female,0,Yes,No,6,Yes,No,DSL,Yes,Yes,Yes,No,No,Yes,Two year,Yes,Credit card (automatic),49.73,281.73,No
CUST-01450,Male,0,Yes,No,23,Yes,No,Fiber optic,No,Yes,No,No,No,No,One year,No,Credit card (automatic),84.68,2016.32,No
CUST-01451,Male,0,Yes,No,55,Yes,No,DSL,No,Yes,No,No,No,Yes,Month-to-month,No,Bank transfer (automatic),81.55,4532.03,No
CUST-01452,Male,1,No,No,65,Yes,Yes,Fiber optic,Yes,No,No,Yes,No,No,Month-to-month,Yes,Bank transfer (automatic),82.31,5331.09,No
CUST-01453,Male,0,No,No,16,Yes,Yes,DSL,No,No,No,No,Yes,Yes,Two year,Yes,Bank transfer (automatic),87.33,1454.36,No
CUST-01454,Male,0,No,No,2,Yes,Yes,DSL,No,No,Yes,No,No,No,Month-to-month,No,Electronic check,52.01,232.35,No
CUST-01455,Female,0,Yes,No,0,Yes,No,Fiber optic,No,Yes,Yes,Yes,No,Yes,Two year,No,Credit card (automatic),85.3,18.0,No
CUST-01456,Male,0,Yes,No,16,Yes,Yes,No,No internet service,No internet service,No internet service,No internet service,No internet service,No internet service,Two year,No,Bank transfer (automatic),49.77,748.72,No
CUST-01457,Female,0,Yes,No,6,Yes,No,DSL,No,Yes,No,Yes,No,No,Month-to-month,Yes,Bank transfer (automatic),83.18,476.22,No
CUST-01458,Male,1,Yes,No,2,Yes,Yes,DSL,No,No,No,No,No,No,Month-to-month,No,Bank transfer (automatic),56.83,148.66,Yes
CUST-01459,Male,1,Yes,No,35,Yes,Yes,DSL,No,No,No,No,No,No,Month-to-month,Yes,Bank transfer (automatic),69.2,2385.68,Yes
CUST-01460,Female,0,No,No,56,Yes,No,No,No internet service,No internet service,No internet service,No internet service,No internet service,No internet service,Two year,Yes,Electronic check,43.88,2419.58,No
CUST-01461,Female,0,No,No,2,Yes,Yes,Fiber optic,No,No,Yes,No,Yes,Yes,Month-to-month,No,Credit card (automatic),63.33,118.2,No
CUST-01462,Male,0,No,No,72,Yes,Yes,No,No internet service,No internet service,No internet service,No internet service,No internet service,No internet service,Month-to-month,No,Electronic check,71.49,5194.6,Yes
CUST-01463,Male,0,Yes,No,4,Yes,Yes,DSL,No,Yes,No,No,No,No,Month-to-month,Yes,Bank transfer (automatic),47.18,215.38,No
CUST-01464,Male,0,Yes,No,53,Yes,No,DSL,No,Yes,No,Yes,No,No,Month-to-month,Yes,Mailed check,57.42,3111.48,No
CUST-01465,Female,0,No,No,72,Yes,Yes,Fiber optic,Yes,Yes,No,No,Yes,No,Two year,Yes,Electronic check,52.99,3749.45,No
CUST-01466,Male,0,Yes,No,5,Yes,Yes,Fiber optic,Yes,No,Yes,No,No,Yes,Month-to-month,Yes,Credit card (automatic),80.21,378.09,Yes
CUST-01467,Female,1,No,Yes,45,Yes,Yes,No,No internet service,No internet service,No internet service,No internet service,No internet service,No internet service,Two year,No,Mailed check,26.06,1129.62,No
CUST-01468,Male,0,No,Yes,10,Yes,No,DSL,No,No,No,No,No,No,Month-to-month,No,Credit card (automatic),36.46,321.67,No
CUST-01469,Female,0,Yes,No,31,Yes,No,No,No internet service,No internet service,No internet service,No internet service,No internet service,No internet service,Month-to-month,Yes,Mailed check,62.83,1939.87,No
CUST-01470,Male,1,Yes,No,44,Yes,Yes,Fiber optic,No,No,Yes,No,No,No,Two year,Yes,Credit card (automatic),70.48,3121.68,No
CUST-01471,Female,0,No,Yes,43,Yes,No,Fiber optic,Yes,No,Yes,No,No,No,Two year,Yes,Electronic check,69.54,2961.18,No
CUST-01472,Female,0,No,No,60,Yes,Yes,No,No internet service,No internet service,No internet service,No internet service,No internet service,No internet service,Two year,Yes,Credit card (automatic),28.09,1717.39,No
CUST-01473,Male,0,No,No,14,Yes,No,Fiber optic,Yes,No,No,Yes,No,Yes,One year,Yes,Credit card (automatic),75.67,992.09,No
CUST-01474,Male,0,No,Yes,0,No,No phone service,Fiber optic,No,Yes,Yes,No,Yes,No,One year,No,Credit card (automatic),86.97,45.54,Yes
CUST-01475,Female,0,No,No,1,Yes,No,Fiber optic,Yes,Yes,No,No,No,No,Two year,No,Bank transfer (automatic),78.64,48.21,No
CUST-01476,Male,0,Yes,Yes,8,Yes,Yes,DSL,No,No,No,No,Yes,No,Month-to-month,No,Credit card (automatic),28.1,281.87,Yes
CUST-01477,Male,0,No,No,12,Yes,No,DSL,No,No,No,No,No,No,Month-to-month,No,Electronic check,77.0,981.1,No
CUST-01478,Male,0,No,No,55,Yes,No,No,No internet service,No internet service,No internet service,No internet service,No internet service,No internet service,One year,Yes,Bank transfer (automatic),50.27,2707.95,No
CUST-01479,Male,0,Yes,No,3,Yes,Yes,No,No internet service,No internet service,No internet service,No internet service,No internet service,No internet service,Two year,No,Mailed check,38.07,108.71,No
CUST-01480,Male,0,Yes,No,1,Yes,No,No,No internet service,No internet service,No internet service,No internet service,No internet service,No internet service,Month-to-month,Yes,Electronic check,46.95,28.43,Yes
CUST-01481,Male,0,No,Yes,29,Yes,No,Fiber optic,Yes,No,No,No,No,Yes,Two year,Yes,Bank transfer (automatic),61.2,1750.14,No
CUST-01482,Male,0,No,No,63,No,No phone service,Fiber optic,No,Yes,Yes,No,Yes,No,Two year,Yes,Mailed check,70.67,4478.54,No
CUST-01483,Male,0,Yes,No,42,Yes,No,DSL,No,No,No,No,No,No,One year,No,Electronic check,50.89,2146.0,No
CUST-01484,Male,0,No,No,54,Yes,No,Fiber optic,No,No,Yes,Yes,Yes,No,Month-to-month,No,Electronic check,82.11,4405.57,Yes
CUST-01485,Male,0,No,Yes,13,Yes,No,Fiber optic,Yes,No,No,No,No,No,Two year,Yes,Electronic check,77.05,975.29,Yes
CUST-01486,Female,0,No,No,64,Yes,No,Fiber optic,No,No,Yes,No,No,No,Two year,No,Credit card (automatic),81.05,5241.11,No
CUST-01487,Male,0,Yes,Yes,39,Yes,Yes,Fiber optic,No,No,Yes,No,No,No,Month-to-month,No,Electronic check,83.48,3178.61,Yes
CUST-01488,Male,0,Yes,No,48,No,No phone service,DSL,Yes,Yes,No,No,Yes,No,Month-to-month,Yes,Mailed check,71.72,3422.18,No
CUST-01489,Male,0,Yes,No,18,Yes,No,Fiber optic,Yes,No,Yes,Yes,Yes,No,Two year,Yes,Electronic check,53.94,1015.53,No
CUST-01490,Female,0,No,No,9,Yes,Yes,Fiber optic,No,Yes,No,Yes,Yes,Yes,Month-to-month,Yes,Mailed check,86.58,743.25,Yes
CUST-01491,Male,0,No,Yes,72,Yes,Yes,No,No internet service,No internet service,No internet service,No internet service,No internet service,No internet service,Two year,No,Bank transfer (automatic),18.51,1335.25,No
CUST-01492,Male,0,Yes,Yes,13,Yes,Yes,Fiber optic,No,No,No,No,No,Yes,Month-to-month,Yes,Bank transfer (automatic),80.5,1047.7,No
CUST-01493,Male,0,No,Yes,16,Yes,Yes,Fiber optic,Yes,Yes,Yes,Yes,Yes,No,One year,Yes,Mailed check,91.57,1457.9,No
CUST-01494,Male,0,Yes,No,28,Yes,No,Fiber optic,No,No,Yes,No,No,Yes,Month-to-month,No,Electronic check,74.73,2086.17,No
CUST-01495,Male,0,No,No,60,Yes,Yes,DSL,Yes,No,No,Yes,No,No,Month-to-month,No,Mailed check,52.84,3094.89,No
CUST-01496,Male,0,Yes,No,2,Yes,No,DSL,No,No,No,No,No,No,Month-to-month,No,Electronic check,50.7,74.59,Yes
CUST-01497,Female,0,No,Yes,10,Yes,No,No,No internet service,No internet service,No internet service,No internet service,No internet service,No internet service,One year,No,Mailed check,28.41,267.97,No
CUST-01498,Female,0,No,Yes,1,No,No phone service,DSL,No,Yes,Yes,No,Yes,No,One year,Yes,Electronic check,82.22,172.42,No
CUST-01499,Male,1,No,No,5,Yes,No,Fiber optic,Yes,Yes,No,Yes,No,No,Month-to-month,No,Mailed check,50.9,211.54,No
CUST-01500,Female,0,Yes,No,23,Yes,No,Fiber optic,No,Yes,No,Yes,No,No,Two year,Yes,Electronic check,53.92,1102.51,No
CUST-01501,Female,1,Yes,No,12,Yes,No,No,No internet service,No internet service,No internet service,No internet service,No internet service,No internet service,Month-to-month,Yes,Electronic check,19.62,316.17,Yes
CUST-01502,Male,0,Yes,Yes,60,Yes,No,Fiber optic,Yes,No,No,No,No,No,Month-to-month,Yes,Bank transfer (automatic),92.48,5571.99,No
CUST-01503,Male,0,No,Yes,50,Yes,Yes,Fiber optic,Yes,Yes,Yes,No,Yes,Yes,Month-to-month,No,Electronic check,59.4,2970.39,Yes
CUST-01504,Male,0,Yes,No,61,No,No phone service,Fiber optic,No,No,No,No,Yes,Yes,Two year,Yes,Mailed check,86.83,5279.85,No
CUST-01505,Female,0,No,No,72,Yes,No,DSL,No,No,No,Yes,No,Yes,Month-to-month,No,Credit card (automatic),68.7,4877.42,No
CUST-01506,Male,0,No,No,72,Yes,No,Fiber optic,No,No,Yes,No,Yes,Yes,Month-to-month,Yes,Electronic check,79.05,5765.38,Yes
CUST-01507,Female,0,Yes,Yes,35,Yes,Yes,DSL,Yes,No,Yes,No,Yes,Yes,Month-to-month,No,Bank transfer (automatic),60.01,2086.23,No
CUST-01508,Male,0,Yes,Yes,60,Yes,No,Fiber optic,No,No,Yes,Yes,No,No,Two year,Yes,Bank transfer (automatic),75.98,4520.82,No
CUST-01509,Female,0,Yes,No,64,Yes,No,DSL,No,Yes,No,No,No,No,One year,No,Credit card (automatic),71.9,4709.67,No
CUST-01510,Female,1,No,Yes,2,Yes,No,No,No internet service,No internet service,No internet service,No internet service,No internet service,No internet service,One year,No,Credit card (automatic),45.54,89.34,No
CUST-01511,Male,0,No,No,64,Yes,Yes,DSL,No,No,No,No,No,No,Two year,Yes,Credit card (automatic),48.65,3150.73,No
CUST-01512,Male,0,Yes,Yes,0,Yes,No,DSL,No,Yes,Yes,No,No,No,Month-to-month,Yes,Credit card (automatic),76.97,102.06,Yes
CUST-01513,Female,0,No,No,0,Yes,Yes,Fiber optic,No,No,Yes,No,No,No,Month-to-month,No,Bank transfer (automatic),77.62,18.0,Yes
CUST-01514,Male,0,Yes,Yes,1,No,No phone service,DSL,Yes,No,No,No,No,No,Month-to-month,No,Mailed check,21.87,18.0,No
CUST-01515,Male,1,Yes,No,72,Yes,Yes,DSL,No,No,Yes,Yes,No,Yes,Month-to-month,Yes,Bank transfer (automatic),44.31,3161.46,No
CUST-01516,Female,0,No,Yes,66,Yes,No,No,No internet service,No internet service,No internet service,No internet service,No internet service,No internet service,One year,Yes,Electronic check,42.01,2767.87,No
CUST-01517,Male,1,No,Yes,1,Yes,No,DSL,No,No,Yes,No,Yes,No,Month-to-month,Yes,Bank transfer (automatic),74.89,128.71,No
CUST-01518,Male,0,Yes,No,52,Yes,Yes,Fiber optic,No,No,No,No,Yes,No,Month-to-month,No,Bank transfer (automatic),72.28,3737.95,Yes
CUST-01519,Male,0,No,Yes,31,Yes,Yes,Fiber optic,No,Yes,No,No,Yes,No,Month-to-month,Yes,Electronic check,61.19,1936.09,No
CUST-01520,Male,0,No,Yes,1,Yes,No,DSL,No,Yes,Yes,No,Yes,No,Month-to-month,No,Electronic check,36.63,18.15,No
CUST-01521,Female,0,No,Yes,60,Yes,No,DSL,Yes,Yes,No,No,No,Yes,Two year,Yes,Electronic check,52.49,3178.73,No
CUST-01522,Female,0,No,No,52,Yes,No,Fiber optic,Yes,No,Yes,Yes,No,No,Two year,Yes,Electronic check,94.69,4978.42,No
CUST-01523,Male,0,Yes,No,22,Yes,No,No,No internet service,No internet service,No internet service,No internet service,No internet service,No internet service,Month-to-month,No,Mailed check,71.49,1558.4,No
CUST-01524,Male,1,Yes,No,39,Yes,No,Fiber optic,No,Yes,No,No,No,No,Month-to-month,No,Credit card (automatic),58.56,2375.13,No
CUST-01525,Female,0,No,No,64,Yes,Yes,DSL,Yes,No,No,Yes,Yes,Yes,One year,Yes,Electronic check,59.78,3886.96,No
CUST-01526,Male,0,No,No,59,Yes,Yes,DSL,No,Yes,Yes,Yes,Yes,No,Two year,Yes,Electronic check,46.22,2718.97,No
CUST-01527,Male,0,Yes,Yes,6,Yes,Yes,Fiber optic,No,No,Yes,No,Yes,No,One year,No,Credit card (automatic),73.24,408.97,No
CUST-01528,Male,1,Yes,No,53,Yes,Yes,Fiber optic,Yes,No,Yes,Yes,Yes,Yes,One year,No,Mailed check,41.92,2104.57,No
CUST-01529,Male,0,Yes,No,52,No,No phone service,Fiber optic,No,No,No,Yes,No,Yes,Month-to-month,Yes,Electronic check,56.51,2985.4,Yes
CUST-01530,Female,0,No,No,72,No,No phone service,Fiber optic,Yes,No,No,Yes,Yes,No,One year,Yes,Bank transfer (automatic),78.34,5673.48,No
CUST-01531,Male,0,Yes,Yes,30,Yes,No,No,No internet service,No internet service,No internet service,No internet service,No internet service,No internet service,One year,No,Credit card (automatic),39.4,1171.83,No
CUST-01532,Male,0,Yes,No,7,Yes,Yes,No,No internet service,No internet service,No internet service,No internet service,No internet service,No internet service,Month-to-month,No,Credit card (automatic),56.98,285.21,No
CUST-01533,Female,0,Yes,No,27,Yes,Yes,Fiber optic,No,Yes,No,No,Yes,Yes,Month-to-month,Yes,Electronic check,75.88,1965.55,Yes
CUST-01534,Male,0,No,No,11,Yes,Yes,No,No internet service,No internet service,No internet service,No internet service,No internet service,No internet service,One year,No,Bank transfer (automatic),69.66,691.34,No
CUST-01535,Female,0,No,Yes,16,Yes,Yes,Fiber optic,No,Yes,No,No,No,No,Month-to-month,Yes,Mailed check,85.93,1393.23,Yes
CUST-01536,Male,0,Yes,No,33,Yes,Yes,DSL,No,Yes,No,No,No,No,Month-to-month,No,Bank transfer (automatic),82.12,2694.98,No
CUST-01537,Male,0,Yes,No,72,Yes,No,Fiber optic,No,No,No,Yes,Yes,Yes,Month-to-month,Yes,Electronic check,52.27,3794.72,No
CUST-01538,Male,0,Yes,No,7,Yes,Yes,Fiber optic,No,Yes,Yes,No,No,No,Month-to-month,Yes,Credit card (automatic),83.17,522.67,Yes
CUST-01539,Female,0,No,No,1,No,No phone service,No,No internet service,No internet service,No internet service,No internet service,No internet service,No internet service,Month-to-month,Yes,Credit card (automatic),47.05,39.93,No
CUST-01540,Female,0,No,No,12,Yes,No,No,No internet service,No internet service,No internet service,No internet service,No internet service,No internet service,One year,Yes,Bank transfer (automatic),53.91,661.6,No
CUST-01541,Male,0,No,No,4,Yes,Yes,Fiber optic,No,Yes,No,No,No,No,Two year,Yes,Electronic check,72.61,363.74,No
CUST-01542,Male,0,No,Yes,72,Yes,No,Fiber optic,No,Yes,No,No,No,Yes,Month-to-month,Yes,Credit card (automatic),67.46,4846.94,No
CUST-01543,Male,1,Yes,No,51,Yes,No,DSL,Yes,Yes,No,Yes,Yes,No,One year,Yes,Bank transfer (automatic),53.12,2722.21,No
CUST-01544,Female,0,Yes,No,61,Yes,Yes,Fiber optic,Yes,No,No,No,No,Yes,Month-to-month,Yes,Electronic check,92.19,5550.7,Yes
CUST-01545,Male,0,Yes,Yes,3,Yes,Yes,Fiber optic,No,Yes,Yes,No,Yes,Yes,One year,No,Bank transfer (automatic),62.72,136.38,No
CUST-01546,Female,0,Yes,No,70,Yes,No,Fiber optic,No,No,Yes,No,No,No,Month-to-month,No,Mailed check,63.17,4429.26,No
CUST-01547,Female,0,Yes,No,43,Yes,Yes,DSL,No,No,No,No,Yes,Yes,Month-to-month,No,Bank transfer (automatic),65.04,2853.99,No
CUST-01548,Female,0,No,No,36,Yes,Yes,Fiber optic,Yes,No,No,No,No,No,Two year,No,Bank transfer (automatic),56.63,2003.07,No
CUST-01549,Male,0,Yes,No,55,Yes,Yes,DSL,No,No,No,Yes,Yes,No,Two year,Yes,Electronic check,70.27,3827.43,No
CUST-01550,Male,0,No,No,70,Yes,Yes,Fiber optic,No,Yes,No,Yes,No,Yes,Two year,Yes,Mailed check,56.82,3889.23,No
CUST-01551,Male,0,Yes,Yes,9,Yes,No,DSL,No,No,Yes,Yes,Yes,Yes,Month-to-month,No,Mailed check,58.7,430.78,No
CUST-01552,Female,0,Yes,No,2,No,No phone service,No,No internet service,No internet service,No internet service,No internet service,No internet service,No internet service,Month-to-month,Yes,Mailed check,64.09,18.0,Yes
CUST-01553,Female,1,No,No,46,Yes,No,No,No internet service,No internet service,No internet service,No internet service,No internet service,No internet service,Month-to-month,Yes,Mailed check,38.23,1798.33,No
CUST-01554,Female,0,Yes,No,0,Yes,Yes,Fiber optic,No,Yes,Yes,No,No,No,Two year,No,Electronic check,82.16,18.0,No
CUST-01555,Male,0,Yes,Yes,50,Yes,No,DSL,No,No,Yes,No,Yes,Yes,Month-to-month,No,Credit card (automatic),66.44,3333.86,No
CUST-01556,Male,0,Yes,Yes,9,Yes,No,Fiber optic,No,No,No,Yes,No,Yes,Month-to-month,Yes,Mailed check,100.81,881.67,Yes
CUST-01557,Female,0,No,No,0,Yes,No,DSL,No,Yes,No,No,Yes,No,Month-to-month,Yes,Bank transfer (automatic),42.19,30.59,No
CUST-01558,Female,0,Yes,No,23,Yes,No,DSL,No,No,Yes,No,No,Yes,One year,No,Bank transfer (automatic),50.39,1188.46,Yes
CUST-01559,Female,0,No,No,46,Yes,No,Fiber optic,Yes,No,No,No,No,No,One year,Yes,Credit card (automatic),69.04,3167.49,No
CUST-01560,Female,0,No,No,50,No,No phone service,DSL,Yes,No,Yes,Yes,No,Yes,One year,No,Credit card (automatic),53.82,2623.94,No
CUST-01561,Male,0,No,No,6,No,No phone service,No,No internet service,No internet service,No internet service,No internet service,No internet service,No internet service,Two year,No,Bank transfer (automatic),52.17,381.82,No
CUST-01562,Male,0,Yes,No,65,Yes,No,No,No internet service,No internet service,No internet service,No internet service,No internet service,No internet service,Month-to-month,Yes,Mailed check,47.98,3051.94,No
CUST-01563,Male,1,No,No,34,Yes,Yes,No,No internet service,No internet service,No internet service,No internet service,No internet service,No internet service,Month-to-month,Yes,Mailed check,27.57,900.57,No
CUST-01564,Female,0,Yes,No,72,Yes,Yes,DSL,No,No,No,No,No,No,One year,Yes,Mailed check,43.53,3129.43,No
CUST-01565,Female,0,No,Yes,44,Yes,No,Fiber optic,Yes,No,No,No,No,Yes,One year,No,Mailed check,101.62,4417.8,No
CUST-01566,Male,0,No,No,0,Yes,No,DSL,No,No,Yes,No,Yes,No,Month-to-month,No,Electronic check,47.8,35.56,Yes
CUST-01567,Female,1,Yes,No,62,Yes,No,Fiber optic,No,No,No,No,No,Yes,One year,Yes,Mailed check,83.74,5187.68,No
CUST-01568,Female,0,Yes,Yes,10,Yes,No,Fiber optic,No,No,No,Yes,No,No,Month-to-month,Yes,Bank transfer (automatic),55.13,577.26,Yes
CUST-01569,Female,0,No,No,43,No,No phone service,Fiber optic,No,Yes,No,Yes,No,No,Month-to-month,Yes,Mailed check,63.52,2667.1,No
CUST-01570,Female,0,No,Yes,1,Yes,Yes,DSL,No,No,No,Yes,No,No,Month-to-month,No,Mailed check,76.19,129.64,No
CUST-01571,Male,0,No,No,44,Yes,No,DSL,No,Yes,No,Yes,Yes,No,Month-to-month,Yes,Credit card (automatic),52.0,2292.73,No
CUST-01572,Male,0,No,Yes,8,No,No phone service,DSL,Yes,No,No,No,Yes,No,One year,Yes,Bank transfer (automatic),42.97,381.2,No
CUST-01573,Female,1,No,No,56,Yes,No,DSL,No,No,Yes,No,No,No,Month-to-month,Yes,Mailed check,57.85,3271.5,No
CUST-01574,Female,0,No,No,2,Yes,No,DSL,Yes,No,No,No,No,Yes,Two year,Yes,Electronic check,62.46,93.47,No
CUST-01575,Male,0,No,Yes,1,No,No phone service,No,No internet service,No internet service,No internet service,No internet service,No internet service,No internet service,One year,No,Credit card (automatic),71.0,134.28,No
CUST-01576,Male,0,Yes,No,37,No,No phone service,DSL,No,Yes,No,No,Yes,No,Month-to-month,No,Electronic check,22.56,810.83,No
CUST-01577,Female,0,No,No,1,Yes,No,DSL,Yes,No,No,No,No,No,Two year,No,Bank transfer (automatic),71.44,74.74,No
CUST-01578,Female,1,No,No,46,Yes,No,No,No internet service,No internet service,No internet service,No internet service,No internet service,No internet service,Month-to-month,Yes,Electronic check,39.7,1874.53,No
CUST-01579,Male,0,Yes,No,38,Yes,Yes,No,No internet service,No internet service,No internet service,No internet service,No internet service,No internet service,Month-to-month,Yes,Bank transfer (automatic),74.76,2720.73,No
CUST-01580,Female,0,Yes,No,2,Yes,No,Fiber optic,No,No,Yes,Yes,Yes,Yes,Two year,Yes,Bank transfer (automatic),94.02,213.18,No
CUST-01581,Male,0,Yes,No,4,Yes,Yes,No,No internet service,No internet service,No internet service,No internet service,No internet service,No internet service,Month-to-month,No,Bank transfer (automatic),72.78,330.37,No
CUST-01582,Male,0,Yes,No,72,Yes,Yes,DSL,Yes,No,No,No,Yes,No,Month-to-month,No,Electronic check,45.0,3210.21,No
CUST-01583,Female,0,No,No,53,Yes,No,Fiber optic,No,Yes,No,No,Yes,No,One year,No,Credit card (automatic),52.47,2801.94,No
CUST-01584,Male,0,Yes,No,41,Yes,Yes,No,No internet service,No internet service,No internet service,No internet service,No internet service,No internet service,Month-to-month,Yes,Mailed check,45.6,1965.24,No
CUST-01585,Female,0,No,No,72,Yes,Yes,Fiber optic,No,No,No,No,No,No,One year,Yes,Electronic check,58.42,4189.29,No
CUST-01586,Male,0,Yes,No,72,Yes,Yes,DSL,No,No,No,Yes,Yes,Yes,One year,Yes,Electronic check,52.3,3783.7,No
CUST-01587,Female,0,No,No,38,Yes,Yes,Fiber optic,Yes,Yes,No,No,Yes,Yes,Month-to-month,Yes,Mailed check,55.78,2054.44,No
CUST-01588,Male,0,No,No,40,Yes,Yes,Fiber optic,Yes,No,Yes,No,No,Yes,Two year,Yes,Bank transfer (automatic),66.92,2711.64,No
CUST-01589,Female,0,No,Yes,0,Yes,Yes,No,No internet service,No internet service,No internet service,No internet service,No internet service,No internet service,Month-to-month,No,Electronic check,66.72,29.82,No
CUST-01590,Male,0,No,No,40,Yes,No,Fiber optic,No,Yes,Yes,No,Yes,No,Month-to-month,No,Mailed check,72.4,2950.68,No
CUST-01591,Female,0,Yes,No,34,Yes,No,DSL,No,Yes,No,Yes,Yes,Yes,Month-to-month,Yes,Credit card (automatic),35.82,1134.93,Yes
CUST-01592,Male,1,No,No,31,Yes,Yes,Fiber optic,No,No,No,No,Yes,No,Month-to-month,Yes,Bank transfer (automatic),81.89,2566.95,No
CUST-01593,Male,0,No,No,48,Yes,No,DSL,No,No,No,No,Yes,Yes,Month-to-month,Yes,Electronic check,44.29,2187.55,No
CUST-01594,Male,1,Yes,No,41,Yes,Yes,DSL,No,No,Yes,No,No,No,Month-to-month,Yes,Mailed check,72.12,2984.38,No
CUST-01595,Female,0,No,No,51,Yes,Yes,DSL,No,No,No,No,Yes,Yes,One year,Yes,Electronic check,73.0,3724.27,No
CUST-01596,Male,0,Yes,No,72,Yes,No,Fiber optic,Yes,No,Yes,Yes,Yes,No,Two year,Yes,Electronic check,82.8,5862.6,Yes
CUST-01597,Female,0,No,No,2,Yes,No,Fiber optic,No,No,No,Yes,Yes,Yes,Month-to-month,Yes,Bank transfer (automatic),92.47,138.02,Yes
CUST-01598,Female,0,Yes,No,58,No,No phone service,Fiber optic,Yes,No,No,No,No,No,One year,Yes,Electronic check,67.85,3893.67,No
CUST-01599,Female,0,No,Yes,1,Yes,Yes,DSL,No,No,No,No,No,Yes,One year,No,Bank transfer (automatic),83.91,142.64,No
CUST-01600,Female,0,Yes,No,12,Yes,No,Fiber optic,No,No,No,Yes,No,Yes,One year,No,Credit card (automatic),75.29,820.06,No
CUST-01601,Male,0,Yes,No,45,Yes,Yes,Fiber optic,No,No,No,No,No,No,Two year,Yes,Electronic check,84.95,3937.89,No
CUST-01602,Female,0,Yes,No,62,Yes,No,Fiber optic,No,No,Yes,Yes,No,No,One year,Yes,Electronic check,38.29,2347.24,No
CUST-01603,Female,0,No,No,52,Yes,No,No,No internet service,No internet service,No internet service,No internet service,No internet service,No internet service,Two year,No,Electronic check,43.07,2255.81,No
CUST-01604,Male,0,Yes,Yes,30,Yes,Yes,No,No internet service,No internet service,No internet service,No internet service,No internet service,No internet service,Two year,Yes,Bank transfer (automatic),41.4,1261.27,No
CUST-01605,Male,0,No,No,42,No,No phone service,DSL,No,No,No,No,No,No,One year,Yes,Electronic check,36.67,1498.08,No
CUST-01606,Female,0,No,No,36,Yes,No,No,No internet service,No internet service,No internet service,No internet service,No internet service,No internet service,Month-to-month,Yes,Bank transfer (automatic),31.13,1102.66,No
CUST-01607,Male,1,No,No,46,No,No phone service,No,No internet service,No internet service,No internet service,No internet service,No internet service,No internet service,Two year,No,Bank transfer (automatic),63.37,2823.33,No
CUST-01608,Female,1,Yes,No,67,Yes,Yes,Fiber optic,Yes,No,No,No,No,No,Month-to-month,No,Mailed check,76.74,5194.15,No
CUST-01609,Male,0,No,No,12,Yes,No,No,No internet service,No internet service,No internet service,No internet service,No internet service,No internet service,Month-to-month,No,Electronic check,55.67,703.02,No
CUST-01610,Male,0,No,No,48,Yes,Yes,Fiber optic,No,Yes,Yes,No,No,Yes,Month-to-month,No,Electronic check,99.29,4732.79,Yes
CUST-01611,Female,0,Yes,No,42,No,No phone service,No,No internet service,No internet service,No internet service,No internet service,No internet service,No internet service,Two year,No,Bank transfer (automatic),52.96,2268.53,No
CUST-01612,Male,0,Yes,No,3,Yes,Yes,Fiber optic,No,Yes,No,No,No,No,Two year,Yes,Electronic check,93.11,278.79,No
CUST-01613,Female,1,No,Yes,71,Yes,Yes,No,No internet service,No internet service,No internet service,No internet service,No internet service,No internet service,Month-to-month,Yes,Bank transfer (automatic),49.85,3441.26,No
CUST-01614,Female,0,Yes,Yes,56,Yes,Yes,DSL,No,No,No,No,No,No,Month-to-month,Yes,Electronic check,47.38,2709.35,No
CUST-01615,Male,0,Yes,No,43,Yes,Yes,Fiber optic,Yes,No,Yes,No,Yes,No,Month-to-month,Yes,Electronic check,78.6,3390.36,No
CUST-01616,Male,0,Yes,No,36,Yes,No,DSL,Yes,No,No,Yes,No,Yes,Two year,Yes,Credit card (automatic),64.53,2366.4,No
CUST-01617,Female,0,No,No,37,Yes,No,No,No internet service,No internet service,No internet service,No internet service,No internet service,No internet service,Month-to-month,No,Credit card (automatic),21.69,808.21,Yes
CUST-01618,Female,1,No,No,57,Yes,No,DSL,No,No,Yes,No,No,No,Month-to-month,No,Electronic check,61.75,3502.64,Yes
CUST-01619,Male,0,No,Yes,55,Yes,No,Fiber optic,Yes,Yes,No,Yes,No,Yes,One year,Yes,Mailed check,81.6,4479.71,No
CUST-01620,Female,0,No,No,49,Yes,Yes,No,No internet service,No internet service,No internet service,No internet service,No internet service,No internet service,Month-to-month,Yes,Bank transfer (automatic),34.45,1627.56,No
CUST-01621,Male,0,Yes,No,45,Yes,No,Fiber optic,Yes,Yes,Yes,No,No,No,Month-to-month,No,Bank transfer (automatic),49.44,2248.89,Yes
CUST-01622,Male,1,Yes,Yes,33,Yes,No,Fiber optic,No,No,No,No,No,Yes,One year,Yes,Credit card (automatic),80.21,2658.94,No
CUST-01623,Female,0,Yes,No,42,Yes,Yes,Fiber optic,Yes,Yes,No,Yes,No,Yes,Month-to-month,Yes,Mailed check,76.12,3191.78,Yes
CUST-01624,Male,0,Yes,No,9,Yes,No,Fiber optic,No,No,Yes,No,No,No,Month-to-month,No,Bank transfer (automatic),93.92,808.86,No
CUST-01625,Female,1,Yes,No,1,No,No phone service,No,No internet service,No internet service,No internet service,No internet service,No internet service,No internet service,Month-to-month,Yes,Bank transfer (automatic),47.66,18.0,No
CUST-01626,Female,0,No,No,17,Yes,No,No,No internet service,No internet service,No internet service,No internet service,No internet service,No internet service,Month-to-month,No,Mailed check,18.0,348.82,No
CUST-01627,Female,1,Yes,No,2,Yes,No,Fiber optic,No,No,No,Yes,No,No,Two year,Yes,Credit card (automatic),67.18,48.19,Yes
CUST-01628,Female,0,Yes,Yes,72,Yes,No,Fiber optic,Yes,No,No,No,Yes,No,Two year,Yes,Electronic check,87.79,6362.13,No
CUST-01629,Male,0,Yes,No,49,Yes,No,Fiber optic,No,No,Yes,No,Yes,No,Month-to-month,Yes,Bank transfer (automatic),39.57,1835.31,No
CUST-01630,Male,0,Yes,Yes,59,Yes,No,No,No internet service,No internet service,No internet service,No internet service,No internet service,No internet service,Two year,No,Electronic check,21.02,1211.52,Yes
CUST-01631,Female,0,Yes,No,42,No,No phone service,Fiber optic,No,Yes,No,No,No,No,Two year,No,Electronic check,88.18,3731.95,No
CUST-01632,Female,0,Yes,No,44,Yes,Yes,Fiber optic,No,Yes,No,No,Yes,No,Two year,Yes,Credit card (automatic),86.52,3852.29,No
CUST-01633,Male,0,Yes,No,23,Yes,Yes,Fiber optic,No,No,Yes,Yes,Yes,Yes,Two year,Yes,Bank transfer (automatic),64.21,1460.22,No
CUST-01634,Female,0,No,No,35,Yes,No,DSL,No,No,No,No,No,No,Two year,Yes,Bank transfer (automatic),60.22,2142.95,No
CUST-01635,Male,0,No,No,62,Yes,Yes,No,No internet service,No internet service,No internet service,No internet service,No internet service,No internet service,Month-to-month,No,Mailed check,30.96,1859.01,No
CUST-01636,Female,0,No,No,0,Yes,Yes,DSL,No,No,No,No,No,Yes,Month-to-month,No,Credit card (automatic),49.78,18.0,No
CUST-01637,Male,0,No,No,72,Yes,Yes,DSL,No,Yes,No,No,Yes,Yes,Month-to-month,Yes,Electronic check,62.69,4535.46,No
CUST-01638,Female,0,No,Yes,34,Yes,No,Fiber optic,No,No,Yes,No,No,No,One year,No,Electronic check,73.27,2470.79,No
CUST-01639,Male,1,No,Yes,62,Yes,No,Fiber optic,No,No,No,No,No,Yes,Month-to-month,Yes,Electronic check,58.99,3622.84,Yes
CUST-01640,Male,1,No,No,0,Yes,No,Fiber optic,No,No,Yes,No,Yes,No,Month-to-month,No,Electronic check,75.37,18.0,Yes
CUST-01641,Female,0,No,No,1,No,No phone service,DSL,No,No,No,Yes,Yes,No,Month-to-month,No,Credit card (automatic),91.98,72.87,No
CUST-01642,Male,0,Yes,Yes,31,Yes,No,DSL,Yes,No,No,Yes,No,No,Month-to-month,No,Credit card (automatic),18.0,545.49,No
CUST-01643,Male,0,Yes,No,0,Yes,No,DSL,No,No,No,Yes,No,Yes,Month-to-month,Yes,Bank transfer (automatic),67.72,75.76,Yes
CUST-01644,Female,0,Yes,Yes,37,No,No phone service,Fiber optic,No,No,No,No,No,Yes,Two year,Yes,Bank transfer (automatic),60.33,2289.18,No
CUST-01645,Male,0,Yes,No,47,Yes,No,No,No internet service,No internet service,No internet service,No internet service,No internet service,No internet service,Two year,Yes,Electronic check,32.69,1581.55,No
CUST-01646,Male,0,No,No,12,Yes,No,No,No internet service,No internet service,No internet service,No internet service,No internet service,No internet service,Two year,No,Mailed check,51.38,617.2,No
CUST-01647,Male,0,Yes,Yes,56,Yes,No,Fiber optic,Yes,No,No,Yes,No,Yes,Month-to-month,Yes,Electronic check,67.99,3822.51,Yes
CUST-01648,Female,0,No,Yes,9,Yes,No,Fiber optic,No,No,No,Yes,Yes,No,Month-to-month,Yes,Electronic check,84.51,711.57,Yes
CUST-01649,Female,0,No,No,53,Yes,No,Fiber optic,No,Yes,No,No,No,No,One year,Yes,Credit card (automatic),73.39,3984.87,Yes
CUST-01650,Female,0,No,No,4,Yes,No,No,No internet service,No internet service,No internet service,No internet service,No internet service,No internet service,Month-to-month,Yes,Credit card (automatic),32.34,91.69,No
CUST-01651,Male,0,Yes,No,67,Yes,Yes,Fiber optic,Yes,No,Yes,Yes,No,Yes,Month-to-month,No,Bank transfer (automatic),53.27,3639.69,No
CUST-01652,Male,0,Yes,Yes,13,Yes,Yes,DSL,No,No,No,No,Yes,No,Month-to-month,Yes,Electronic check,47.92,614.56,No
CUST-01653,Male,0,Yes,No,61,Yes,Yes,DSL,Yes,No,No,Yes,Yes,No,One year,Yes,Credit card (automatic),65.03,4031.95,No
CUST-01654,Female,0,No,No,43,Yes,No,Fiber optic,Yes,No,No,No,No,Yes,Two year,Yes,Bank transfer (automatic),79.05,3375.0,No
CUST-01655,Male,0,No,No,12,Yes,No,Fiber optic,No,No,No,Yes,No,Yes,One year,Yes,Electronic check,45.06,574.83,No
CUST-01656,Male,0,No,No,7,Yes,Yes,No,No internet service,No internet service,No internet service,No internet service,No internet service,No internet service,Month-to-month,Yes,Bank transfer (automatic),41.24,359.44,No
CUST-01657,Female,0,No,Yes,19,Yes,No,DSL,No,No,No,No,No,Yes,One year,Yes,Electronic check,49.85,1016.88,No
CUST-01658,Female,0,No,No,54,Yes,No,No,No internet service,No internet service,No internet service,No internet service,No internet service,No internet service,Month-to-month,Yes,Mailed check,49.51,2685.52,No
CUST-01659,Female,0,No,No,45,Yes,Yes,No,No internet service,No internet service,No internet service,No internet service,No internet service,No internet service,One year,Yes,Electronic check,34.78,1565.38,No
CUST-01660,Male,0,Yes,No,64,Yes,No,Fiber optic,No,No,No,Yes,No,No,One year,Yes,Bank transfer (automatic),47.36,3057.71,No
CUST-01661,Female,0,Yes,No,0,Yes,No,DSL,Yes,Yes,No,No,Yes,Yes,Month-to-month,No,Bank transfer (automatic),48.48,57.03,No
CUST-01662,Female,0,Yes,Yes,27,Yes,Yes,DSL,No,Yes,Yes,Yes,No,No,Two year,Yes,Mailed check,76.49,2105.9,No
CUST-01663,Male,0,No,Yes,49,Yes,No,Fiber optic,No,No,No,No,No,No,Month-to-month,Yes,Credit card (automatic),43.1,2129.1,No
CUST-01664,Female,1,No,Yes,44,Yes,No,DSL,Yes,Yes,No,No,Yes,No,Month-to-month,Yes,Credit card (automatic),37.63,1718.9,No
CUST-01665,Female,0,No,No,10,No,No phone service,No,No internet service,No internet service,No internet service,No internet service,No internet service,No internet service,Month-to-month,No,Bank transfer (automatic),43.14,366.7,No
CUST-01666,Male,0,No,Yes,1,Yes,Yes,Fiber optic,No,No,No,Yes,Yes,No,Two year,Yes,Electronic check,52.09,81.41,No
CUST-01667,Female,1,No,Yes,38,No,No phone service,No,No internet service,No internet service,No internet service,No internet service,No internet service,No internet service,Month-to-month,Yes,Credit card (automatic),27.67,1017.33,Yes
CUST-01668,Female,0,Yes,Yes,71,Yes,Yes,Fiber optic,No,Yes,No,Yes,Yes,No,One year,Yes,Credit card (automatic),52.45,3814.47,No
CUST-01669,Female,0,Yes,Yes,38,Yes,No,DSL,No,No,No,No,No,Yes,Month-to-month,Yes,Mailed check,65.15,2521.05,No
CUST-01670,Female,0,No,No,32,Yes,Yes,Fiber optic,Yes,No,No,No,No,Yes,Month-to-month,Yes,Credit card (automatic),80.94,2517.93,Yes
CUST-01671,Female,0,No,No,59,Yes,No,Fiber optic,No,No,No,No,No,Yes,Month-to-month,No,Mailed check,84.74,4934.11,No
CUST-01672,Female,0,No,No,48,Yes,No,DSL,No,No,No,No,Yes,No,Two year,No,Electronic check,66.37,3116.95,No
CUST-01673,Male,1,Yes,No,6,Yes,No,DSL,No,No,Yes,No,No,Yes,Month-to-month,Yes,Mailed check,28.93,199.6,Yes
CUST-01674,Female,1,No,No,43,Yes,No,Fiber optic,No,No,Yes,No,No,No,One year,No,Credit card (automatic),69.95,3049.25,Yes
CUST-01675,Female,0,No,No,1,Yes,Yes,Fiber optic,No,Yes,No,Yes,No,No,One year,Yes,Electronic check,70.02,18.0,No
CUST-01676,Female,0,No,Yes,21,Yes,Yes,DSL,Yes,No,No,No,Yes,Yes,Month-to-month,No,Credit card (automatic),46.71,951.39,No
CUST-01677,Male,0,Yes,Yes,44,Yes,Yes,Fiber optic,No,No,Yes,No,Yes,No,Month-to-month,No,Credit card (automatic),88.25,3860.1,Yes
CUST-01678,Male,0,No,No,52,No,No phone service,No,No internet service,No internet service,No internet service,No internet service,No internet service,No internet service,Two year,Yes,Electronic check,35.51,1862.19,No
CUST-01679,Female,0,No,No,72,Yes,No,Fiber optic,No,No,No,No,Yes,Yes,Month-to-month,No,Mailed check,82.59,5930.54,No
CUST-01680,Female,0,No,No,55,Yes,Yes,DSL,No,No,No,No,Yes,No,Month-to-month,Yes,Credit card (automatic),63.1,3481.93,Yes
CUST-01681,Female,0,No,Yes,28,Yes,No,Fiber optic,No,Yes,No,No,Yes,No,Two year,No,Credit card (automatic),76.29,2080.54,No
CUST-01682,Male,0,No,Yes,70,Yes,Yes,Fiber optic,Yes,No,No,No,No,Yes,Month-to-month,Yes,Credit card (automatic),54.23,3725.27,Yes
CUST-01683,Male,0,No,Yes,9,Yes,No,No,No internet service,No internet service,No internet service,No internet service,No internet service,No internet service,Month-to-month,Yes,Electronic check,36.4,288.48,Yes
CUST-01684,Female,0,No,No,10,Yes,No,Fiber optic,Yes,No,No,No,Yes,No,Month-to-month,No,Electronic check,61.85,614.94,Yes
CUST-01685,Male,0,Yes,No,1,Yes,Yes,DSL,No,No,No,No,No,No,Month-to-month,Yes,Mailed check,83.99,88.2,No
CUST-01686,Female,1,Yes,Yes,4,Yes,No,DSL,No,Yes,No,Yes,Yes,Yes,Month-to-month,Yes,Electronic check,65.39,176.55,Yes
CUST-01687,Male,0,Yes,Yes,46,Yes,No,DSL,No,Yes,No,No,No,Yes,Month-to-month,Yes,Mailed check,67.72,3072.3,Yes
CUST-01688,Male,0,No,Yes,48,Yes,No,Fiber optic,No,No,No,No,No,Yes,Month-to-month,No,Mailed check,73.06,3525.8,Yes
CUST-01689,Female,0,Yes,Yes,0,Yes,No,DSL,Yes,Yes,No,Yes,No,Yes,Two year,No,Bank transfer (automatic),49.52,69.47,No
CUST-01690,Male,0,Yes,No,4,Yes,Yes,No,No internet service,No internet service,No internet service,No internet service,No internet service,No internet service,Two year,Yes,Electronic check,56.01,175.05,No
CUST-01691,Female,1,No,No,48,Yes,No,Fiber optic,Yes,No,Yes,No,No,No,Month-to-month,No,Electronic check,57.24,2791.6,Yes
CUST-01692,Female,1,No,No,0,Yes,No,Fiber optic,No,No,No,Yes,Yes,No,Two year,Yes,Bank transfer (automatic),88.68,18.0,No
CUST-01693,Female,0,Yes,No,31,Yes,Yes,DSL,No,No,No,Yes,Yes,Yes,One year,Yes,Credit card (automatic),31.7,1063.55,No
CUST-01694,Male,0,Yes,No,35,Yes,No,DSL,No,Yes,No,No,No,No,Month-to-month,No,Mailed check,44.34,1475.96,No
CUST-01695,Male,0,No,No,1,Yes,No,Fiber optic,No,No,No,Yes,No,Yes,One year,Yes,Credit card (automatic),85.85,18.0,Yes
CUST-01696,Female,0,Yes,No,2,Yes,Yes,Fiber optic,No,No,Yes,No,No,No,One year,Yes,Electronic check,64.36,119.07,No
CUST-01697,Male,0,Yes,No,56,Yes,Yes,Fiber optic,No,No,No,No,No,No,Two year,Yes,Electronic check,89.29,4927.63,No
CUST-01698,Male,0,Yes,No,61,Yes,No,Fiber optic,No,No,Yes,No,Yes,Yes,Month-to-month,No,Credit card (automatic),89.63,5473.82,Yes
CUST-01699,Male,0,Yes,Yes,32,Yes,Yes,No,No internet service,No internet service,No internet service,No internet service,No internet service,No internet service,Month-to-month,No,Credit card (automatic),18.0,528.97,No
CUST-01700,Female,0,No,Yes,68,No,No phone service,Fiber optic,No,No,Yes,Yes,Yes,Yes,One year,Yes,Mailed check,53.87,3697.13,No
CUST-01701,Male,0,Yes,No,10,Yes,Yes,DSL,No,No,No,Yes,No,Yes,One year,Yes,Credit card (automatic),37.02,360.2,No
CUST-01702,Male,0,No,No,8,Yes,Yes,DSL,No,Yes,No,Yes,Yes,No,Two year,No,Credit card (automatic),67.75,498.09,No
CUST-01703,Female,0,Yes,Yes,27,Yes,No,No,No internet service,No internet service,No internet service,No internet service,No internet service,No internet service,Two year,No,Mailed check,24.04,664.27,No
CUST-01704,Male,0,Yes,No,2,No,No phone service,DSL,No,No,No,No,Yes,Yes,Month-to-month,No,Electronic check,18.0,18.0,No
CUST-01705,Female,0,Yes,No,9,Yes,No,DSL,No,No,No,Yes,No,Yes,Month-to-month,Yes,Mailed check,39.12,347.42,Yes
CUST-01706,Female,0,No,No,1,Yes,Yes,No,No internet service,No internet service,No internet service,No internet service,No internet service,No internet service,Month-to-month,Yes,Mailed check,53.11,21.23,No
CUST-01707,Female,0,Yes,No,1,No,No phone service,DSL,No,No,No,Yes,Yes,Yes,Month-to-month,Yes,Electronic check,85.5,121.62,No
CUST-01708,Female,0,Yes,Yes,31,Yes,No,Fiber optic,No,No,No,No,Yes,No,Month-to-month,Yes,Electronic check,43.57,1287.49,Yes
CUST-01709,Male,0,Yes,No,41,Yes,No,DSL,No,Yes,No,No,Yes,No,Two year,No,Mailed check,37.93,1474.0,No
CUST-01710,Male,1,No,Yes,7,Yes,Yes,Fiber optic,No,No,Yes,No,No,No,Month-to-month,Yes,Electronic check,73.37,542.74,Yes
CUST-01711,Male,0,Yes,No,68,Yes,No,DSL,No,No,Yes,Yes,No,No,Month-to-month,No,Mailed check,73.52,4930.23,No
CUST-01712,Male,0,No,No,8,Yes,Yes,No,No internet service,No internet service,No internet service,No internet service,No internet service,No internet service,Month-to-month,No,Credit card (automatic),75.91,613.69,No
CUST-01713,Female,0,No,Yes,2,Yes,No,DSL,Yes,No,Yes,No,No,Yes,Month-to-month,Yes,Bank transfer (automatic),60.96,174.31,No
CUST-01714,Female,0,No,No,10,Yes,No,DSL,Yes,No,No,No,Yes,No,Month-to-month,No,Bank transfer (automatic),68.03,715.56,Yes
CUST-01715,Female,0,No,No,0,Yes,No,No,No internet service,No internet service,No internet service,No internet service,No internet service,No internet service,Month-to-month,Yes,Credit card (automatic),46.07,18.0,No
CUST-01716,Female,0,Yes,No,45,Yes,No,Fiber optic,Yes,No,No,Yes,No,Yes,Month-to-month,Yes,Mailed check,90.51,4122.72,Yes
CUST-01717,Female,0,No,No,47,Yes,No,Fiber optic,No,No,No,No,No,Yes,Two year,Yes,Mailed check,59.1,2776.37,No
CUST-01718,Male,0,No,Yes,1,No,No phone service,Fiber optic,No,No,Yes,No,Yes,No,Two year,No,Electronic check,74.63,18.0,Yes
CUST-01719,Male,0,Yes,No,65,Yes,No,Fiber optic,No,No,No,No,No,Yes,Month-to-month,No,Credit card (automatic),44.59,2995.64,No
CUST-01720,Female,0,No,Yes,40,Yes,No,No,No internet service,No internet service,No internet service,No internet service,No internet service,No internet service,Month-to-month,No,Bank transfer (automatic),56.08,2209.17,No
CUST-01721,Male,0,Yes,Yes,44,Yes,Yes,Fiber optic,No,No,Yes,No,Yes,No,Month-to-month,No,Bank transfer (automatic),89.5,3951.29,No
CUST-01722,Female,0,No,No,14,No,No phone service,Fiber optic,No,No,No,Yes,No,Yes,Month-to-month,Yes,Electronic check,79.65,1117.53,Yes
CUST-01723,Female,0,No,No,7,Yes,No,DSL,No,Yes,No,No,No,No,One year,Yes,Electronic check,40.03,211.86,No
CUST-01724,Female,0,No,No,51,No,No phone service,Fiber optic,No,No,No,Yes,No,No,Two year,Yes,Bank transfer (automatic),48.74,2530.99,No
CUST-01725,Female,0,Yes,No,4,Yes,No,No,No internet service,No internet service,No internet service,No internet service,No internet service,No internet service,Month-to-month,No,Mailed check,70.4,264.17,No
CUST-01726,Female,0,No,No,21,Yes,Yes,DSL,No,Yes,No,Yes,No,No,Two year,Yes,Bank transfer (automatic),45.22,993.72,No
CUST-01727,Female,0,No,No,58,Yes,Yes,Fiber optic,No,No,Yes,Yes,No,No,One year,No,Electronic check,67.91,3887.09,No
CUST-01728,Female,0,Yes,Yes,31,Yes,Yes,DSL,No,No,No,Yes,Yes,No,Two year,No,Credit card (automatic),32.48,966.22,No
CUST-01729,Male,0,No,No,0,Yes,No,Fiber optic,Yes,Yes,No,Yes,Yes,Yes,Month-to-month,No,Bank transfer (automatic),71.5,18.81,No
CUST-01730,Male,0,No,No,27,Yes,No,Fiber optic,Yes,No,No,No,Yes,No,Month-to-month,Yes,Bank transfer (automatic),97.89,2696.95,No
CUST-01731,Female,0,No,No,10,Yes,Yes,Fiber optic,Yes,Yes,No,No,No,No,Month-to-month,No,Bank transfer (automatic),68.82,718.83,Yes
CUST-01732,Female,0,No,No,0,Yes,Yes,No,No internet service,No internet service,No internet service,No internet service,No internet service,No internet service,Month-to-month,Yes,Electronic check,65.09,18.0,No
CUST-01733,Female,0,Yes,No,51,Yes,Yes,Fiber optic,No,Yes,Yes,No,No,Yes,Month-to-month,Yes,Electronic check,61.79,3195.4,Yes
CUST-01734,Female,1,Yes,No,3,Yes,No,No,No internet service,No internet service,No internet service,No internet service,No internet service,No internet service,Two year,Yes,Bank transfer (automatic),43.61,105.36,No
CUST-01735,Female,0,Yes,No,66,Yes,Yes,Fiber optic,No,No,Yes,No,No,No,Two year,No,Mailed check,72.29,4705.85,No
CUST-01736,Female,0,Yes,No,3,Yes,Yes,DSL,No,No,No,No,No,Yes,Two year,Yes,Mailed check,48.62,199.81,No
CUST-01737,Female,0,Yes,No,65,Yes,No,Fiber optic,No,Yes,No,No,No,No,Two year,Yes,Mailed check,53.25,3432.18,No
CUST-01738,Male,0,No,No,2,Yes,Yes,Fiber optic,Yes,Yes,No,Yes,No,No,Month-to-month,No,Bank transfer (automatic),70.57,190.59,Yes
CUST-01739,Male,0,Yes,No,67,Yes,No,Fiber optic,No,Yes,Yes,No,No,No,One year,Yes,Mailed check,68.13,4576.21,No
CUST-01740,Male,0,No,Yes,15,Yes,No,Fiber optic,No,Yes,Yes,No,No,Yes,One year,No,Bank transfer (automatic),61.62,930.72,No
CUST-01741,Male,0,Yes,No,19,Yes,Yes,Fiber optic,No,No,No,No,Yes,No,One year,Yes,Credit card (automatic),91.49,1789.12,Yes
CUST-01742,Female,1,Yes,No,46,Yes,No,DSL,Yes,No,Yes,No,No,Yes,One year,No,Electronic check,23.51,1034.48,No
CUST-01743,Male,0,No,Yes,61,Yes,No,Fiber optic,Yes,No,No,Yes,Yes,Yes,Month-to-month,Yes,Mailed check,71.29,4404.19,Yes
CUST-01744,Male,0,No,Yes,50,Yes,Yes,Fiber optic,Yes,Yes,Yes,No,Yes,Yes,Month-to-month,No,Mailed check,46.35,2236.65,No
CUST-01745,Male,0,Yes,No,3,Yes,Yes,No,No internet service,No internet service,No internet service,No internet service,No internet service,No internet service,Month-to-month,Yes,Bank transfer (automatic),60.24,190.28,No
CUST-01746,Female,1,No,Yes,72,Yes,Yes,Fiber optic,Yes,No,No,No,Yes,No,Month-to-month,Yes,Electronic check,47.18,3477.4,Yes
CUST-01747,Female,1,No,No,31,Yes,Yes,DSL,No,No,No,Yes,Yes,No,Two year,Yes,Electronic check,55.63,1770.97,No
CUST-01748,Male,0,Yes,Yes,43,Yes,Yes,Fiber optic,Yes,Yes,No,No,No,No,Month-to-month,Yes,Electronic check,78.41,3372.51,No
CUST-01749,Female,1,No,Yes,66,Yes,No,Fiber optic,Yes,No,No,No,Yes,Yes,Month-to-month,Yes,Mailed check,42.78,2901.43,Yes
CUST-01750,Female,1,No,Yes,0,Yes,Yes,Fiber optic,No,No,No,No,No,No,Two year,No,Electronic check,89.7,18.0,Yes
CUST-01751,Female,0,Yes,No,6,Yes,No,No,No internet service,No internet service,No internet service,No internet service,No internet service,No internet service,Month-to-month,Yes,Mailed check,52.44,331.24,No
CUST-01752,Female,1,No,No,55,Yes,No,Fiber optic,No,No,Yes,Yes,No,No,Month-to-month,Yes,Electronic check,57.34,3142.94,No
CUST-01753,Female,0,No,No,32,Yes,No,Fiber optic,No,No,No,No,Yes,Yes,Month-to-month,Yes,Mailed check,30.11,967.85,No
CUST-01754,Male,0,Yes,No,13,No,No phone service,Fiber optic,No,No,No,Yes,Yes,No,Two year,Yes,Electronic check,101.41,1359.83,No
CUST-01755,Female,0,No,No,34,No,No phone service,Fiber optic,No,No,Yes,No,No,No,Month-to-month,Yes,Credit card (automatic),67.24,2294.58,No
CUST-01756,Male,0,Yes,Yes,49,Yes,No,Fiber optic,No,No,No,No,Yes,Yes,Month-to-month,Yes,Mailed check,77.91,3777.25,Yes
CUST-01757,Male,0,Yes,Yes,4,Yes,Yes,DSL,Yes,Yes,No,Yes,Yes,No,Two year,No,Electronic check,59.11,109.58,No
CUST-01758,Female,0,Yes,No,10,Yes,Yes,DSL,Yes,Yes,No,No,Yes,No,One year,Yes,Electronic check,87.87,939.61,No
CUST-01759,Female,1,Yes,Yes,21,Yes,Yes,DSL,No,No,No,No,No,Yes,Two year,No,Electronic check,37.43,824.51,No
CUST-01760,Female,0,Yes,No,23,Yes,Yes,No,No internet service,No internet service,No internet service,No internet service,No internet service,No internet service,One year,No,Mailed check,60.72,1424.23,No
CUST-01761,Male,1,Yes,No,3,Yes,Yes,No,No internet service,No internet service,No internet service,No internet service,No internet service,No internet service,Month-to-month,Yes,Credit card (automatic),72.69,238.13,No
CUST-01762,Male,0,No,No,39,No,No phone service,No,No internet service,No internet service,No internet service,No internet service,No internet service,No internet service,Month-to-month,Yes,Mailed check,27.13,1050.24,Yes
CUST-01763,Male,0,Yes,No,9,Yes,Yes,DSL,Yes,Yes,Yes,No,Yes,No,Month-to-month,Yes,Bank transfer (automatic),52.72,415.84,No
CUST-01764,Female,0,Yes,No,72,No,No phone service,No,No internet service,No internet service,No internet service,No internet service,No internet service,No internet service,One year,Yes,Credit card (automatic),50.14,3623.15,No
CUST-01765,Female,0,No,No,0,No,No phone service,No,No internet service,No internet service,No internet service,No internet service,No internet service,No internet service,Month-to-month,Yes,Bank transfer (automatic),55.96,18.0,Yes
CUST-01766,Female,0,Yes,No,55,Yes,Yes,DSL,No,No,No,No,No,No,Month-to-month,Yes,Electronic check,60.24,3377.07,Yes
CUST-01767,Female,0,No,No,3,Yes,No,Fiber optic,No,No,No,No,No,No,Two year,Yes,Mailed check,84.23,247.24,No
CUST-01768,Male,0,No,No,29,Yes,No,No,No internet service,No internet service,No internet service,No internet service,No internet service,No internet service,Month-to-month,No,Electronic check,45.2,1351.66,No
CUST-01769,Male,0,Yes,No,61,Yes,Yes,Fiber optic,No,No,Yes,Yes,No,No,Month-to-month,Yes,Mailed check,78.33,4768.31,Yes
CUST-01770,Male,0,Yes,No,18,Yes,Yes,No,No internet service,No internet service,No internet service,No internet service,No internet service,No internet service,Two year,No,Bank transfer (automatic),26.74,496.92,No
CUST-01771,Male,1,No,No,5,No,No phone service,Fiber optic,No,Yes,No,No,Yes,No,Two year,Yes,Electronic check,58.55,236.3,Yes
CUST-01772,Male,0,Yes,No,3,Yes,Yes,Fiber optic,No,No,No,No,No,No,Month-to-month,No,Mailed check,71.72,132.69,No
CUST-01773,Male,0,No,Yes,46,Yes,No,DSL,Yes,Yes,Yes,No,No,Yes,Two year,Yes,Bank transfer (automatic),51.96,2375.37,No
CUST-01774,Male,0,No,No,58,Yes,Yes,DSL,No,Yes,No,No,No,No,Two year,Yes,Mailed check,68.12,3990.83,No
CUST-01775,Female,1,No,No,7,Yes,Yes,Fiber optic,No,No,Yes,No,No,Yes,Month-to-month,No,Bank transfer (automatic),39.6,285.22,No
CUST-01776,Male,0,Yes,No,56,Yes,No,DSL,No,No,No,Yes,Yes,No,Month-to-month,No,Credit card (automatic),61.25,3410.23,No
CUST-01777,Male,0,No,Yes,33,Yes,No,Fiber optic,No,No,No,No,No,No,One year,No,Electronic check,81.54,2655.28,No
CUST-01778,Male,0,Yes,No,39,Yes,Yes,No,No internet service,No internet service,No internet service,No internet service,No internet service,No internet service,One year,No,Credit card (automatic),18.0,617.84,No
CUST-01779,Male,0,No,No,2,Yes,Yes,DSL,No,No,Yes,No,No,Yes,One year,Yes,Mailed check,82.53,190.92,No
CUST-01780,Female,0,No,No,50,Yes,Yes,Fiber optic,No,Yes,No,No,Yes,No,Month-to-month,Yes,Credit card (automatic),95.14,4725.59,No
CUST-01781,Male,0,Yes,No,38,Yes,No,No,No internet service,No internet service,No internet service,No internet service,No internet service,No internet service,One year,No,Credit card (automatic),61.54,2217.39,Yes
CUST-01782,Male,0,Yes,No,39,Yes,No,No,No internet service,No internet service,No internet service,No internet service,No internet service,No internet service,Two year,No,Bank transfer (automatic),41.67,1619.61,No
CUST-01783,Male,0,Yes,No,23,Yes,No,No,No internet service,No internet service,No internet service,No internet service,No internet service,No internet service,Month-to-month,Yes,Bank transfer (automatic),40.79,974.05,Yes
CUST-01784,Female,0,No,Yes,2,Yes,Yes,Fiber optic,No,No,No,No,Yes,No,Month-to-month,Yes,Mailed check,61.83,247.88,Yes
CUST-01785,Female,1,Yes,No,4,Yes,No,DSL,No,No,No,No,Yes,No,One year,Yes,Mailed check,55.4,286.68,No
CUST-01786,Male,0,No,No,0,Yes,Yes,No,No internet service,No internet service,No internet service,No internet service,No internet service,No internet service,Month-to-month,No,Bank transfer (automatic),38.19,18.37,Yes
CUST-01787,Male,0,No,No,0,Yes,Yes,No,No internet service,No internet service,No internet service,No internet service,No internet service,No internet service,Month-to-month,No,Mailed check,50.13,18.0,No
CUST-01788,Male,0,Yes,No,10,Yes,No,Fiber optic,No,Yes,No,No,No,No,Month-to-month,Yes,Credit card (automatic),70.81,729.53,Yes
CUST-01789,Male,0,No,No,35,Yes,No,DSL,Yes,No,Yes,No,Yes,No,Month-to-month,Yes,Electronic check,68.58,2385.63,Yes
CUST-01790,Female,0,Yes,Yes,35,Yes,No,Fiber optic,Yes,No,No,Yes,No,Yes,One year,Yes,Credit card (automatic),66.04,2269.41,No
CUST-01791,Female,0,Yes,No,2,Yes,Yes,Fiber optic,No,No,No,No,No,No,Month-to-month,No,Bank transfer (automatic),71.56,86.73,Yes
CUST-01792,Female,0,No,No,6,Yes,No,No,No internet service,No internet service,No internet service,No internet service,No internet service,No internet service,Month-to-month,No,Mailed check,62.75,267.76,Yes
CUST-01793,Male,0,Yes,No,72,No,No phone service,DSL,No,No,No,Yes,No,No,Two year,Yes,Credit card (automatic),42.3,3054.98,Yes
CUST-01794,Male,0,No,No,0,Yes,Yes,DSL,Yes,No,Yes,No,Yes,Yes,Month-to-month,Yes,Electronic check,56.7,18.0,Yes
CUST-01795,Male,0,No,No,33,Yes,Yes,Fiber optic,No,No,No,Yes,No,No,Two year,Yes,Mailed check,71.19,2411.96,No
CUST-01796,Male,1,Yes,No,56,Yes,No,No,No internet service,No internet service,No internet service,No internet service,No internet service,No internet service,Month-to-month,Yes,Electronic check,46.5,2484.0,Yes
CUST-01797,Female,0,No,No,43,Yes,No,No,No internet service,No internet service,No internet service,No internet service,No internet service,No internet service,Two year,Yes,Electronic check,43.16,1908.26,No
CUST-01798,Male,0,Yes,No,4,Yes,No,DSL,No,No,Yes,No,No,No,Month-to-month,Yes,Bank transfer (automatic),44.96,192.8,No
CUST-01799,Male,0,No,No,56,Yes,Yes,Fiber optic,No,No,No,No,Yes,No,One year,No,Mailed check,73.86,4198.16,No
CUST-01800,Female,0,No,Yes,60,No,No phone service,Fiber optic,Yes,No,No,No,Yes,Yes,Month-to-month,No,Mailed check,55.0,3376.21,Yes
CUST-01801,Male,1,No,No,1,Yes,No,DSL,No,No,No,No,Yes,No,Month-to-month,Yes,Mailed check,52.29,18.0,Yes
CUST-01802,Male,0,No,No,25,Yes,No,No,No internet service,No internet service,No internet service,No internet service,No internet service,No internet service,Month-to-month,Yes,Bank transfer (automatic),46.25,1180.47,No
CUST-01803,Male,0,Yes,No,27,Yes,Yes,Fiber optic,Yes,No,No,No,No,No,Month-to-month,Yes,Bank transfer (automatic),45.27,1234.29,No
CUST-01804,Male,0,No,Yes,4,Yes,Yes,No,No internet service,No internet service,No internet service,No internet service,No internet service,No internet service,Two year,Yes,Credit card (automatic),64.27,294.57,No
CUST-01805,Male,0,Yes,No,43,Yes,No,Fiber optic,No,No,No,Yes,Yes,Yes,Month-to-month,Yes,Bank transfer (automatic),91.53,4016.37,Yes
CUST-01806,Male,1,No,No,31,Yes,No,No,No internet service,No internet service,No internet service,No internet service,No internet service,No internet service,One year,No,Credit card (automatic),54.24,1673.31,No
CUST-01807,Male,0,Yes,Yes,0,Yes,No,DSL,Yes,No,Yes,No,No,No,Month-to-month,Yes,Credit card (automatic),48.24,18.0,No
CUST-01808,Male,0,Yes,No,69,No,No phone service,Fiber optic,No,No,No,No,No,Yes,One year,No,Electronic check,65.7,4514.45,Yes
CUST-01809,Male,0,Yes,No,65,Yes,No,Fiber optic,No,No,No,No,Yes,No,Month-to-month,No,Electronic check,49.81,3155.29,No
CUST-01810,Female,0,Yes,Yes,18,Yes,Yes,DSL,No,No,No,No,No,No,Month-to-month,Yes,Electronic check,73.0,1423.84,No
CUST-01811,Male,0,Yes,No,72,Yes,No,Fiber optic,Yes,No,Yes,No,No,Yes,One year,No,Bank transfer (automatic),58.0,4258.76,No
CUST-01812,Female,0,Yes,No,34,Yes,No,Fiber optic,No,Yes,No,Yes,Yes,Yes,Two year,No,Mailed check,81.61,2762.85,No
CUST-01813,Female,0,No,No,66,Yes,No,Fiber optic,No,No,No,Yes,No,No,Two year,No,Credit card (automatic),64.34,4257.36,No
CUST-01814,Male,0,No,No,33,Yes,Yes,No,No internet service,No internet service,No internet service,No internet service,No internet service,No internet service,Two year,Yes,Bank transfer (automatic),65.14,2097.24,No
CUST-01815,Female,0,Yes,No,33,Yes,Yes,DSL,No,Yes,Yes,No,Yes,Yes,Month-to-month,No,Credit card (automatic),65.75,2136.67,No
CUST-01816,Male,0,No,No,46,Yes,No,DSL,No,Yes,No,No,Yes,Yes,Month-to-month,Yes,Mailed check,73.41,3420.69,No
CUST-01817,Male,0,Yes,No,4,Yes,No,DSL,No,Yes,No,No,No,No,Month-to-month,No,Credit card (automatic),55.29,240.27,No
CUST-01818,Male,0,No,Yes,21,Yes,No,No,No internet service,No internet service,No internet service,No internet service,No internet service,No internet service,Two year,Yes,Credit card (automatic),69.92,1485.79,No
CUST-01819,Male,0,Yes,No,0,Yes,No,DSL,No,No,No,Yes,No,No,Two year,Yes,Bank transfer (automatic),27.17,18.0,No
CUST-01820,Male,0,No,No,15,Yes,Yes,DSL,Yes,Yes,Yes,No,No,Yes,Two year,Yes,Electronic check,29.14,473.31,No
CUST-01821,Male,1,Yes,No,13,Yes,No,DSL,Yes,Yes,No,No,Yes,No,One year,Yes,Electronic check,28.38,271.41,No
CUST-01822,Female,0,Yes,No,53,No,No phone service,Fiber optic,No,No,No,Yes,Yes,No,Month-to-month,Yes,Mailed check,56.91,3031.7,No
CUST-01823,Male,0,No,No,30,Yes,Yes,Fiber optic,No,No,No,No,No,No,Two year,No,Mailed check,59.9,1890.5,No
CUST-01824,Female,0,No,No,8,Yes,Yes,Fiber optic,Yes,Yes,No,No,No,No,Two year,Yes,Bank transfer (automatic),65.52,565.9,No
CUST-01825,Female,0,No,No,34,Yes,No,Fiber optic,No,No,Yes,No,No,No,Month-to-month,No,Electronic check,87.75,2908.7,Yes
CUST-01826,Female,0,Yes,Yes,39,No,No phone service,Fiber optic,No,No,No,No,Yes,No,Month-to-month,No,Bank transfer (automatic),62.73,2462.97,No
CUST-01827,Male,0,No,No,1,Yes,No,DSL,No,No,No,Yes,Yes,Yes,Two year,Yes,Bank transfer (automatic),66.7,45.42,No
CUST-01828,Female,0,No,No,6,No,No phone service,Fiber optic,Yes,No,Yes,No,Yes,No,One year,Yes,Bank transfer (automatic),73.48,516.09,No
CUST-01829,Female,1,Yes,No,11,No,No phone service,DSL,No,No,No,Yes,Yes,Yes,Two year,No,Bank transfer (automatic),73.06,806.45,No
CUST-01830,Female,0,Yes,No,34,No,No phone service,DSL,No,No,No,Yes,No,Yes,One year,No,Bank transfer (automatic),60.81,2175.72,No
CUST-01831,Male,0,Yes,Yes,47,Yes,Yes,Fiber optic,No,Yes,No,Yes,Yes,No,Two year,No,Credit card (automatic),77.17,3735.87,No
CUST-01832,Female,0,Yes,Yes,16,Yes,No,DSL,No,No,No,No,Yes,No,Month-to-month,Yes,Electronic check,49.68,818.72,Yes
CUST-01833,Female,1,Yes,Yes,72,No,No phone service,Fiber optic,No,No,Yes,No,No,No,Two year,Yes,Mailed check,53.3,3846.52,No
CUST-01834,Male,1,Yes,Yes,6,Yes,No,Fiber optic,No,Yes,No,Yes,Yes,No,Month-to-month,Yes,Electronic check,43.28,327.47,Yes
CUST-01835,Male,0,No,No,0,Yes,Yes,No,No internet service,No internet service,No internet service,No internet service,No internet service,No internet service,Two year,Yes,Credit card (automatic),54.3,18.0,No
CUST-01836,Male,0,No,No,13,Yes,No,Fiber optic,No,No,No,No,No,Yes,Month-to-month,No,Electronic check,105.52,1391.31,No
CUST-01837,Female,0,No,Yes,7,Yes,No,Fiber optic,Yes,No,No,No,No,No,Month-to-month,Yes,Electronic check,63.04,428.27,No
CUST-01838,Male,0,No,No,2,Yes,No,Fiber optic,No,Yes,Yes,Yes,No,No,Month-to-month,Yes,Bank transfer (automatic),69.0,111.6,Yes
CUST-01839,Male,0,Yes,Yes,6,No,No phone service,No,No internet service,No internet service,No internet service,No internet service,No internet service,No internet service,Two year,Yes,Electronic check,29.57,222.57,No
CUST-01840,Female,0,No,Yes,1,Yes,Yes,DSL,No,Yes,No,No,No,No,Month-to-month,No,Electronic check,52.88,57.22,Yes
CUST-01841,Male,0,No,No,1,Yes,Yes,Fiber optic,No,No,No,Yes,No,Yes,Month-to-month,Yes,Mailed check,75.46,180.95,No
CUST-01842,Male,1,No,No,19,Yes,Yes,Fiber optic,No,Yes,No,No,Yes,No,Month-to-month,Yes,Electronic check,60.39,1116.89,Yes
CUST-01843,Female,1,Yes,No,2,Yes,No,DSL,No,Yes,Yes,No,Yes,Yes,Two year,Yes,Electronic check,44.44,38.0,No
CUST-01844,Female,1,No,Yes,72,Yes,No,DSL,No,Yes,No,No,Yes,No,Month-to-month,No,Electronic check,69.15,4977.3,No
CUST-01845,Female,0,No,No,1,Yes,Yes,No,No internet service,No internet service,No internet service,No internet service,No internet service,No internet service,Month-to-month,Yes,Mailed check,60.31,86.83,No
CUST-01846,Female,0,No,Yes,52,Yes,Yes,Fiber optic,No,No,No,No,Yes,No,One year,No,Credit card (automatic),90.26,4684.77,No
CUST-01847,Male,0,No,No,1,No,No phone service,Fiber optic,No,No,No,No,Yes,No,Two year,Yes,Electronic check,83.98,116.67,Yes
CUST-01848,Female,0,No,No,45,No,No phone service,Fiber optic,Yes,Yes,No,No,Yes,Yes,One year,Yes,Electronic check,58.75,2600.71,No
CUST-01849,Female,0,No,No,48,Yes,No,DSL,No,No,No,No,Yes,No,One year,Yes,Bank transfer (automatic),49.1,2396.53,No
CUST-01850,Male,1,No,No,0,Yes,Yes,DSL,Yes,Yes,Yes,No,Yes,No,One year,No,Bank transfer (automatic),60.01,18.0,No
CUST-01851,Male,0,No,No,0,Yes,No,Fiber optic,No,Yes,Yes,No,No,No,Month-to-month,Yes,Electronic check,60.91,18.0,No
CUST-01852,Male,0,No,No,1,Yes,Yes,Fiber optic,No,Yes,No,No,Yes,No,Month-to-month,No,Bank transfer (automatic),92.45,18.0,Yes
CUST-01853,Male,0,Yes,Yes,0,Yes,No,Fiber optic,Yes,Yes,Yes,No,No,Yes,Month-to-month,No,Credit card (automatic),72.29,72.77,Yes
CUST-01854,Male,0,No,No,5,Yes,No,Fiber optic,No,No,No,No,No,No,Month-to-month,Yes,Electronic check,51.97,290.49,Yes
CUST-01855,Male,0,Yes,No,40,Yes,Yes,Fiber optic,No,No,No,Yes,No,No,Month-to-month,Yes,Bank transfer (automatic),89.37,3604.56,No
CUST-01856,Female,0,Yes,Yes,0,Yes,No,Fiber optic,Yes,No,Yes,No,No,No,Month-to-month,Yes,Credit card (automatic),78.64,18.0,No
CUST-01857,Male,0,Yes,Yes,67,Yes,Yes,Fiber optic,No,No,No,No,No,No,One year,Yes,Credit card (automatic),80.72,5448.55,No
CUST-01858,Female,0,No,No,16,No,No phone service,Fiber optic,Yes,No,No,No,No,No,Month-to-month,Yes,Electronic check,88.99,1385.01,Yes
CUST-01859,Female,0,Yes,Yes,15,Yes,Yes,DSL,No,Yes,No,No,No,No,Two year,Yes,Bank transfer (automatic),58.44,834.79,No
CUST-01860,Female,0,Yes,No,45,Yes,Yes,DSL,No,Yes,No,Yes,No,Yes,Two year,No,Electronic check,79.73,3594.85,No
CUST-01861,Female,0,Yes,No,51,Yes,Yes,Fiber optic,No,Yes,Yes,No,No,No,Two year,No,Credit card (automatic),82.43,4224.99,No
CUST-01862,Male,0,No,No,51,Yes,Yes,Fiber optic,No,No,No,No,No,No,Month-to-month,Yes,Mailed check,66.05,3328.89,Yes
CUST-01863,Female,0,No,No,48,Yes,No,Fiber optic,No,Yes,Yes,Yes,No,Yes,Two year,No,Bank transfer (automatic),61.68,3012.53,No
CUST-01864,Male,0,No,No,0,Yes,No,Fiber optic,Yes,No,No,No,Yes,No,One year,Yes,Electronic check,66.04,18.0,Yes
CUST-01865,Female,0,Yes,No,57,No,No phone service,Fiber optic,No,Yes,No,Yes,No,No,Two year,Yes,Bank transfer (automatic),65.81,3752.49,No
CUST-01866,Male,0,Yes,Yes,4,Yes,Yes,Fiber optic,No,No,No,No,Yes,No,Month-to-month,Yes,Electronic check,56.58,258.59,Yes
CUST-01867,Male,0,No,Yes,29,Yes,No,DSL,No,Yes,Yes,Yes,No,No,One year,No,Bank transfer (automatic),42.72,1145.66,No
CUST-01868,Female,1,Yes,No,43,Yes,No,DSL,No,No,Yes,No,Yes,No,Month-to-month,Yes,Bank transfer (automatic),45.26,1936.09,Yes
CUST-01869,Male,0,No,No,8,No,No phone service,Fiber optic,No,No,Yes,No,No,Yes,Two year,Yes,Electronic check,53.98,464.09,Yes
CUST-01870,Female,0,No,No,34,Yes,No,Fiber optic,No,No,No,No,Yes,Yes,One year,Yes,Mailed check,59.21,2027.73,No
CUST-01871,Male,1,No,Yes,72,Yes,No,DSL,Yes,No,No,Yes,Yes,Yes,One year,No,Credit card (automatic),18.0,1313.49,No
CUST-01872,Male,0,Yes,No,53,Yes,No,DSL,No,No,Yes,No,No,No,Month-to-month,No,Credit card (automatic),76.4,4001.33,No
CUST-01873,Female,0,Yes,No,1,Yes,Yes,No,No internet service,No internet service,No internet service,No internet service,No internet service,No internet service,Month-to-month,Yes,Credit card (automatic),40.0,18.0,Yes
CUST-01874,Female,0,No,Yes,59,Yes,Yes,No,No internet service,No internet service,No internet service,No internet service,No internet service,No internet service,Two year,No,Credit card (automatic),49.72,2979.18,No
CUST-01875,Male,0,Yes,No,6,Yes,Yes,No,No internet service,No internet service,No internet service,No internet service,No internet service,No internet service,Two year,Yes,Credit card (automatic),18.0,189.5,No
CUST-01876,Male,0,No,No,43,Yes,No,DSL,Yes,Yes,No,No,Yes,No,Two year,Yes,Bank transfer (automatic),57.65,2420.66,No
CUST-01877,Male,0,No,No,61,Yes,No,No,No internet service,No internet service,No internet service,No internet service,No internet service,No internet service,Two year,No,Electronic check,42.8,2596.8,No
CUST-01878,Female,0,Yes,No,47,Yes,Yes,Fiber optic,No,No,No,No,Yes,Yes,One year,No,Electronic check,76.97,3532.74,No
CUST-01879,Female,0,Yes,No,35,No,No phone service,DSL,Yes,No,No,No,No,No,One year,No,Bank transfer (automatic),56.66,1987.92,No
CUST-01880,Male,0,No,No,23,Yes,No,DSL,No,No,Yes,Yes,No,Yes,Two year,No,Electronic check,44.39,1034.18,No
CUST-01881,Male,0,Yes,Yes,1,No,No phone service,DSL,No,No,No,No,No,No,Month-to-month,Yes,Electronic check,59.89,56.58,No
CUST-01882,Male,0,No,No,57,Yes,Yes,No,No internet service,No internet service,No internet service,No internet service,No internet service,No internet service,Month-to-month,Yes,Bank transfer (automatic),18.0,1062.8,No
CUST-01883,Male,0,No,No,56,Yes,Yes,Fiber optic,No,No,Yes,No,No,No,Two year,No,Bank transfer (automatic),76.71,4195.88,No
CUST-01884,Female,0,No,No,1,Yes,No,DSL,Yes,Yes,No,No,Yes,No,Month-to-month,Yes,Bank transfer (automatic),62.28,56.1,No
CUST-01885,Female,0,Yes,Yes,8,No,No phone service,DSL,No,No,No,Yes,No,No,Month-to-month,Yes,Bank transfer (automatic),75.56,636.51,No
CUST-01886,Male,0,Yes,No,29,Yes,No,No,No internet service,No internet service,No internet service,No internet service,No internet service,No internet service,Two year,Yes,Credit card (automatic),49.18,1519.51,No
CUST-01887,Female,0,No,No,10,Yes,No,Fiber optic,No,Yes,Yes,Yes,No,No,Two year,Yes,Mailed check,36.28,370.5,No
CUST-01888,Male,0,No,No,65,Yes,No,No,No internet service,No internet service,No internet service,No internet service,No internet service,No internet service,Month-to-month,No,Mailed check,37.95,2491.46,No
CUST-01889,Male,0,No,Yes,3,Yes,No,DSL,Yes,Yes,No,No,No,No,Month-to-month,Yes,Bank transfer (automatic),56.94,89.87,No
CUST-01890,Male,0,No,No,72,Yes,Yes,No,No internet service,No internet service,No internet service,No internet service,No internet service,No internet service,Month-to-month,No,Mailed check,43.5,3071.56,No
CUST-01891,Male,0,No,Yes,5,Yes,Yes,DSL,No,Yes,No,No,No,No,One year,Yes,Electronic check,52.81,346.96,No
CUST-01892,Male,0,Yes,No,65,Yes,No,DSL,No,No,No,No,Yes,Yes,Month-to-month,Yes,Electronic check,54.58,3561.6,No
CUST-01893,Female,0,Yes,No,59,Yes,No,No,No internet service,No internet service,No internet service,No internet service,No internet service,No internet service,Month-to-month,Yes,Bank transfer (automatic),30.68,1810.75,No
CUST-01894,Female,0,No,Yes,4,Yes,Yes,DSL,Yes,Yes,No,No,Yes,Yes,Month-to-month,Yes,Bank transfer (automatic),77.04,293.44,Yes
CUST-01895,Male,0,Yes,No,31,No,No phone service,Fiber optic,No,No,No,No,Yes,No,Two year,Yes,Mailed check,66.05,2061.52,No
CUST-01896,Female,1,No,No,50,Yes,No,Fiber optic,Yes,Yes,No,No,No,No,Two year,No,Electronic check,102.54,5055.89,No
CUST-01897,Female,0,Yes,No,34,No,No phone service,Fiber optic,No,No,No,No,No,No,Month-to-month,Yes,Bank transfer (automatic),42.5,1503.71,No
CUST-01898,Female,0,Yes,No,37,Yes,No,DSL,No,Yes,No,No,Yes,Yes,Month-to-month,No,Mailed check,50.14,1864.36,Yes
CUST-01899,Female,0,Yes,No,18,Yes,Yes,Fiber optic,Yes,No,No,No,No,No,One year,Yes,Electronic check,93.72,1602.11,Yes
CUST-01900,Male,0,No,No,2,Yes,No,DSL,No,No,Yes,No,No,No,Month-to-month,Yes,Mailed check,31.42,75.54,No
CUST-01901,Female,0,No,Yes,4,Yes,Yes,No,No internet service,No internet service,No internet service,No internet service,No internet service,No internet service,Month-to-month,Yes,Bank transfer (automatic),63.17,211.3,No
CUST-01902,Female,0,Yes,No,32,Yes,No,No,No internet service,No internet service,No internet service,No internet service,No internet service,No internet service,Month-to-month,Yes,Mailed check,47.2,1580.21,Yes
CUST-01903,Female,1,Yes,No,21,Yes,Yes,No,No internet service,No internet service,No internet service,No internet service,No internet service,No internet service,Month-to-month,Yes,Electronic check,46.98,950.11,Yes
CUST-01904,Male,0,Yes,No,9,Yes,No,No,No internet service,No internet service,No internet service,No internet service,No internet service,No internet service,Month-to-month,No,Credit card (automatic),64.68,574.82,No
CUST-01905,Male,1,Yes,No,72,Yes,No,Fiber optic,No,No,No,Yes,Yes,No,Month-to-month,No,Credit card (automatic),64.35,4633.43,No
CUST-01906,Male,0,No,No,69,Yes,No,DSL,No,No,Yes,No,No,No,Month-to-month,Yes,Electronic check,51.19,3568.35,No
CUST-01907,Male,1,Yes,Yes,51,Yes,Yes,DSL,No,Yes,Yes,No,No,Yes,One year,Yes,Bank transfer (automatic),46.69,2465.39,No
CUST-01908,Male,0,Yes,Yes,62,Yes,Yes,No,No internet service,No internet service,No internet service,No internet service,No internet service,No internet service,Two year,Yes,Mailed check,40.33,2507.34,No
CUST-01909,Male,0,Yes,Yes,43,Yes,No,Fiber optic,No,No,No,No,No,Yes,Month-to-month,Yes,Electronic check,49.63,2167.11,No
CUST-01910,Female,0,No,Yes,56,Yes,Yes,DSL,No,Yes,Yes,No,No,No,Month-to-month,No,Mailed check,60.27,3336.28,No
CUST-01911,Male,0,No,No,6,Yes,No,DSL,No,No,Yes,No,No,No,Month-to-month,Yes,Electronic check,51.18,299.26,No
CUST-01912,Female,0,No,No,0,Yes,No,No,No internet service,No internet service,No internet service,No internet service,No internet service,No internet service,One year,Yes,Credit card (automatic),42.1,18.0,No
CUST-01913,Male,0,No,Yes,0,Yes,No,DSL,No,Yes,No,No,No,Yes,Month-to-month,Yes,Bank transfer (automatic),53.07,18.0,No
CUST-01914,Female,0,No,No,2,Yes,Yes,Fiber optic,No,No,No,No,Yes,No,Two year,No,Credit card (automatic),81.9,206.6,No
CUST-01915,Male,0,Yes,Yes,59,Yes,Yes,Fiber optic,No,No,No,Yes,Yes,No,Month-to-month,Yes,Mailed check,81.1,4751.02,Yes
CUST-01916,Female,0,No,No,0,Yes,Yes,Fiber optic,No,No,No,No,Yes,No,Month-to-month,Yes,Credit card (automatic),81.63,18.0,Yes
CUST-01917,Male,1,No,No,45,Yes,No,DSL,Yes,No,Yes,Yes,Yes,No,One year,Yes,Electronic check,48.0,2113.31,No
CUST-01918,Male,0,Yes,No,0,Yes,Yes,Fiber optic,Yes,Yes,No,No,No,No,One year,No,Bank transfer (automatic),72.11,41.72,No
CUST-01919,Male,0,No,Yes,29,Yes,No,DSL,Yes,Yes,No,No,No,Yes,One year,Yes,Electronic check,88.02,2569.3,No
CUST-01920,Female,0,No,No,50,Yes,No,DSL,No,Yes,Yes,No,No,No,Month-to-month,No,Credit card (automatic),69.05,3507.96,Yes
CUST-01921,Male,0,No,No,59,No,No phone service,Fiber optic,Yes,No,Yes,No,No,No,Two year,No,Electronic check,48.13,2815.81,No
CUST-01922,Female,0,Yes,No,37,Yes,No,No,No internet service,No internet service,No internet service,No internet service,No internet service,No internet service,Month-to-month,No,Bank transfer (automatic),62.13,2432.99,No
CUST-01923,Female,1,Yes,Yes,48,Yes,No,Fiber optic,No,No,Yes,No,Yes,Yes,Two year,Yes,Mailed check,78.86,3801.0,No
CUST-01924,Male,0,No,No,1,Yes,Yes,DSL,No,Yes,No,No,Yes,Yes,Month-to-month,Yes,Electronic check,52.41,85.21,No
CUST-01925,Male,0,Yes,No,15,Yes,No,DSL,No,No,No,No,No,Yes,Month-to-month,Yes,Mailed check,65.87,1035.89,No
CUST-01926,Male,0,Yes,No,2,Yes,No,Fiber optic,No,No,Yes,Yes,Yes,Yes,One year,Yes,Mailed check,91.97,184.2,Yes
CUST-01927,Male,0,Yes,No,31,Yes,No,DSL,No,Yes,No,No,Yes,Yes,Month-to-month,Yes,Electronic check,59.07,1832.86,Yes
CUST-01928,Male,0,No,No,1,No,No phone service,DSL,No,Yes,Yes,No,No,No,Month-to-month,Yes,Bank transfer (automatic),49.33,44.71,Yes
CUST-01929,Male,0,No,No,47,Yes,No,DSL,No,Yes,Yes,No,Yes,No,Month-to-month,No,Electronic check,41.47,1990.08,Yes
CUST-01930,Female,0,No,Yes,67,Yes,No,DSL,No,No,No,Yes,No,Yes,One year,No,Electronic check,63.01,4203.0,No
CUST-01931,Male,0,No,Yes,49,Yes,No,Fiber optic,No,No,No,No,No,No,Two year,No,Electronic check,64.78,3187.71,No
CUST-01932,Male,0,Yes,No,46,No,No phone service,DSL,Yes,Yes,Yes,Yes,No,No,Month-to-month,Yes,Bank transfer (automatic),53.64,2509.5,No
CUST-01933,Female,1,Yes,Yes,46,Yes,No,DSL,No,Yes,No,Yes,No,No,Month-to-month,Yes,Mailed check,52.99,2470.04,No
CUST-01934,Female,0,Yes,No,1,Yes,Yes,DSL,No,No,No,No,No,Yes,Month-to-month,No,Credit card (automatic),51.4,18.0,No
CUST-01935,Male,0,Yes,No,43,No,No phone service,Fiber optic,Yes,No,Yes,Yes,Yes,Yes,Month-to-month,No,Credit card (automatic),55.99,2411.01,No
CUST-01936,Male,0,No,No,72,Yes,No,Fiber optic,No,No,Yes,Yes,No,No,Month-to-month,No,Electronic check,90.98,6510.98,No
CUST-01937,Male,0,Yes,Yes,37,Yes,No,DSL,No,Yes,Yes,No,Yes,No,Month-to-month,No,Electronic check,61.15,2251.4,No
CUST-01938,Female,0,Yes,No,50,Yes,Yes,Fiber optic,No,Yes,No,No,No,No,One year,Yes,Mailed check,39.64,2031.42,No
CUST-01939,Female,0,No,No,62,Yes,No,DSL,No,No,Yes,Yes,Yes,Yes,Month-to-month,No,Electronic check,66.61,4248.22,No
CUST-01940,Male,0,No,No,30,Yes,No,No,No internet service,No internet service,No internet service,No internet service,No internet service,No internet service,Month-to-month,Yes,Mailed check,49.62,1444.18,No
CUST-01941,Male,0,Yes,No,40,Yes,No,Fiber optic,No,Yes,No,No,No,Yes,One year,Yes,Electronic check,73.28,2896.24,Yes
CUST-01942,Male,0,No,Yes,54,Yes,No,Fiber optic,No,No,Yes,No,Yes,No,Month-to-month,Yes,Mailed check,82.8,4479.29,No
CUST-01943,Female,0,No,No,2,No,No phone service,Fiber optic,No,No,Yes,No,Yes,No,Month-to-month,No,Electronic check,69.05,149.4,No
CUST-01944,Male,0,No,Yes,39,Yes,Yes,Fiber optic,No,Yes,No,Yes,Yes,No,Month-to-month,Yes,Credit card (automatic),63.22,2417.48,Yes
CUST-01945,Male,0,No,No,19,Yes,No,Fiber optic,Yes,No,No,Yes,No,No,Month-to-month,Yes,Electronic check,44.35,879.75,No
CUST-01946,Male,0,Yes,Yes,0,No,No phone service,Fiber optic,No,No,Yes,Yes,Yes,No,Month-to-month,Yes,Electronic check,56.55,18.0,No
CUST-01947,Male,0,Yes,Yes,0,Yes,No,Fiber optic,Yes,No,Yes,No,No,No,One year,No,Electronic check,84.82,18.0,No
CUST-01948,Female,0,Yes,Yes,72,No,No phone service,DSL,No,No,No,No,Yes,No,Two year,No,Mailed check,53.17,3773.87,No
CUST-01949,Male,0,No,Yes,11,Yes,Yes,DSL,Yes,No,No,No,No,No,Month-to-month,Yes,Electronic check,49.67,586.56,No
CUST-01950,Male,0,No,No,69,Yes,No,Fiber optic,No,Yes,No,No,No,Yes,Month-to-month,Yes,Mailed check,67.53,4649.73,No
CUST-01951,Female,1,No,No,2,Yes,No,Fiber optic,Yes,No,Yes,Yes,No,No,One year,Yes,Mailed check,51.72,18.0,No
CUST-01952,Female,0,No,Yes,62,Yes,No,DSL,No,Yes,No,No,No,No,Month-to-month,No,Bank transfer (automatic),49.23,3075.07,No
CUST-01953,Male,0,Yes,Yes,67,Yes,No,No,No internet service,No internet service,No internet service,No internet service,No internet service,No internet service,Month-to-month,No,Bank transfer (automatic),56.9,3817.9,No
CUST-01954,Male,0,Yes,No,11,Yes,Yes,DSL,Yes,No,No,No,Yes,Yes,Two year,Yes,Credit card (automatic),31.06,399.95,No
CUST-01955,Female,0,Yes,Yes,4,Yes,No,DSL,No,No,No,No,No,No,Month-to-month,Yes,Credit card (automatic),53.06,218.71,Yes
CUST-01956,Male,0,Yes,No,36,Yes,Yes,Fiber optic,No,No,No,No,No,No,Two year,No,Electronic check,77.58,2804.57,Yes
CUST-01957,Female,0,No,Yes,2,Yes,Yes,No,No internet service,No internet service,No internet service,No internet service,No internet service,No internet service,Month-to-month,Yes,Electronic check,50.97,86.03,No
CUST-01958,Female,1,No,No,37,Yes,Yes,Fiber optic,No,Yes,No,No,No,No,One year,No,Credit card (automatic),56.47,2064.36,Yes
CUST-01959,Female,0,Yes,No,43,Yes,Yes,Fiber optic,No,No,No,No,No,No,Month-to-month,No,Mailed check,79.88,3385.87,No
CUST-01960,Male,0,No,Yes,7,Yes,Yes,DSL,No,No,No,No,No,Yes,Two year,No,Credit card (automatic),52.06,306.33,No
CUST-01961,Female,0,Yes,No,47,Yes,Yes,No,No internet service,No internet service,No internet service,No internet service,No internet service,No internet service,One year,Yes,Credit card (automatic),63.71,3012.76,No
CUST-01962,Female,0,No,No,2,Yes,No,Fiber optic,No,Yes,Yes,Yes,No,Yes,Month-to-month,No,Mailed check,75.91,101.74,Yes
CUST-01963,Male,1,Yes,No,21,Yes,No,DSL,No,No,No,No,No,No,Month-to-month,Yes,Credit card (automatic),47.66,989.05,Yes
CUST-01964,Female,1,No,No,63,Yes,Yes,Fiber optic,No,No,No,No,Yes,No,Two year,No,Mailed check,80.13,5129.75,Yes
CUST-01965,Female,1,Yes,No,21,Yes,Yes,DSL,No,Yes,Yes,No,No,Yes,One year,Yes,Mailed check,57.53,1248.36,No
CUST-01966,Female,0,Yes,No,46,Yes,Yes,Fiber optic,Yes,Yes,No,No,Yes,Yes,Two year,Yes,Bank transfer (automatic),75.55,3493.38,No
CUST-01967,Male,0,No,No,64,Yes,No,Fiber optic,No,Yes,Yes,No,Yes,Yes,Month-to-month,No,Credit card (automatic),62.44,4016.59,No
CUST-01968,Male,0,Yes,Yes,52,Yes,Yes,Fiber optic,Yes,No,Yes,Yes,No,Yes,Two year,Yes,Electronic check,56.63,2913.17,No
CUST-01969,Female,0,Yes,No,42,Yes,No,No,No internet service,No internet service,No internet service,No internet service,No internet service,No internet service,Month-to-month,Yes,Electronic check,22.4,899.22,No
CUST-01970,Male,0,Yes,No,49,Yes,Yes,Fiber optic,No,No,Yes,No,Yes,Yes,Two year,Yes,Bank transfer (automatic),58.01,2884.05,No
CUST-01971,Female,0,No,Yes,34,Yes,No,Fiber optic,No,No,No,Yes,No,No,Month-to-month,No,Mailed check,74.19,2560.51,Yes
CUST-01972,Female,0,Yes,Yes,61,Yes,No,Fiber optic,Yes,Yes,Yes,Yes,No,No,Month-to-month,Yes,Bank transfer (automatic),61.46,3659.82,No
CUST-01973,Female,1,No,Yes,3,No,No phone service,DSL,No,No,No,Yes,No,Yes,Month-to-month,No,Mailed check,60.5,180.13,No
CUST-01974,Male,0,No,No,1,Yes,No,Fiber optic,No,Yes,No,Yes,No,Yes,Month-to-month,Yes,Credit card (automatic),60.79,23.74,No
CUST-01975,Female,1,No,Yes,13,Yes,No,No,No internet service,No internet service,No internet service,No internet service,No internet service,No internet service,Month-to-month,Yes,Mailed check,45.05,559.8,No
CUST-01976,Male,0,Yes,Yes,63,Yes,Yes,Fiber optic,No,Yes,No,No,No,No,One year,No,Mailed check,89.75,5603.98,No
CUST-01977,Female,0,No,Yes,72,Yes,No,Fiber optic,Yes,No,No,No,No,No,One year,No,Credit card (automatic),91.85,6659.99,Yes
CUST-01978,Male,0,Yes,No,6,Yes,Yes,Fiber optic,No,No,Yes,No,No,No,Two year,Yes,Electronic check,40.24,176.68,No
CUST-01979,Male,0,No,Yes,46,Yes,No,No,No internet service,No internet service,No internet service,No internet service,No internet service,No internet service,Two year,Yes,Bank transfer (automatic),28.19,1205.07,No
CUST-01980,Female,0,Yes,Yes,17,Yes,Yes,DSL,No,No,No,No,No,No,One year,Yes,Electronic check,62.19,1030.11,No
CUST-01981,Female,0,No,No,10,Yes,No,DSL,No,No,No,No,No,Yes,Month-to-month,Yes,Electronic check,49.56,591.97,Yes
CUST-01982,Female,0,No,No,19,Yes,No,Fiber optic,No,Yes,Yes,Yes,Yes,No,One year,Yes,Mailed check,48.33,971.54,No
CUST-01983,Male,1,Yes,Yes,22,Yes,No,DSL,Yes,Yes,No,Yes,No,Yes,Month-to-month,No,Credit card (automatic),57.96,1349.71,No
CUST-01984,Female,0,Yes,No,68,Yes,Yes,No,No internet service,No internet service,No internet service,No internet service,No internet service,No internet service,Month-to-month,No,Mailed check,28.48,1992.78,No
CUST-01985,Female,0,Yes,No,50,Yes,Yes,DSL,No,Yes,No,No,Yes,No,Month-to-month,No,Electronic check,65.01,3237.64,No
CUST-01986,Female,0,No,Yes,39,No,No phone service,DSL,No,No,No,No,No,No,Two year,No,Mailed check,69.99,2726.12,No
CUST-01987,Female,0,Yes,No,2,Yes,No,Fiber optic,No,Yes,Yes,No,No,Yes,Month-to-month,Yes,Mailed check,83.02,151.62,Yes
CUST-01988,Male,0,No,No,49,Yes,No,DSL,No,No,No,No,Yes,No,Month-to-month,Yes,Bank transfer (automatic),39.97,1893.05,No
CUST-01989,Male,0,No,No,3,Yes,No,Fiber optic,No,Yes,Yes,No,Yes,No,Month-to-month,Yes,Mailed check,67.69,147.99,No
CUST-01990,Female,0,No,Yes,2,No,No phone service,Fiber optic,Yes,Yes,No,No,No,No,One year,Yes,Mailed check,89.09,213.3,No
CUST-01991,Female,0,Yes,No,47,No,No phone service,No,No internet service,No internet service,No internet service,No internet service,No internet service,No internet service,Month-to-month,No,Credit card (automatic),18.0,810.58,Yes
CUST-01992,Male,0,Yes,No,32,Yes,No,DSL,No,Yes,No,No,Yes,No,One year,Yes,Bank transfer (automatic),33.05,1061.25,No
CUST-01993,Male,0,Yes,No,25,Yes,Yes,Fiber optic,No,No,No,Yes,No,Yes,Month-to-month,No,Bank transfer (automatic),87.93,2145.12,Yes
CUST-01994,Female,1,No,No,7,Yes,No,No,No internet service,No internet service,No internet service,No internet service,No internet service,No internet service,Month-to-month,Yes,Electronic check,67.81,456.65,No
CUST-01995,Female,0,Yes,No,62,Yes,Yes,Fiber optic,Yes,No,No,No,Yes,No,One year,Yes,Mailed check,29.8,1874.32,No
CUST-01996,Male,0,Yes,No,27,Yes,No,DSL,No,No,No,Yes,No,Yes,Month-to-month,No,Electronic check,39.15,973.7,Yes
CUST-01997,Female,0,Yes,Yes,26,Yes,Yes,DSL,No,Yes,Yes,Yes,Yes,No,Month-to-month,No,Mailed check,47.96,1245.5,No
CUST-01998,Female,0,No,No,36,Yes,No,Fiber optic,No,No,Yes,No,Yes,Yes,Two year,Yes,Electronic check,71.86,2616.65,No
CUST-01999,Male,0,No,No,4,Yes,No,DSL,No,Yes,Yes,No,No,Yes,Month-to-month,No,Credit card (automatic),83.37,331.94,No
CUST-02000,Male,0,Yes,No,49,Yes,No,Fiber optic,No,Yes,Yes,Yes,Yes,Yes,Two year,Yes,Electronic check,79.73,3858.81,No
CUST-02001,Female,0,Yes,Yes,5,Yes,Yes,Fiber optic,No,No,No,Yes,No,No,Month-to-month,Yes,Electronic check,72.8,366.11,Yes
CUST-02002,Male,0,Yes,Yes,65,Yes,No,Fiber optic,No,No,No,No,Yes,No,Month-to-month,Yes,Electronic check,42.7,2707.3,Yes
CUST-02003,Male,0,Yes,Yes,20,Yes,Yes,Fiber optic,No,No,No,Yes,Yes,Yes,One year,No,Electronic check,61.26,1216.33,No
CUST-02004,Male,1,No,No,68,No,No phone service,Fiber optic,No,No,No,No,No,No,Two year,Yes,Electronic check,83.56,5634.38,Yes
CUST-02005,Female,0,Yes,No,53,Yes,No,DSL,No,Yes,No,No,No,No,Month-to-month,Yes,Credit card (automatic),39.28,2045.8,No
CUST-02006,Male,0,No,No,18,Yes,Yes,Fiber optic,No,No,No,No,Yes,No,Month-to-month,Yes,Mailed check,65.92,1280.12,Yes
CUST-02007,Male,1,No,No,69,Yes,Yes,No,No internet service,No internet service,No internet service,No internet service,No internet service,No internet service,Two year,Yes,Mailed check,42.84,3013.98,No
CUST-02008,Male,0,No,Yes,72,Yes,No,Fiber optic,No,No,Yes,No,No,Yes,Two year,Yes,Bank transfer (automatic),70.0,5062.9,No
CUST-02009,Female,0,Yes,No,72,Yes,No,DSL,No,No,Yes,No,No,Yes,One year,No,Electronic check,70.68,5108.01,Yes
CUST-02010,Female,1,No,No,1,Yes,Yes,DSL,No,No,No,No,Yes,No,Month-to-month,Yes,Credit card (automatic),65.37,87.08,Yes
CUST-02011,Male,0,Yes,Yes,47,Yes,No,Fiber optic,No,No,No,No,No,No,Two year,No,Credit card (automatic),63.69,2992.07,No
CUST-02012,Male,0,Yes,No,33,Yes,No,Fiber optic,No,No,No,No,Yes,No,Month-to-month,No,Electronic check,54.15,1775.63,Yes
CUST-02013,Male,0,No,No,27,Yes,Yes,Fiber optic,Yes,No,No,No,No,Yes,Two year,Yes,Credit card (automatic),63.33,1680.1,No
CUST-02014,Female,0,Yes,No,24,Yes,No,DSL,Yes,No,No,No,Yes,No,Month-to-month,No,Credit card (automatic),66.37,1596.15,No
CUST-02015,Female,0,Yes,No,57,Yes,No,Fiber optic,No,No,Yes,No,No,No,Two year,No,Bank transfer (automatic),110.6,6243.8,No
CUST-02016,Male,0,Yes,Yes,72,Yes,No,DSL,No,No,No,No,Yes,No,One year,No,Electronic check,54.29,3915.41,No
CUST-02017,Male,0,Yes,Yes,34,Yes,Yes,DSL,No,No,No,No,Yes,No,Month-to-month,No,Electronic check,49.12,1730.74,No
CUST-02018,Female,0,No,Yes,9,Yes,Yes,Fiber optic,No,No,No,Yes,Yes,No,Month-to-month,Yes,Mailed check,61.89,588.05,Yes
CUST-02019,Female,1,No,No,60,Yes,No,No,No internet service,No internet service,No internet service,No internet service,No internet service,No internet service,Month-to-month,Yes,Mailed check,47.61,2863.57,Yes
CUST-02020,Male,0,No,No,57,Yes,No,No,No internet service,No internet service,No internet service,No internet service,No internet service,No internet service,Two year,Yes,Credit card (automatic),41.01,2258.54,No
CUST-02021,Male,0,Yes,No,32,Yes,Yes,DSL,No,Yes,Yes,No,No,Yes,One year,No,Bank transfer (automatic),59.93,1893.11,No
CUST-02022,Female,0,Yes,No,53,No,No phone service,DSL,No,No,No,No,Yes,No,Month-to-month,No,Mailed check,59.39,3265.49,No
CUST-02023,Female,0,Yes,No,19,Yes,No,DSL,No,No,No,No,Yes,No,One year,Yes,Bank transfer (automatic),50.4,967.05,No
CUST-02024,Female,0,No,No,34,Yes,No,No,No internet service,No internet service,No internet service,No internet service,No internet service,No internet service,Two year,Yes,Bank transfer (automatic),30.98,1007.68,No
CUST-02025,Male,1,No,No,44,Yes,Yes,DSL,Yes,Yes,No,No,No,Yes,Month-to-month,Yes,Mailed check,60.15,2651.56,No
CUST-02026,Male,0,No,Yes,9,Yes,No,No,No internet service,No internet service,No internet service,No internet service,No internet service,No internet service,Month-to-month,Yes,Mailed check,42.7,399.86,No
CUST-02027,Female,0,No,No,72,Yes,Yes,Fiber optic,Yes,Yes,No,No,No,Yes,Two year,Yes,Bank transfer (automatic),74.63,5373.4,No
CUST-02028,Female,0,No,No,0,Yes,No,No,No internet service,No internet service,No internet service,No internet service,No internet service,No internet service,Month-to-month,Yes,Electronic check,23.46,18.0,No
CUST-02029,Female,0,Yes,No,48,Yes,Yes,DSL,No,No,No,Yes,No,Yes,One year,No,Electronic check,55.77,2638.03,No
CUST-02030,Male,0,No,No,0,Yes,Yes,Fiber optic,No,No,No,Yes,Yes,Yes,Two year,No,Mailed check,79.49,87.83,No
CUST-02031,Female,0,No,No,0,Yes,Yes,DSL,No,No,No,Yes,Yes,Yes,Month-to-month,No,Credit card (automatic),56.35,18.0,No
CUST-02032,Male,0,No,No,27,Yes,No,Fiber optic,Yes,No,No,No,Yes,Yes,One year,Yes,Bank transfer (automatic),79.21,2136.78,Yes
CUST-02033,Male,0,Yes,Yes,38,Yes,No,Fiber optic,No,No,Yes,No,No,Yes,Two year,No,Electronic check,71.81,2710.83,No
CUST-02034,Female,1,No,No,20,No,No phone service,No,No internet service,No internet service,No internet service,No internet service,No internet service,No internet service,One year,Yes,Electronic check,35.76,792.83,No
CUST-02035,Female,0,Yes,Yes,72,Yes,No,Fiber optic,No,No,No,Yes,No,Yes,One year,No,Credit card (automatic),52.89,3791.33,No
CUST-02036,Female,0,No,Yes,66,Yes,No,No,No internet service,No internet service,No internet service,No internet service,No internet service,No internet service,Month-to-month,No,Electronic check,59.75,3903.21,No
CUST-02037,Female,0,No,Yes,61,No,No phone service,Fiber optic,Yes,No,Yes,Yes,No,No,Month-to-month,Yes,Mailed check,61.84,3808.07,Yes
CUST-02038,Male,0,No,No,20,No,No phone service,Fiber optic,Yes,No,No,No,No,Yes,Month-to-month,No,Electronic check,62.84,1208.7,No
CUST-02039,Female,1,Yes,No,6,Yes,No,DSL,No,No,No,No,No,Yes,Month-to-month,Yes,Mailed check,46.48,208.27,No
CUST-02040,Male,0,Yes,No,5,Yes,Yes,DSL,Yes,No,Yes,No,No,Yes,Month-to-month,Yes,Electronic check,73.18,350.74,No
CUST-02041,Male,0,No,No,4,Yes,No,DSL,Yes,Yes,No,No,No,No,Month-to-month,Yes,Credit card (automatic),18.92,65.57,No
CUST-02042,Female,0,No,Yes,13,Yes,No,DSL,No,No,No,No,No,Yes,Two year,Yes,Mailed check,68.19,954.25,No
CUST-02043,Female,1,No,No,4,Yes,No,DSL,No,No,Yes,No,No,No,One year,Yes,Electronic check,45.95,122.49,No
CUST-02044,Female,0,Yes,Yes,50,Yes,No,DSL,No,Yes,Yes,No,No,No,Two year,No,Bank transfer (automatic),86.81,4329.9,No
CUST-02045,Male,0,No,No,69,Yes,No,DSL,No,No,No,No,No,Yes,Month-to-month,No,Mailed check,70.96,4871.0,No
CUST-02046,Female,0,No,No,3,Yes,No,Fiber optic,No,No,No,No,No,No,One year,No,Bank transfer (automatic),66.36,138.26,No
CUST-02047,Male,0,Yes,No,0,Yes,No,Fiber optic,No,No,No,Yes,No,No,One year,Yes,Electronic check,84.86,18.0,No
CUST-02048,Female,1,Yes,No,64,Yes,No,No,No internet service,No internet service,No internet service,No internet service,No internet service,No internet service,Two year,No,Mailed check,35.43,2292.67,No
CUST-02049,Female,0,No,No,33,Yes,No,Fiber optic,No,Yes,Yes,Yes,Yes,No,Month-to-month,No,Electronic check,73.83,2521.59,Yes
CUST-02050,Female,0,Yes,Yes,62,Yes,No,DSL,Yes,No,Yes,Yes,No,Yes,Month-to-month,No,Electronic check,61.19,3828.79,No
CUST-02051,Male,0,No,No,41,Yes,Yes,No,No internet service,No internet service,No internet service,No internet service,No internet service,No internet service,One year,Yes,Electronic check,77.81,3260.49,No
CUST-02052,Male,1,No,Yes,5,Yes,No,No,No internet service,No internet service,No internet service,No internet service,No internet service,No internet service,Two year,No,Electronic check,30.8,18.0,No
CUST-02053,Male,0,Yes,No,72,Yes,No,Fiber optic,No,No,No,Yes,No,No,Month-to-month,Yes,Mailed check,40.01,2869.13,No
CUST-02054,Female,0,Yes,No,8,Yes,Yes,DSL,No,No,No,No,Yes,No,One year,Yes,Credit card (automatic),36.45,286.92,No
CUST-02055,Female,1,No,No,28,Yes,No,No,No internet service,No internet service,No internet service,No internet service,No internet service,No internet service,Month-to-month,Yes,Credit card (automatic),45.19,1318.38,Yes
CUST-02056,Male,0,No,No,6,Yes,Yes,No,No internet service,No internet service,No internet service,No internet service,No internet service,No internet service,Two year,Yes,Mailed check,29.13,291.24,No
CUST-02057,Female,1,No,Yes,27,Yes,Yes,No,No internet service,No internet service,No internet service,No internet service,No internet service,No internet service,One year,Yes,Mailed check,24.02,670.42,No
CUST-02058,Female,0,No,No,10,Yes,No,Fiber optic,No,No,No,Yes,Yes,Yes,One year,Yes,Credit card (automatic),59.02,577.68,No
CUST-02059,Male,0,No,No,41,Yes,Yes,DSL,No,No,No,No,Yes,No,One year,No,Bank transfer (automatic),68.53,2778.32,No
CUST-02060,Male,0,No,No,15,Yes,No,Fiber optic,Yes,No,No,No,No,No,Two year,Yes,Bank transfer (automatic),23.05,335.4,No
CUST-02061,Female,0,No,No,1,Yes,No,Fiber optic,No,Yes,Yes,No,No,No,Month-to-month,Yes,Mailed check,71.79,18.0,Yes
CUST-02062,Female,0,No,Yes,0,Yes,Yes,DSL,Yes,Yes,Yes,No,Yes,No,One year,No,Electronic check,56.21,18.0,No
CUST-02063,Male,0,Yes,Yes,66,Yes,Yes,DSL,No,Yes,Yes,No,No,No,Month-to-month,Yes,Mailed check,70.2,4646.79,No
CUST-02064,Female,1,Yes,No,45,Yes,Yes,No,No internet service,No internet service,No internet service,No internet service,No internet service,No internet service,Two year,Yes,Credit card (automatic),29.25,1303.01,No
CUST-02065,Female,0,No,No,0,Yes,No,DSL,Yes,No,No,No,No,No,Month-to-month,No,Mailed check,83.44,18.0,Yes
CUST-02066,Female,0,Yes,Yes,57,Yes,No,DSL,No,No,Yes,No,No,No,Month-to-month,Yes,Mailed check,59.06,3428.79,No
CUST-02067,Female,0,No,No,0,Yes,No,Fiber optic,No,Yes,No,No,No,Yes,Month-to-month,Yes,Electronic check,70.28,162.72,Yes
CUST-02068,Female,0,No,Yes,45,Yes,Yes,No,No internet service,No internet service,No internet service,No internet service,No internet service,No internet service,Month-to-month,Yes,Mailed check,37.12,1644.68,No
CUST-02069,Male,0,Yes,No,51,Yes,No,No,No internet service,No internet service,No internet service,No internet service,No internet service,No internet service,Two year,Yes,Electronic check,61.91,3109.76,No
CUST-02070,Male,0,Yes,No,72,Yes,No,DSL,No,Yes,Yes,No,Yes,Yes,Two year,Yes,Mailed check,91.44,6644.96,No
CUST-02071,Male,0,No,No,57,Yes,No,Fiber optic,No,No,No,No,Yes,No,Two year,Yes,Mailed check,73.32,4123.42,No
CUST-02072,Female,0,Yes,Yes,3,Yes,No,No,No internet service,No internet service,No internet service,No internet service,No internet service,No internet service,Month-to-month,No,Bank transfer (automatic),48.94,99.54,No
CUST-02073,Male,0,No,Yes,12,Yes,Yes,Fiber optic,Yes,No,No,No,No,Yes,Month-to-month,Yes,Credit card (automatic),72.79,901.95,Yes
CUST-02074,Male,0,No,No,41,No,No phone service,DSL,Yes,No,Yes,No,No,Yes,One year,Yes,Mailed check,75.3,3121.28,No
CUST-02075,Female,1,No,No,47,Yes,No,Fiber optic,No,No,No,No,Yes,No,One year,Yes,Credit card (automatic),82.74,3886.49,Yes
CUST-02076,Male,0,No,Yes,0,Yes,Yes,Fiber optic,No,No,Yes,No,No,No,Two year,No,Credit card (automatic),77.86,18.0,No
CUST-02077,Male,0,No,No,1,Yes,No,Fiber optic,Yes,No,No,No,Yes,No,Month-to-month,Yes,Electronic check,73.52,165.07,Yes
CUST-02078,Male,0,Yes,Yes,24,Yes,Yes,Fiber optic,No,No,No,No,No,No,One year,Yes,Electronic check,83.04,1982.33,No
CUST-02079,Male,0,Yes,No,41,No,No phone service,DSL,No,No,No,No,Yes,No,One year,No,Credit card (automatic),70.98,2971.68,No
CUST-02080,Male,0,Yes,No,4,No,No phone service,No,No internet service,No internet service,No internet service,No internet service,No internet service,No internet service,One year,Yes,Electronic check,60.88,261.81,No
CUST-02081,Female,1,No,Yes,27,Yes,No,Fiber optic,No,No,No,No,No,No,Two year,Yes,Electronic check,67.75,1909.52,No
CUST-02082,Male,1,Yes,No,30,Yes,No,DSL,No,Yes,No,Yes,No,Yes,Two year,Yes,Electronic check,96.59,2852.05,No
CUST-02083,Male,0,Yes,No,4,Yes,No,Fiber optic,No,No,No,No,Yes,Yes,One year,Yes,Mailed check,71.47,278.34,No
CUST-02084,Female,0,Yes,No,8,Yes,No,Fiber optic,Yes,No,No,No,No,No,Month-to-month,Yes,Mailed check,78.17,587.97,Yes
CUST-02085,Male,0,Yes,No,0,No,No phone service,Fiber optic,No,No,Yes,No,No,No,Month-to-month,Yes,Electronic check,84.06,18.0,Yes
CUST-02086,Female,0,Yes,No,59,Yes,Yes,No,No internet service,No internet service,No internet service,No internet service,No internet service,No internet service,One year,No,Bank transfer (automatic),53.9,3255.19,No
CUST-02087,Female,0,No,No,65,Yes,Yes,No,No internet service,No internet service,No internet service,No internet service,No internet service,No internet service,Month-to-month,Yes,Electronic check,59.28,3854.03,No
CUST-02088,Female,0,Yes,Yes,42,Yes,Yes,Fiber optic,Yes,Yes,No,No,No,Yes,One year,No,Credit card (automatic),70.66,2919.2,Yes
CUST-02089,Male,0,No,No,3,Yes,No,Fiber optic,No,No,No,No,Yes,Yes,Two year,Yes,Electronic check,72.24,207.35,Yes
CUST-02090,Male,0,Yes,Yes,19,Yes,No,Fiber optic,No,No,Yes,Yes,Yes,Yes,One year,No,Electronic check,61.7,1080.93,No
CUST-02091,Female,0,Yes,Yes,24,Yes,Yes,Fiber optic,No,No,Yes,Yes,No,Yes,One year,Yes,Bank transfer (automatic),84.39,2018.19,Yes
CUST-02092,Male,0,Yes,No,15,Yes,No,Fiber optic,No,No,No,Yes,Yes,No,One year,No,Mailed check,76.09,1176.17,No
CUST-02093,Female,0,No,Yes,50,Yes,No,Fiber optic,No,Yes,No,Yes,Yes,Yes,One year,Yes,Bank transfer (automatic),86.06,4381.68,No
CUST-02094,Male,0,No,No,37,Yes,No,No,No internet service,No internet service,No internet service,No internet service,No internet service,No internet service,Month-to-month,Yes,Electronic check,49.23,1675.61,No
CUST-02095,Male,0,Yes,No,72,Yes,Yes,Fiber optic,No,No,No,Yes,Yes,No,Two year,No,Mailed check,94.88,6801.55,No
CUST-02096,Female,0,No,Yes,5,Yes,No,DSL,No,No,No,No,No,Yes,Month-to-month,Yes,Electronic check,18.0,116.33,Yes
CUST-02097,Female,0,Yes,No,10,Yes,No,No,No internet service,No internet service,No internet service,No internet service,No internet service,No internet service,One year,Yes,Credit card (automatic),51.65,538.38,No
CUST-02098,Female,0,No,No,23,Yes,Yes,No,No internet service,No internet service,No internet service,No internet service,No internet service,No internet service,Month-to-month,Yes,Bank transfer (automatic),39.62,879.86,Yes
CUST-02099,Female,0,No,No,0,No,No phone service,DSL,No,No,No,No,No,Yes,Two year,No,Credit card (automatic),31.57,18.0,No
CUST-02100,Male,0,Yes,No,5,Yes,Yes,No,No internet service,No internet service,No internet service,No internet service,No internet service,No internet service,One year,No,Bank transfer (automatic),29.12,125.53,No
CUST-02101,Female,0,Yes,No,1,Yes,No,Fiber optic,No,No,No,No,Yes,Yes,Month-to-month,Yes,Bank transfer (automatic),54.83,57.07,Yes
CUST-02102,Female,0,Yes,No,47,Yes,No,DSL,Yes,Yes,No,No,No,Yes,Month-to-month,Yes,Electronic check,50.17,2428.07,No
CUST-02103,Male,0,No,No,51,Yes,Yes,Fiber optic,No,No,Yes,No,Yes,No,Month-to-month,No,Electronic check,61.23,3166.81,Yes
CUST-02104,Male,0,Yes,Yes,59,Yes,No,DSL,Yes,No,No,No,Yes,No,Month-to-month,Yes,Mailed check,56.09,3254.43,No
CUST-02105,Female,0,No,No,36,Yes,Yes,Fiber optic,No,No,No,Yes,Yes,Yes,Month-to-month,Yes,Bank transfer (automatic),72.76,2573.12,Yes
CUST-02106,Male,0,Yes,Yes,72,Yes,No,No,No internet service,No internet service,No internet service,No internet service,No internet service,No internet service,Month-to-month,Yes,Bank transfer (automatic),47.51,3453.6,No
CUST-02107,Female,0,No,Yes,53,Yes,No,Fiber optic,No,Yes,No,No,No,No,Month-to-month,Yes,Credit card (automatic),66.72,3464.63,No
CUST-02108,Male,0,Yes,Yes,44,Yes,Yes,DSL,No,Yes,No,No,No,Yes,Month-to-month,Yes,Mailed check,67.98,3007.57,No
CUST-02109,Male,0,No,No,53,Yes,No,DSL,No,Yes,No,No,Yes,Yes,Month-to-month,No,Electronic check,67.91,3635.56,No
CUST-02110,Male,0,Yes,No,24,Yes,No,Fiber optic,No,Yes,No,Yes,No,Yes,Two year,No,Electronic check,78.62,1861.11,No
CUST-02111,Male,0,Yes,No,53,Yes,Yes,Fiber optic,Yes,Yes,No,No,No,Yes,Two year,No,Electronic check,63.56,3363.49,No
CUST-02112,Female,0,Yes,No,63,Yes,No,Fiber optic,No,Yes,No,No,Yes,No,Two year,Yes,Mailed check,94.35,5989.87,No
CUST-02113,Female,0,No,No,61,Yes,Yes,No,No internet service,No internet service,No internet service,No internet service,No internet service,No internet service,Month-to-month,No,Electronic check,47.54,3027.23,No
CUST-02114,Female,0,Yes,No,49,Yes,No,Fiber optic,No,No,No,Yes,No,Yes,Month-to-month,No,Mailed check,67.94,3361.32,No
CUST-02115,Female,0,No,No,5,Yes,Yes,Fiber optic,No,No,Yes,No,Yes,Yes,Month-to-month,Yes,Mailed check,54.78,281.53,No
CUST-02116,Male,0,No,No,12,Yes,No,Fiber optic,No,Yes,Yes,No,No,No,Month-to-month,No,Mailed check,59.78,653.36,No
CUST-02117,Female,0,Yes,Yes,0,Yes,No,Fiber optic,No,No,No,No,No,Yes,One year,Yes,Mailed check,52.2,18.0,No
CUST-02118,Female,0,Yes,No,8,Yes,No,DSL,No,No,No,Yes,No,No,One year,No,Bank transfer (automatic),83.82,652.23,No
CUST-02119,Female,0,Yes,No,54,Yes,No,Fiber optic,No,Yes,Yes,No,No,Yes,Month-to-month,No,Mailed check,93.96,5126.35,No
CUST-02120,Female,0,Yes,No,3,Yes,No,Fiber optic,Yes,Yes,No,No,Yes,No,One year,Yes,Credit card (automatic),86.13,278.63,No
CUST-02121,Female,0,Yes,Yes,6,Yes,No,Fiber optic,No,No,Yes,No,Yes,Yes,Month-to-month,No,Mailed check,64.58,427.41,No
CUST-02122,Female,0,No,No,2,Yes,Yes,DSL,No,No,No,Yes,Yes,Yes,Two year,Yes,Electronic check,52.94,121.99,No
CUST-02123,Female,0,Yes,No,39,Yes,No,Fiber optic,No,Yes,Yes,Yes,Yes,No,Month-to-month,No,Credit card (automatic),46.21,1829.93,No
CUST-02124,Female,0,Yes,Yes,21,Yes,Yes,Fiber optic,Yes,No,No,No,Yes,No,Month-to-month,No,Mailed check,70.18,1458.56,No
CUST-02125,Female,0,No,No,60,Yes,No,No,No internet service,No internet service,No internet service,No internet service,No internet service,No internet service,Two year,Yes,Mailed check,21.3,1324.07,No
CUST-02126,Male,0,Yes,No,24,Yes,No,Fiber optic,No,No,No,Yes,Yes,Yes,Two year,Yes,Electronic check,69.22,1718.04,No
CUST-02127,Male,0,No,No,26,Yes,No,No,No internet service,No internet service,No internet service,No internet service,No internet service,No internet service,Month-to-month,No,Credit card (automatic),39.7,1049.58,No
CUST-02128,Female,0,No,No,64,Yes,Yes,Fiber optic,No,No,Yes,No,Yes,Yes,Month-to-month,Yes,Mailed check,61.79,3959.82,Yes
CUST-02129,Male,1,Yes,No,61,Yes,No,No,No internet service,No internet service,No internet service,No internet service,No internet service,No internet service,Month-to-month,Yes,Electronic check,31.11,1794.37,No
CUST-02130,Male,0,No,No,26,Yes,No,No,No internet service,No internet service,No internet service,No internet service,No internet service,No internet service,Month-to-month,Yes,Bank transfer (automatic),42.61,1101.95,No
CUST-02131,Female,0,No,No,41,Yes,No,Fiber optic,No,No,No,No,Yes,Yes,Month-to-month,Yes,Electronic check,79.08,3236.26,Yes
CUST-02132,Female,0,No,Yes,5,Yes,Yes,No,No internet service,No internet service,No internet service,No internet service,No internet service,No internet service,Month-to-month,No,Mailed check,64.2,331.43,Yes
CUST-02133,Female,0,No,No,14,Yes,No,DSL,No,No,No,No,Yes,No,Two year,No,Electronic check,47.23,733.62,No
CUST-02134,Male,0,No,No,32,Yes,No,Fiber optic,No,Yes,No,No,No,No,Two year,No,Bank transfer (automatic),83.04,2652.57,No
CUST-02135,Male,1,No,Yes,51,Yes,No,No,No internet service,No internet service,No internet service,No internet service,No internet service,No internet service,Month-to-month,No,Bank transfer (automatic),53.6,2871.03,No
CUST-02136,Female,0,No,Yes,17,Yes,No,DSL,Yes,No,No,No,No,No,Month-to-month,Yes,Bank transfer (automatic),64.08,1089.28,No
CUST-02137,Female,0,No,Yes,5,Yes,Yes,DSL,No,No,Yes,No,No,Yes,One year,Yes,Electronic check,64.95,366.94,No
CUST-02138,Male,0,No,No,2,Yes,No,Fiber optic,No,No,Yes,No,No,Yes,Month-to-month,Yes,Bank transfer (automatic),71.02,141.66,No
CUST-02139,Female,0,No,No,20,Yes,Yes,Fiber optic,Yes,No,Yes,No,Yes,No,Two year,Yes,Electronic check,71.38,1353.47,No
CUST-02140,Male,0,Yes,No,45,Yes,No,Fiber optic,No,Yes,Yes,No,No,No,Month-to-month,No,Credit card (automatic),74.65,3362.34,Yes
CUST-02141,Female,0,No,Yes,0,Yes,Yes,Fiber optic,Yes,No,No,Yes,Yes,No,Month-to-month,No,Mailed check,109.51,18.0,Yes
CUST-02142,Female,0,Yes,No,28,Yes,No,DSL,No,No,No,Yes,Yes,No,Month-to-month,No,Credit card (automatic),32.36,961.6,No
CUST-02143,Female,0,Yes,Yes,42,Yes,No,No,No internet service,No internet service,No internet service,No internet service,No internet service,No internet service,Month-to-month,Yes,Bank transfer (automatic),47.5,1984.76,No
CUST-02144,Female,0,Yes,No,4,Yes,Yes,DSL,Yes,No,No,No,Yes,No,One year,Yes,Electronic check,42.38,117.46,No
CUST-02145,Male,0,Yes,Yes,51,Yes,No,No,No internet service,No internet service,No internet service,No internet service,No internet service,No internet service,Two year,Yes,Credit card (automatic),28.74,1521.29,No
CUST-02146,Male,1,No,No,52,Yes,Yes,Fiber optic,No,No,No,No,No,No,Month-to-month,No,Mailed check,80.18,4210.44,No
CUST-02147,Male,0,Yes,No,36,Yes,Yes,DSL,Yes,No,No,No,Yes,No,Month-to-month,Yes,Electronic check,46.48,1753.05,Yes
CUST-02148,Female,0,No,No,39,Yes,No,Fiber optic,Yes,No,Yes,No,Yes,Yes,Month-to-month,Yes,Mailed check,61.46,2442.03,No
CUST-02149,Female,0,No,Yes,0,No,No phone service,Fiber optic,No,Yes,Yes,No,No,No,One year,Yes,Credit card (automatic),72.73,18.0,Yes
CUST-02150,Female,1,Yes,Yes,0,Yes,Yes,No,No internet service,No internet service,No internet service,No internet service,No internet service,No internet service,Month-to-month,Yes,Electronic check,56.78,18.0,No
CUST-02151,Male,0,Yes,No,43,Yes,No,Fiber optic,No,No,No,No,No,No,Month-to-month,No,Electronic check,50.02,2174.09,No
CUST-02152,Male,0,No,No,8,No,No phone service,No,No internet service,No internet service,No internet service,No internet service,No internet service,No internet service,Two year,No,Electronic check,48.1,300.72,No
CUST-02153,Female,0,No,No,34,Yes,No,Fiber optic,Yes,No,No,No,Yes,No,One year,Yes,Bank transfer (automatic),81.22,2708.82,No
CUST-02154,Female,1,Yes,No,26,Yes,No,DSL,No,No,Yes,Yes,No,No,Two year,No,Credit card (automatic),53.72,1389.86,No
CUST-02155,Female,0,Yes,No,72,No,No phone service,Fiber optic,No,No,No,No,Yes,Yes,One year,Yes,Electronic check,68.07,4891.54,No
CUST-02156,Male,0,Yes,No,59,Yes,No,Fiber optic,No,Yes,Yes,No,No,No,Month-to-month,Yes,Credit card (automatic),69.93,4070.65,No
CUST-02157,Male,0,Yes,No,0,Yes,No,DSL,No,No,No,Yes,Yes,Yes,Month-to-month,No,Electronic check,21.34,18.0,No
CUST-02158,Female,0,Yes,No,0,Yes,Yes,DSL,No,No,Yes,No,No,No,One year,Yes,Mailed check,25.56,18.0,No
CUST-02159,Female,1,No,No,24,Yes,No,Fiber optic,Yes,Yes,Yes,No,No,No,Month-to-month,No,Bank transfer (automatic),80.81,1926.74,No
CUST-02160,Male,0,Yes,No,3,Yes,No,Fiber optic,No,No,No,No,Yes,No,Month-to-month,Yes,Credit card (automatic),96.37,231.43,Yes
CUST-02161,Female,0,Yes,No,37,Yes,No,No,No internet service,No internet service,No internet service,No internet service,No internet service,No internet service,Two year,Yes,Credit card (automatic),68.98,2501.38,No
CUST-02162,Male,0,No,Yes,28,Yes,No,DSL,No,No,No,Yes,No,No,Two year,No,Electronic check,82.31,2277.02,No
CUST-02163,Male,0,No,Yes,72,Yes,No,Fiber optic,No,No,No,Yes,No,Yes,Month-to-month,Yes,Credit card (automatic),68.24,4827.76,Yes
CUST-02164,Female,0,Yes,Yes,23,Yes,Yes,Fiber optic,No,No,Yes,Yes,Yes,No,One year,Yes,Credit card (automatic),68.68,1693.3,No
CUST-02165,Female,0,No,No,10,Yes,No,No,No internet service,No internet service,No internet service,No internet service,No internet service,No internet service,Two year,No,Mailed check,27.11,274.67,No
CUST-02166,Female,0,No,No,50,Yes,Yes,DSL,No,No,Yes,No,Yes,Yes,Two year,Yes,Bank transfer (automatic),35.6,1736.47,Yes
CUST-02167,Male,0,Yes,Yes,31,Yes,No,DSL,No,No,No,Yes,No,No,Month-to-month,No,Bank transfer (automatic),67.53,2180.84,No
CUST-02168,Female,1,Yes,Yes,72,Yes,No,DSL,Yes,No,Yes,No,No,No,One year,No,Credit card (automatic),44.56,3213.94,No
CUST-02169,Female,0,No,No,34,Yes,No,No,No internet service,No internet service,No internet service,No internet service,No internet service,No internet service,One year,Yes,Mailed check,36.91,1184.87,No
CUST-02170,Female,0,No,Yes,33,Yes,Yes,DSL,Yes,No,No,No,No,No,Month-to-month,No,Credit card (automatic),47.16,1475.89,Yes
CUST-02171,Male,0,No,Yes,19,Yes,Yes,No,No internet service,No internet service,No internet service,No internet service,No internet service,No internet service,Two year,No,Bank transfer (automatic),58.73,1178.25,No
CUST-02172,Female,1,Yes,Yes,0,Yes,Yes,Fiber optic,No,Yes,No,Yes,No,No,One year,Yes,Electronic check,71.73,18.0,No
CUST-02173,Female,0,No,No,0,Yes,No,No,No internet service,No internet service,No internet service,No internet service,No internet service,No internet service,Month-to-month,Yes,Mailed check,36.18,18.0,No
CUST-02174,Female,0,Yes,No,56,Yes,No,DSL,No,No,No,No,No,No,Month-to-month,No,Credit card (automatic),59.48,3283.73,No
CUST-02175,Male,0,No,Yes,53,Yes,Yes,Fiber optic,No,No,Yes,No,No,No,Month-to-month,Yes,Credit card (automatic),78.06,4079.95,Yes
CUST-02176,Female,1,No,Yes,9,Yes,No,No,No internet service,No internet service,No internet service,No internet service,No internet service,No internet service,Two year,Yes,Electronic check,35.93,368.13,No
CUST-02177,Male,1,Yes,Yes,10,Yes,No,DSL,Yes,No,No,No,Yes,Yes,Two year,Yes,Credit card (automatic),40.62,397.01,No
CUST-02178,Male,0,Yes,No,41,Yes,No,Fiber optic,No,No,No,No,No,No,Two year,Yes,Credit card (automatic),63.56,2590.61,No
CUST-02179,Female,0,No,No,40,Yes,Yes,No,No internet service,No internet service,No internet service,No internet service,No internet service,No internet service,Month-to-month,Yes,Bank transfer (automatic),74.59,3031.67,No
CUST-02180,Male,0,No,No,60,Yes,Yes,DSL,No,Yes,No,No,Yes,No,Two year,Yes,Mailed check,48.0,2835.4,No
CUST-02181,Female,0,Yes,No,72,No,No phone service,No,No internet service,No internet service,No internet service,No internet service,No internet service,No internet service,Two year,Yes,Credit card (automatic),45.27,3255.03,No
CUST-02182,Male,0,No,No,53,Yes,Yes,DSL,Yes,Yes,No,No,No,Yes,Two year,No,Electronic check,25.87,1429.71,No
CUST-02183,Female,0,Yes,Yes,54,Yes,Yes,DSL,Yes,No,Yes,No,Yes,No,Month-to-month,Yes,Electronic check,95.82,5155.52,No
CUST-02184,Female,0,Yes,No,5,Yes,No,DSL,No,No,No,Yes,No,No,Month-to-month,No,Electronic check,46.57,183.25,No
CUST-02185,Female,1,Yes,No,65,Yes,No,Fiber optic,Yes,No,No,No,No,Yes,One year,Yes,Mailed check,67.69,4323.52,No
CUST-02186,Male,0,No,Yes,10,Yes,Yes,DSL,No,No,Yes,No,No,No,Month-to-month,Yes,Bank transfer (automatic),52.49,507.01,Yes
CUST-02187,Male,0,Yes,No,48,Yes,No,Fiber optic,Yes,No,No,No,No,No,One year,No,Electronic check,51.06,2519.45,No
CUST-02188,Male,0,No,Yes,28,Yes,No,Fiber optic,No,No,Yes,No,No,Yes,One year,No,Electronic check,90.59,2466.64,Yes
CUST-02189,Male,0,Yes,No,1,No,No phone service,DSL,No,Yes,No,No,Yes,No,Month-to-month,Yes,Electronic check,43.89,39.98,Yes
CUST-02190,Female,0,No,Yes,33,Yes,Yes,DSL,No,Yes,No,Yes,No,Yes,Two year,No,Bank transfer (automatic),67.98,2134.97,No
CUST-02191,Male,1,No,No,15,Yes,Yes,DSL,No,Yes,No,Yes,Yes,Yes,Two year,No,Mailed check,98.27,1505.72,No
CUST-02192,Male,0,Yes,Yes,1,Yes,No,DSL,No,No,No,Yes,Yes,No,Two year,No,Bank transfer (automatic),69.96,27.18,No
CUST-02193,Male,0,Yes,No,14,Yes,No,Fiber optic,Yes,No,No,No,No,No,Two year,Yes,Electronic check,58.78,861.27,No
CUST-02194,Male,0,Yes,No,50,No,No phone service,Fiber optic,No,Yes,Yes,No,No,No,One year,Yes,Electronic check,57.62,2908.72,No
CUST-02195,Female,0,Yes,No,49,Yes,Yes,No,No internet service,No internet service,No internet service,No internet service,No internet service,No internet service,Two year,Yes,Electronic check,19.85,935.55,No
CUST-02196,Female,1,No,No,51,Yes,Yes,Fiber optic,No,No,Yes,Yes,No,No,Month-to-month,Yes,Electronic check,37.06,1855.99,No
CUST-02197,Male,0,No,Yes,1,Yes,Yes,No,No internet service,No internet service,No internet service,No internet service,No internet service,No internet service,Two year,No,Mailed check,25.29,37.25,No
CUST-02198,Female,0,Yes,No,3,Yes,No,Fiber optic,Yes,No,Yes,No,No,No,Month-to-month,No,Electronic check,72.79,183.54,No
CUST-02199,Female,0,No,Yes,0,Yes,No,No,No internet service,No internet service,No internet service,No internet service,No internet service,No internet service,Month-to-month,No,Credit card (automatic),50.04,18.0,No
CUST-02200,Male,0,Yes,No,72,Yes,No,DSL,No,Yes,No,Yes,No,No,Two year,Yes,Mailed check,60.15,4442.76,No
CUST-02201,Male,0,Yes,Yes,6,Yes,No,DSL,No,No,No,No,No,No,Two year,No,Credit card (automatic),60.95,304.48,No
CUST-02202,Male,1,Yes,No,58,Yes,Yes,Fiber optic,No,Yes,No,No,No,No,Month-to-month,No,Electronic check,65.66,3915.72,Yes
CUST-02203,Male,0,Yes,No,47,Yes,Yes,Fiber optic,No,Yes,Yes,Yes,No,No,Month-to-month,No,Electronic check,76.25,3639.57,Yes
CUST-02204,Male,1,No,No,2,No,No phone service,No,No internet service,No internet service,No internet service,No internet service,No internet service,No internet service,Month-to-month,Yes,Mailed check,47.74,79.76,Yes
CUST-02205,Male,0,Yes,No,19,Yes,No,Fiber optic,No,No,No,No,Yes,No,Month-to-month,No,Credit card (automatic),49.61,908.75,No
CUST-02206,Female,0,No,Yes,32,Yes,No,No,No internet service,No internet service,No internet service,No internet service,No internet service,No internet service,Month-to-month,Yes,Bank transfer (automatic),57.8,1819.56,Yes
CUST-02207,Male,1,Yes,No,53,Yes,No,DSL,Yes,Yes,Yes,No,No,No,Month-to-month,Yes,Electronic check,43.83,2436.02,No
CUST-02208,Female,0,No,Yes,25,Yes,No,Fiber optic,Yes,Yes,No,No,No,No,Month-to-month,No,Mailed check,63.81,1551.68,Yes
CUST-02209,Male,0,Yes,Yes,2,Yes,No,Fiber optic,No,No,No,No,No,No,Month-to-month,No,Bank transfer (automatic),106.54,159.16,Yes
CUST-02210,Male,1,Yes,No,51,Yes,No,DSL,No,No,No,No,No,Yes,Two year,Yes,Electronic check,40.6,2044.67,No
CUST-02211,Female,0,Yes,No,1,Yes,No,No,No internet service,No internet service,No internet service,No internet service,No internet service,No internet service,Two year,Yes,Electronic check,57.91,18.0,No
CUST-02212,Female,1,Yes,No,31,Yes,Yes,Fiber optic,No,Yes,No,No,Yes,No,Month-to-month,Yes,Mailed check,82.93,2566.49,Yes
CUST-02213,Female,0,Yes,No,65,No,No phone service,DSL,No,No,No,No,No,No,Two year,No,Mailed check,36.33,2347.7,No
CUST-02214,Male,1,Yes,Yes,16,No,No phone service,Fiber optic,No,No,No,No,Yes,No,Month-to-month,Yes,Electronic check,105.56,1655.57,Yes
CUST-02215,Male,0,No,Yes,30,Yes,Yes,Fiber optic,No,Yes,No,Yes,No,Yes,Month-to-month,Yes,Mailed check,61.9,1829.38,Yes
CUST-02216,Male,0,Yes,No,72,Yes,Yes,Fiber optic,No,Yes,No,No,Yes,Yes,One year,Yes,Electronic check,74.91,5395.3,No
CUST-02217,Male,1,No,Yes,7,Yes,No,Fiber optic,Yes,Yes,Yes,No,Yes,No,Two year,Yes,Mailed check,64.41,508.99,No
CUST-02218,Female,0,No,No,24,Yes,No,Fiber optic,No,No,Yes,No,Yes,No,Two year,Yes,Credit card (automatic),76.78,1787.73,No
CUST-02219,Male,0,No,No,41,Yes,No,DSL,No,Yes,No,No,No,No,Two year,Yes,Electronic check,45.36,1910.34,No
CUST-02220,Male,0,No,Yes,34,Yes,Yes,DSL,No,No,No,No,Yes,No,Month-to-month,No,Credit card (automatic),34.48,1237.39,Yes
CUST-02221,Female,0,Yes,No,67,No,No phone service,DSL,Yes,No,No,Yes,Yes,No,Two year,Yes,Electronic check,63.26,4269.75,No
CUST-02222,Male,1,No,No,44,Yes,No,Fiber optic,No,No,No,No,No,Yes,Month-to-month,No,Credit card (automatic),40.25,1850.42,Yes
CUST-02223,Male,0,No,No,68,Yes,Yes,DSL,Yes,Yes,Yes,No,No,No,Month-to-month,No,Credit card (automatic),34.17,2379.66,No
CUST-02224,Male,0,No,No,72,Yes,Yes,Fiber optic,Yes,No,Yes,No,No,Yes,One year,Yes,Mailed check,62.97,4461.14,Yes
CUST-02225,Male,0,Yes,No,0,Yes,No,No,No internet service,No internet service,No internet service,No internet service,No internet service,No internet service,Month-to-month,No,Bank transfer (automatic),80.4,18.0,Yes
CUST-02226,Female,1,No,No,7,Yes,No,No,No internet service,No internet service,No internet service,No internet service,No internet service,No internet service,Two year,No,Bank transfer (automatic),38.87,215.95,No
CUST-02227,Female,1,Yes,No,1,Yes,Yes,Fiber optic,Yes,Yes,No,No,No,Yes,Month-to-month,No,Electronic check,91.5,117.7,No
CUST-02228,Female,1,No,No,20,Yes,Yes,Fiber optic,No,No,No,No,Yes,No,Month-to-month,No,Electronic check,76.24,1523.09,Yes
CUST-02229,Male,0,Yes,No,41,Yes,Yes,No,No internet service,No internet service,No internet service,No internet service,No internet service,No internet service,Two year,No,Electronic check,46.24,1901.27,No
CUST-02230,Female,0,Yes,No,65,Yes,Yes,Fiber optic,No,No,Yes,Yes,No,No,Month-to-month,Yes,Electronic check,74.3,4866.49,Yes
CUST-02231,Female,0,No,No,50,Yes,No,DSL,Yes,No,Yes,Yes,No,Yes,Month-to-month,Yes,Electronic check,43.14,2096.49,No
CUST-02232,Male,0,No,No,11,Yes,Yes,DSL,No,Yes,Yes,No,No,Yes,Month-to-month,No,Bank transfer (automatic),58.27,597.2,No
CUST-02233,Female,0,Yes,Yes,55,Yes,Yes,DSL,No,Yes,No,Yes,Yes,No,Two year,Yes,Mailed check,64.76,3466.1,No
CUST-02234,Male,0,No,No,3,Yes,No,No,No internet service,No internet service,No internet service,No internet service,No internet service,No internet service,Two year,Yes,Electronic check,48.08,237.21,No
CUST-02235,Female,0,No,No,3,Yes,Yes,DSL,Yes,No,No,No,Yes,No,Two year,No,Bank transfer (automatic),44.29,147.3,No
CUST-02236,Female,0,No,No,0,Yes,No,DSL,No,No,Yes,No,Yes,No,Month-to-month,No,Credit card (automatic),67.91,41.05,Yes
CUST-02237,Male,0,No,No,3,Yes,No,Fiber optic,No,Yes,No,Yes,No,No,One year,Yes,Electronic check,41.78,107.94,No
CUST-02238,Male,0,Yes,No,35,Yes,No,No,No internet service,No internet service,No internet service,No internet service,No internet service,No internet service,One year,Yes,Mailed check,54.61,1957.91,No
CUST-02239,Male,0,Yes,No,23,Yes,Yes,DSL,No,No,Yes,Yes,Yes,No,Two year,Yes,Electronic check,59.53,1301.56,No
CUST-02240,Female,1,No,No,30,Yes,Yes,Fiber optic,Yes,No,Yes,No,No,No,One year,No,Bank transfer (automatic),72.48,2198.79,No
CUST-02241,Male,0,Yes,No,67,Yes,No,Fiber optic,Yes,No,No,No,Yes,Yes,Month-to-month,No,Mailed check,82.7,5531.03,No
CUST-02242,Female,1,No,No,56,No,No phone service,DSL,No,Yes,No,No,No,Yes,Month-to-month,Yes,Bank transfer (automatic),61.66,3468.99,No
CUST-02243,Male,0,No,No,63,Yes,Yes,Fiber optic,No,No,No,Yes,No,No,Month-to-month,No,Bank transfer (automatic),29.09,1828.16,No
CUST-02244,Male,0,No,No,23,Yes,No,Fiber optic,No,No,No,No,No,No,Month-to-month,Yes,Mailed check,81.92,1903.18,No
CUST-02245,Female,0,Yes,No,40,Yes,Yes,DSL,No,No,No,No,No,Yes,Month-to-month,Yes,Mailed check,53.78,2055.85,No
CUST-02246,Female,0,No,No,18,Yes,Yes,DSL,Yes,Yes,Yes,No,No,No,Month-to-month,Yes,Electronic check,52.49,906.73,Yes
CUST-02247,Female,0,No,Yes,8,Yes,No,No,No internet service,No internet service,No internet service,No internet service,No internet service,No internet service,Month-to-month,No,Electronic check,48.71,421.81,No
CUST-02248,Male,0,Yes,Yes,5,Yes,Yes,No,No internet service,No internet service,No internet service,No internet service,No internet service,No internet service,Month-to-month,Yes,Electronic check,46.52,323.6,No
CUST-02249,Male,0,Yes,No,0,No,No phone service,Fiber optic,No,No,Yes,No,Yes,Yes,Month-to-month,No,Electronic check,50.66,18.0,No
CUST-02250,Male,1,Yes,No,10,Yes,No,DSL,Yes,Yes,No,Yes,Yes,Yes,Month-to-month,Yes,Mailed check,45.1,483.58,No
CUST-02251,Female,0,Yes,No,39,Yes,No,DSL,No,Yes,No,Yes,Yes,No,Month-to-month,No,Bank transfer (automatic),65.99,2602.42,No
CUST-02252,Female,0,No,Yes,1,Yes,No,DSL,No,No,No,No,Yes,Yes,Month-to-month,No,Mailed check,52.5,65.39,Yes
CUST-02253,Male,0,No,Yes,22,Yes,No,DSL,No,No,No,No,No,No,One year,No,Mailed check,54.86,1281.87,No
CUST-02254,Female,0,Yes,No,6,Yes,No,Fiber optic,No,No,Yes,Yes,No,Yes,Month-to-month,No,Mailed check,88.49,505.48,No
CUST-02255,Male,0,No,No,51,Yes,No,DSL,No,No,No,No,No,No,Two year,Yes,Electronic check,47.71,2478.52,No
CUST-02256,Female,0,Yes,No,10,Yes,No,DSL,No,No,No,Yes,Yes,No,Two year,No,Credit card (automatic),73.12,722.06,No
CUST-02257,Female,0,Yes,No,9,Yes,No,Fiber optic,No,Yes,No,No,No,No,Two year,No,Mailed check,69.01,697.51,No
CUST-02258,Female,0,Yes,No,0,Yes,No,DSL,No,No,No,No,Yes,No,Two year,No,Mailed check,42.27,18.0,No
CUST-02259,Male,1,No,No,40,Yes,No,DSL,No,Yes,Yes,No,No,Yes,Month-to-month,No,Mailed check,50.7,2038.28,No
CUST-02260,Female,1,No,Yes,1,Yes,Yes,Fiber optic,Yes,No,Yes,No,No,Yes,Month-to-month,Yes,Mailed check,66.64,18.0,No
CUST-02261,Male,0,No,No,51,Yes,No,DSL,No,No,No,Yes,Yes,Yes,Month-to-month,No,Electronic check,55.02,2769.86,No
CUST-02262,Female,1,No,No,47,Yes,No,Fiber optic,No,No,Yes,No,No,Yes,Month-to-month,Yes,Mailed check,53.15,2576.61,No
CUST-02263,Male,0,Yes,No,40,Yes,No,DSL,Yes,Yes,No,No,No,No,One year,Yes,Credit card (automatic),84.44,3354.96,No
CUST-02264,Female,0,No,No,5,No,No phone service,DSL,No,No,No,No,No,Yes,Two year,Yes,Credit card (automatic),67.72,322.89,No
CUST-02265,Male,1,Yes,No,64,Yes,No,Fiber optic,No,No,No,No,Yes,No,Two year,Yes,Credit card (automatic),74.67,4825.81,No
CUST-02266,Male,0,Yes,Yes,67,Yes,No,Fiber optic,No,No,No,Yes,No,No,Month-to-month,No,Electronic check,62.88,4173.29,Yes
CUST-02267,Female,0,No,Yes,37,Yes,No,DSL,No,No,No,No,No,Yes,Month-to-month,No,Electronic check,71.79,2655.19,No
CUST-02268,Female,0,Yes,No,9,Yes,Yes,No,No internet service,No internet service,No internet service,No internet service,No internet service,No internet service,Two year,Yes,Credit card (automatic),22.09,181.98,No
CUST-02269,Male,0,Yes,No,0,Yes,Yes,No,No internet service,No internet service,No internet service,No internet service,No internet service,No internet service,Two year,Yes,Bank transfer (automatic),49.61,18.0,No
CUST-02270,Female,0,Yes,No,7,Yes,Yes,Fiber optic,No,Yes,Yes,No,Yes,No,Two year,No,Bank transfer (automatic),50.45,384.71,No
CUST-02271,Male,0,Yes,Yes,72,No,No phone service,DSL,No,Yes,Yes,Yes,No,No,Month-to-month,No,Electronic check,65.41,4716.1,No
CUST-02272,Male,0,No,No,29,No,No phone service,DSL,No,No,Yes,No,No,No,Month-to-month,Yes,Electronic check,43.28,1153.46,No
CUST-02273,Male,0,Yes,Yes,45,Yes,No,No,No internet service,No internet service,No internet service,No internet service,No internet service,No internet service,One year,Yes,Mailed check,49.63,2227.99,No
CUST-02274,Male,0,No,No,72,Yes,Yes,DSL,No,Yes,No,No,Yes,No,One year,No,Electronic check,80.93,5795.44,No
CUST-02275,Male,0,No,Yes,12,Yes,Yes,DSL,No,No,No,No,Yes,Yes,Two year,Yes,Mailed check,70.3,776.48,No
CUST-02276,Male,1,No,No,5,Yes,No,DSL,No,Yes,No,No,No,No,Two year,No,Credit card (automatic),43.65,69.22,No
CUST-02277,Male,0,Yes,No,72,Yes,Yes,DSL,No,No,No,No,Yes,No,Two year,Yes,Mailed check,56.62,4034.96,No
CUST-02278,Male,0,No,Yes,51,Yes,No,DSL,Yes,No,No,No,No,Yes,Month-to-month,Yes,Credit card (automatic),56.8,2968.73,No
CUST-02279,Male,0,Yes,No,15,Yes,Yes,DSL,Yes,Yes,No,No,Yes,Yes,Two year,Yes,Credit card (automatic),56.66,867.52,No
CUST-02280,Female,0,Yes,No,6,Yes,No,Fiber optic,No,Yes,Yes,No,No,No,Month-to-month,Yes,Mailed check,93.41,601.23,Yes
CUST-02281,Female,0,No,Yes,6,No,No phone service,DSL,No,No,No,No,Yes,No,Two year,No,Credit card (automatic),60.46,366.32,No
CUST-02282,Male,0,Yes,Yes,7,Yes,No,Fiber optic,No,No,No,No,No,Yes,One year,No,Mailed check,111.94,852.77,No
CUST-02283,Male,0,No,No,3,Yes,No,Fiber optic,No,Yes,No,Yes,No,No,Month-to-month,Yes,Mailed check,68.13,213.14,No
CUST-02284,Female,0,Yes,No,52,Yes,No,DSL,No,Yes,No,No,Yes,Yes,Month-to-month,Yes,Electronic check,56.54,2962.48,Yes
CUST-02285,Female,0,No,No,35,Yes,No,No,No internet service,No internet service,No internet service,No internet service,No internet service,No internet service,Two year,No,Bank transfer (automatic),45.26,1573.05,No
CUST-02286,Female,0,No,No,48,Yes,No,Fiber optic,Yes,No,Yes,No,Yes,Yes,One year,Yes,Electronic check,71.24,3419.04,No
CUST-02287,Female,0,No,No,54,Yes,Yes,Fiber optic,Yes,Yes,Yes,No,No,Yes,One year,Yes,Mailed check,85.94,4628.31,No
CUST-02288,Female,0,Yes,No,47,Yes,No,DSL,No,No,No,No,No,Yes,One year,Yes,Credit card (automatic),75.09,3569.33,No
CUST-02289,Female,0,Yes,No,48,Yes,Yes,Fiber optic,No,Yes,No,Yes,No,Yes,Month-to-month,Yes,Bank transfer (automatic),70.13,3412.8,Yes
CUST-02290,Male,0,No,No,35,No,No phone service,No,No internet service,No internet service,No internet service,No internet service,No internet service,No internet service,Month-to-month,No,Electronic check,42.17,1488.92,No
CUST-02291,Male,0,No,Yes,71,Yes,No,No,No internet service,No internet service,No internet service,No internet service,No internet service,No internet service,Month-to-month,Yes,Bank transfer (automatic),44.07,3163.17,No
CUST-02292,Male,0,Yes,Yes,1,Yes,No,Fiber optic,No,No,No,Yes,No,No,Month-to-month,Yes,Bank transfer (automatic),81.59,77.67,No
CUST-02293,Male,0,Yes,No,62,Yes,Yes,Fiber optic,No,No,No,Yes,No,Yes,Month-to-month,Yes,Bank transfer (automatic),53.8,3358.56,Yes
CUST-02294,Female,0,No,No,51,Yes,Yes,No,No internet service,No internet service,No internet service,No internet service,No internet service,No internet service,Two year,No,Electronic check,38.3,1974.99,No
CUST-02295,Female,0,No,No,37,Yes,No,DSL,No,No,Yes,Yes,Yes,Yes,One year,No,Bank transfer (automatic),80.18,2910.51,No
CUST-02296,Female,0,No,Yes,28,Yes,No,Fiber optic,No,No,No,No,Yes,No,One year,Yes,Electronic check,46.9,1209.92,Yes
CUST-02297,Male,0,No,No,41,Yes,Yes,Fiber optic,Yes,No,Yes,No,No,Yes,Month-to-month,Yes,Bank transfer (automatic),86.59,3603.49,Yes
CUST-02298,Male,0,Yes,No,68,Yes,No,Fiber optic,No,No,Yes,Yes,No,No,Month-to-month,Yes,Electronic check,87.84,5971.98,No
CUST-02299,Male,0,Yes,No,45,No,No phone service,DSL,Yes,No,No,No,Yes,Yes,Month-to-month,Yes,Electronic check,71.44,3207.42,No
CUST-02300,Female,1,No,Yes,61,Yes,No,DSL,No,No,Yes,No,Yes,No,Two year,Yes,Electronic check,48.76,2953.85,No
CUST-02301,Male,0,No,No,2,Yes,Yes,DSL,No,Yes,No,No,No,No,Month-to-month,Yes,Bank transfer (automatic),66.81,120.55,No
CUST-02302,Male,0,Yes,No,1,Yes,No,No,No internet service,No internet service,No internet service,No internet service,No internet service,No internet service,Month-to-month,No,Mailed check,54.23,95.82,No
CUST-02303,Female,0,No,Yes,40,Yes,No,Fiber optic,No,No,No,Yes,Yes,No,Month-to-month,No,Bank transfer (automatic),80.97,3211.38,Yes
CUST-02304,Female,0,Yes,No,17,Yes,No,Fiber optic,Yes,No,No,Yes,No,Yes,Month-to-month,Yes,Mailed check,53.02,893.9,No
CUST-02305,Female,0,Yes,Yes,7,Yes,No,No,No internet service,No internet service,No internet service,No internet service,No internet service,No internet service,Two year,Yes,Bank transfer (automatic),41.03,259.09,No
CUST-02306,Male,0,No,No,34,Yes,Yes,DSL,No,No,Yes,No,No,No,One year,Yes,Mailed check,56.26,1982.74,No
CUST-02307,Male,0,Yes,Yes,7,Yes,Yes,Fiber optic,No,Yes,No,Yes,Yes,No,One year,Yes,Mailed check,105.01,775.72,No
CUST-02308,Male,0,Yes,No,3,No,No phone service,Fiber optic,No,No,No,No,No,Yes,Two year,No,Credit card (automatic),54.0,275.64,No
CUST-02309,Male,0,No,Yes,4,Yes,No,No,No internet service,No internet service,No internet service,No internet service,No internet service,No internet service,Two year,No,Electronic check,43.76,174.83,No
CUST-02310,Female,0,Yes,No,62,No,No phone service,Fiber optic,No,No,No,No,No,Yes,Two year,No,Bank transfer (automatic),79.39,4917.14,No
CUST-02311,Male,0,Yes,Yes,3,Yes,No,No,No internet service,No internet service,No internet service,No internet service,No internet service,No internet service,One year,No,Electronic check,45.52,171.4,No
CUST-02312,Male,0,No,No,42,Yes,No,Fiber optic,No,No,No,No,No,Yes,Two year,Yes,Bank transfer (automatic),72.76,3010.44,No
CUST-02313,Female,0,Yes,Yes,72,No,No phone service,DSL,No,Yes,No,No,No,No,Month-to-month,No,Electronic check,31.2,2294.15,No
CUST-02314,Male,0,No,No,10,Yes,Yes,Fiber optic,Yes,No,No,No,Yes,No,One year,No,Credit card (automatic),81.66,824.94,No
CUST-02315,Male,1,Yes,No,51,Yes,No,DSL,No,No,No,No,Yes,No,Month-to-month,No,Electronic check,42.26,2201.2,No
CUST-02316,Male,0,Yes,No,52,Yes,No,Fiber optic,No,No,No,No,Yes,No,Month-to-month,Yes,Electronic check,71.75,3698.92,Yes
CUST-02317,Male,0,No,Yes,56,Yes,Yes,DSL,Yes,No,No,No,No,No,Month-to-month,Yes,Bank transfer (automatic),54.14,3020.37,No
CUST-02318,Male,0,Yes,No,72,Yes,No,Fiber optic,No,Yes,No,No,Yes,No,Month-to-month,No,Electronic check,84.01,6064.66,No
CUST-02319,Female,0,No,No,0,Yes,No,No,No internet service,No internet service,No internet service,No internet service,No internet service,No internet service,One year,Yes,Credit card (automatic),18.0,18.0,No
CUST-02320,Female,0,No,No,7,Yes,Yes,DSL,No,Yes,No,No,No,No,Month-to-month,No,Mailed check,20.45,123.98,Yes
CUST-02321,Male,0,No,No,72,Yes,No,DSL,Yes,No,No,Yes,No,No,Month-to-month,No,Mailed check,49.69,3627.17,No
CUST-02322,Male,0,Yes,No,62,Yes,Yes,DSL,Yes,No,No,No,No,No,Month-to-month,No,Mailed check,69.71,4337.32,No
CUST-02323,Male,0,Yes,No,50,Yes,No,DSL,No,No,No,Yes,No,No,Month-to-month,No,Credit card (automatic),55.41,2798.29,No
CUST-02324,Female,1,No,No,1,Yes,No,DSL,Yes,No,Yes,Yes,No,No,Month-to-month,No,Electronic check,55.84,18.0,No
CUST-02325,Female,1,Yes,Yes,42,Yes,No,Fiber optic,No,Yes,No,No,No,No,Month-to-month,No,Mailed check,87.5,3593.76,Yes
CUST-02326,Female,0,No,Yes,59,Yes,No,Fiber optic,No,No,Yes,No,No,Yes,Month-to-month,No,Electronic check,52.14,3039.02,No
CUST-02327,Male,0,No,No,26,Yes,No,Fiber optic,Yes,No,Yes,No,No,Yes,Month-to-month,Yes,Credit card (automatic),64.38,1705.38,No
CUST-02328,Male,0,Yes,No,4,Yes,No,DSL,No,No,Yes,No,No,Yes,Month-to-month,No,Credit card (automatic),65.65,281.35,No
CUST-02329,Male,1,Yes,No,22,Yes,No,Fiber optic,No,No,No,Yes,Yes,Yes,Month-to-month,Yes,Mailed check,68.02,1573.37,No
CUST-02330,Male,1,No,Yes,1,Yes,No,No,No internet service,No internet service,No internet service,No internet service,No internet service,No internet service,Month-to-month,Yes,Bank transfer (automatic),34.46,18.0,No
CUST-02331,Male,0,No,No,64,Yes,No,Fiber optic,No,No,No,No,No,Yes,Month-to-month,Yes,Bank transfer (automatic),58.72,3767.25,No
CUST-02332,Female,0,Yes,No,0,Yes,No,Fiber optic,No,No,No,No,Yes,Yes,Month-to-month,Yes,Mailed check,51.66,18.0,No
CUST-02333,Male,0,No,No,35,Yes,Yes,Fiber optic,No,No,No,No,No,Yes,Month-to-month,No,Credit card (automatic),45.13,1637.3,No
CUST-02334,Female,0,No,No,63,Yes,Yes,DSL,No,Yes,No,No,No,Yes,One year,Yes,Mailed check,47.84,2988.48,No
CUST-02335,Female,0,Yes,Yes,1,Yes,Yes,DSL,Yes,No,No,No,Yes,No,Two year,Yes,Credit card (automatic),23.69,67.52,No
CUST-02336,Female,0,Yes,No,13,Yes,No,Fiber optic,No,No,Yes,No,Yes,No,Month-to-month,Yes,Mailed check,61.26,802.32,No
CUST-02337,Male,0,No,Yes,57,Yes,Yes,DSL,Yes,Yes,No,No,Yes,Yes,Two year,Yes,Bank transfer (automatic),49.1,2773.53,No
CUST-02338,Female,0,No,No,35,Yes,Yes,Fiber optic,No,Yes,No,No,No,Yes,Two year,Yes,Mailed check,70.8,2427.05,Yes
CUST-02339,Male,0,No,No,72,No,No phone service,Fiber optic,No,No,No,No,No,Yes,Month-to-month,Yes,Bank transfer (automatic),87.59,6334.75,No
CUST-02340,Male,0,Yes,Yes,27,Yes,No,DSL,No,No,No,No,No,Yes,Month-to-month,Yes,Credit card (automatic),56.03,1494.62,No
CUST-02341,Male,0,No,No,0,Yes,No,Fiber optic,No,No,Yes,Yes,No,Yes,Month-to-month,Yes,Bank transfer (automatic),66.74,18.0,No
CUST-02342,Male,0,No,No,25,Yes,No,DSL,No,No,No,No,No,Yes,Month-to-month,Yes,Electronic check,48.77,1325.15,Yes
CUST-02343,Female,0,No,No,49,Yes,No,DSL,Yes,No,Yes,No,Yes,Yes,Month-to-month,Yes,Bank transfer (automatic),42.69,2116.28,No
CUST-02344,Female,0,Yes,No,72,Yes,No,Fiber optic,No,No,No,No,Yes,No,Month-to-month,No,Bank transfer (automatic),81.42,5900.93,Yes
CUST-02345,Female,0,Yes,No,48,Yes,Yes,Fiber optic,No,Yes,Yes,No,Yes,Yes,One year,Yes,Credit card (automatic),75.44,3592.09,No
CUST-02346,Male,0,No,No,2,Yes,No,No,No internet service,No internet service,No internet service,No internet service,No internet service,No internet service,Two year,Yes,Bank transfer (automatic),57.43,57.29,No
CUST-02347,Male,0,Yes,No,34,Yes,No,No,No internet service,No internet service,No internet service,No internet service,No internet service,No internet service,One year,Yes,Electronic check,64.75,2182.16,No
CUST-02348,Female,0,Yes,No,1,No,No phone service,Fiber optic,No,No,No,No,Yes,Yes,Month-to-month,No,Bank transfer (automatic),46.27,110.89,Yes
CUST-02349,Male,0,No,Yes,42,No,No phone service,DSL,No,No,No,No,No,No,Month-to-month,Yes,Electronic check,49.13,2015.84,Yes
CUST-02350,Female,0,Yes,Yes,72,Yes,Yes,DSL,No,No,No,Yes,Yes,No,Month-to-month,No,Mailed check,98.19,7077.25,No
CUST-02351,Female,0,No,Yes,3,No,No phone service,DSL,No,Yes,No,No,Yes,Yes,Month-to-month,Yes,Electronic check,72.64,181.82,Yes
CUST-02352,Female,0,No,No,1,Yes,No,DSL,No,No,Yes,No,No,No,Two year,Yes,Electronic check,66.12,47.51,No
CUST-02353,Female,0,No,No,2,Yes,Yes,DSL,Yes,No,Yes,No,No,Yes,Two year,No,Credit card (automatic),52.6,171.12,No
CUST-02354,Male,0,Yes,Yes,8,Yes,Yes,Fiber optic,No,No,No,No,No,Yes,Month-to-month,Yes,Mailed check,90.23,765.73,Yes
CUST-02355,Male,0,No,No,19,Yes,No,Fiber optic,No,No,No,No,No,Yes,One year,Yes,Bank transfer (automatic),75.38,1458.76,No
CUST-02356,Male,0,No,No,26,Yes,Yes,DSL,Yes,No,No,No,No,No,Month-to-month,Yes,Bank transfer (automatic),47.98,1276.7,No
CUST-02357,Male,0,No,Yes,23,Yes,No,Fiber optic,No,No,No,No,No,No,One year,Yes,Electronic check,82.25,1850.48,No
CUST-02358,Male,0,Yes,No,2,Yes,Yes,No,No internet service,No internet service,No internet service,No internet service,No internet service,No internet service,Month-to-month,Yes,Electronic check,43.42,167.78,Yes
CUST-02359,Female,0,Yes,No,1,Yes,No,DSL,No,Yes,No,No,No,No,Month-to-month,Yes,Electronic check,49.01,33.43,No
CUST-02360,Male,0,No,Yes,7,Yes,Yes,DSL,No,No,No,No,No,No,Month-to-month,Yes,Electronic check,51.59,408.3,Yes
CUST-02361,Female,0,Yes,No,4,Yes,Yes,Fiber optic,No,No,No,No,Yes,Yes,Two year,Yes,Electronic check,81.67,420.96,No
CUST-02362,Female,1,No,Yes,4,Yes,No,DSL,Yes,No,No,No,No,No,One year,Yes,Electronic check,74.71,263.55,No
CUST-02363,Female,0,Yes,No,72,Yes,Yes,DSL,No,Yes,No,No,Yes,Yes,Month-to-month,No,Bank transfer (automatic),56.51,4007.25,No
CUST-02364,Male,0,Yes,No,46,Yes,Yes,Fiber optic,No,Yes,No,No,Yes,No,One year,Yes,Electronic check,65.59,3033.93,No
CUST-02365,Female,0,No,No,0,Yes,Yes,Fiber optic,No,No,No,No,No,No,Month-to-month,Yes,Credit card (automatic),68.33,18.0,Yes
CUST-02366,Male,0,No,No,13,Yes,Yes,No,No internet service,No internet service,No internet service,No internet service,No internet service,No internet service,One year,Yes,Mailed check,30.28,416.09,No
CUST-02367,Male,1,No,Yes,69,Yes,No,DSL,No,Yes,No,No,No,Yes,Month-to-month,Yes,Mailed check,35.51,2418.83,No
CUST-02368,Male,0,Yes,No,57,Yes,No,No,No internet service,No internet service,No internet service,No internet service,No internet service,No internet service,Two year,Yes,Electronic check,48.42,2738.99,No
CUST-02369,Male,1,No,No,56,Yes,Yes,DSL,Yes,Yes,Yes,No,No,No,Month-to-month,Yes,Mailed check,52.24,2906.97,No
CUST-02370,Male,0,No,No,56,Yes,No,DSL,No,No,No,No,Yes,Yes,Two year,Yes,Electronic check,72.53,4107.05,No
CUST-02371,Male,0,Yes,No,72,Yes,No,DSL,No,No,No,No,No,No,Month-to-month,No,Electronic check,66.97,4859.3,No
CUST-02372,Female,1,Yes,No,7,Yes,Yes,DSL,No,No,No,No,No,No,Month-to-month,Yes,Mailed check,23.67,172.02,No
CUST-02373,Male,0,Yes,Yes,56,Yes,No,No,No internet service,No internet service,No internet service,No internet service,No internet service,No internet service,One year,Yes,Bank transfer (automatic),67.38,3913.2,No
CUST-02374,Male,0,No,No,7,No,No phone service,DSL,No,No,No,No,Yes,No,Month-to-month,Yes,Credit card (automatic),48.28,404.42,No
CUST-02375,Female,0,Yes,No,0,Yes,Yes,DSL,No,No,No,Yes,No,No,Month-to-month,Yes,Bank transfer (automatic),45.47,18.0,No
CUST-02376,Female,1,No,No,26,Yes,Yes,Fiber optic,No,No,No,No,Yes,No,Month-to-month,Yes,Bank transfer (automatic),60.04,1552.61,No
CUST-02377,Female,0,Yes,No,1,Yes,Yes,DSL,No,Yes,Yes,Yes,No,No,Two year,No,Bank transfer (automatic),54.19,148.75,No
CUST-02378,Male,0,No,No,4,Yes,No,Fiber optic,Yes,Yes,No,Yes,No,No,Month-to-month,Yes,Mailed check,44.11,152.67,Yes
CUST-02379,Female,0,No,No,72,Yes,No,No,No internet service,No internet service,No internet service,No internet service,No internet service,No internet service,Month-to-month,Yes,Credit card (automatic),53.25,3976.87,Yes
CUST-02380,Female,0,No,No,45,No,No phone service,DSL,Yes,No,No,Yes,No,Yes,Two year,Yes,Electronic check,51.57,2333.9,No
CUST-02381,Male,0,Yes,No,63,Yes,Yes,DSL,No,No,No,No,No,Yes,Month-to-month,Yes,Electronic check,37.17,2382.52,Yes
CUST-02382,Male,0,Yes,No,42,Yes,Yes,Fiber optic,No,Yes,No,No,No,No,Month-to-month,No,Credit card (automatic),82.93,3486.34,Yes
CUST-02383,Female,0,No,No,0,Yes,No,No,No internet service,No internet service,No internet service,No internet service,No internet service,No internet service,Two year,No,Credit card (automatic),27.53,18.0,No
CUST-02384,Male,1,Yes,Yes,0,No,No phone service,No,No internet service,No internet service,No internet service,No internet service,No internet service,No internet service,One year,Yes,Electronic check,50.42,45.72,No
CUST-02385,Male,0,No,No,24,Yes,Yes,No,No internet service,No internet service,No internet service,No internet service,No internet service,No internet service,Month-to-month,Yes,Mailed check,38.12,884.93,Yes
CUST-02386,Female,0,Yes,Yes,30,Yes,Yes,Fiber optic,Yes,No,No,No,No,Yes,Two year,No,Electronic check,83.81,2532.26,No
CUST-02387,Female,0,Yes,No,0,Yes,Yes,Fiber optic,No,No,No,Yes,No,No,Two year,No,Mailed check,77.39,63.47,No
CUST-02388,Female,0,Yes,No,5,Yes,No,No,No internet service,No internet service,No internet service,No internet service,No internet service,No internet service,Month-to-month,Yes,Mailed check,60.23,319.13,No
CUST-02389,Female,1,No,No,63,Yes,No,Fiber optic,No,No,No,No,No,Yes,Month-to-month,Yes,Credit card (automatic),46.37,2864.95,Yes
CUST-02390,Female,0,No,No,60,No,No phone service,DSL,Yes,Yes,Yes,No,No,No,One year,Yes,Electronic check,43.15,2571.9,No
CUST-02391,Male,0,Yes,No,42,Yes,No,Fiber optic,Yes,No,Yes,No,No,No,Two year,Yes,Bank transfer (automatic),68.51,2781.99,No
CUST-02392,Male,0,Yes,Yes,72,Yes,No,No,No internet service,No internet service,No internet service,No internet service,No internet service,No internet service,Two year,No,Electronic check,49.88,3565.3,No
CUST-02393,Female,0,Yes,No,3,Yes,Yes,No,No internet service,No internet service,No internet service,No internet service,No internet service,No internet service,Two year,No,Credit card (automatic),63.61,199.73,No
CUST-02394,Male,0,No,No,30,Yes,Yes,Fiber optic,No,No,No,No,No,No,Month-to-month,No,Mailed check,44.36,1338.33,No
CUST-02395,Male,0,No,Yes,19,Yes,No,Fiber optic,Yes,Yes,No,No,No,No,One year,Yes,Mailed check,68.2,1302.66,No
CUST-02396,Female,0,Yes,Yes,16,Yes,Yes,No,No internet service,No internet service,No internet service,No internet service,No internet service,No internet service,One year,Yes,Bank transfer (automatic),31.82,500.2,No
CUST-02397,Female,1,No,No,26,Yes,Yes,DSL,No,No,No,No,No,No,Month-to-month,No,Credit card (automatic),53.8,1408.37,No
CUST-02398,Male,0,No,No,44,Yes,No,Fiber optic,No,Yes,No,No,No,Yes,Month-to-month,No,Electronic check,44.42,1912.51,No
CUST-02399,Male,0,No,No,51,Yes,No,No,No internet service,No internet service,No internet service,No internet service,No internet service,No internet service,Month-to-month,No,Mailed check,85.2,4308.89,No
CUST-02400,Female,0,No,No,4,Yes,Yes,Fiber optic,No,No,No,No,Yes,Yes,Two year,Yes,Mailed check,88.03,318.74,No
CUST-02401,Male,0,No,No,44,Yes,Yes,No,No internet service,No internet service,No internet service,No internet service,No internet service,No internet service,One year,Yes,Credit card (automatic),41.71,1995.35,No
CUST-02402,Female,0,No,Yes,5,Yes,No,DSL,Yes,No,No,No,Yes,Yes,Month-to-month,Yes,Mailed check,45.07,267.19,No
CUST-02403,Female,0,Yes,No,58,Yes,No,DSL,No,No,No,No,Yes,No,Month-to-month,No,Mailed check,61.32,3661.92,No
CUST-02404,Female,0,Yes,No,3,Yes,Yes,DSL,No,No,No,No,Yes,Yes,One year,No,Bank transfer (automatic),51.76,124.68,No
CUST-02405,Male,0,Yes,No,30,No,No phone service,DSL,No,No,No,Yes,Yes,No,Two year,No,Electronic check,59.73,1747.11,No
CUST-02406,Female,0,Yes,No,55,Yes,No,Fiber optic,Yes,Yes,Yes,Yes,No,No,One year,Yes,Credit card (automatic),72.36,3919.72,No
CUST-02407,Male,1,Yes,Yes,44,Yes,Yes,Fiber optic,No,No,Yes,No,No,No,Two year,Yes,Mailed check,55.35,2397.97,No
CUST-02408,Female,0,No,Yes,72,No,No phone service,DSL,No,Yes,Yes,Yes,No,No,Month-to-month,No,Mailed check,62.86,4490.96,No
CUST-02409,Male,1,No,No,0,Yes,Yes,Fiber optic,Yes,Yes,No,No,No,No,Month-to-month,No,Credit card (automatic),55.95,18.0,No
CUST-02410,Male,0,Yes,No,42,No,No phone service,Fiber optic,Yes,No,No,No,No,Yes,Two year,Yes,Electronic check,51.91,2162.78,No
CUST-02411,Female,0,Yes,No,65,Yes,Yes,DSL,No,Yes,No,No,No,Yes,Month-to-month,No,Mailed check,61.9,4043.46,No
CUST-02412,Male,0,No,No,30,Yes,Yes,Fiber optic,No,No,Yes,No,Yes,No,Month-to-month,Yes,Electronic check,77.97,2375.4,Yes
CUST-02413,Female,0,No,No,38,Yes,Yes,Fiber optic,Yes,Yes,Yes,No,No,Yes,Month-to-month,No,Credit card (automatic),44.87,1740.87,No
CUST-02414,Female,0,Yes,No,9,Yes,Yes,DSL,Yes,No,Yes,Yes,No,Yes,Month-to-month,No,Mailed check,88.1,935.39,No
CUST-02415,Male,0,No,Yes,65,Yes,No,No,No internet service,No internet service,No internet service,No internet service,No internet service,No internet service,Month-to-month,No,Bank transfer (automatic),28.97,1872.08,No
CUST-02416,Male,0,Yes,Yes,40,Yes,No,Fiber optic,Yes,No,No,Yes,No,No,Month-to-month,Yes,Mailed check,79.73,3285.95,No
CUST-02417,Female,0,Yes,No,13,Yes,No,Fiber optic,No,Yes,No,No,No,No,Month-to-month,No,Credit card (automatic),110.36,1485.68,No
CUST-02418,Male,0,No,No,0,Yes,No,DSL,Yes,No,No,Yes,No,No,Month-to-month,Yes,Bank transfer (automatic),33.66,52.62,No
CUST-02419,Male,0,No,No,11,Yes,No,Fiber optic,No,No,No,Yes,No,No,Two year,Yes,Electronic check,58.88,665.59,No
CUST-02420,Male,0,Yes,Yes,47,Yes,No,DSL,Yes,Yes,No,Yes,No,No,Two year,Yes,Mailed check,72.41,3409.09,No
CUST-02421,Male,0,No,No,29,Yes,Yes,No,No internet service,No internet service,No internet service,No internet service,No internet service,No internet service,Month-to-month,No,Electronic check,68.75,2088.16,Yes
CUST-02422,Female,0,No,Yes,2,Yes,No,DSL,No,Yes,No,Yes,Yes,No,Month-to-month,Yes,Mailed check,32.86,174.3,No
CUST-02423,Male,0,Yes,Yes,13,Yes,No,DSL,Yes,Yes,No,No,Yes,No,Two year,Yes,Electronic check,46.03,608.96,No
CUST-02424,Female,0,No,No,1,Yes,Yes,Fiber optic,No,Yes,No,No,No,No,Month-to-month,No,Credit card (automatic),62.79,55.34,No
CUST-02425,Male,0,Yes,No,60,Yes,No,DSL,No,No,No,No,No,No,Month-to-month,Yes,Credit card (automatic),44.02,2626.25,No
CUST-02426,Female,0,Yes,Yes,3,Yes,No,DSL,No,Yes,No,Yes,No,No,Two year,Yes,Electronic check,60.78,199.17,No
CUST-02427,Male,0,Yes,No,26,Yes,Yes,DSL,No,No,No,Yes,Yes,No,Month-to-month,No,Bank transfer (automatic),59.97,1501.19,No
CUST-02428,Male,0,Yes,No,5,Yes,No,No,No internet service,No internet service,No internet service,No internet service,No internet service,No internet service,Month-to-month,Yes,Electronic check,22.14,21.87,No
CUST-02429,Female,0,Yes,No,48,Yes,No,Fiber optic,No,No,No,No,No,Yes,Month-to-month,No,Bank transfer (automatic),94.32,4509.1,No
CUST-02430,Male,0,No,No,66,Yes,Yes,Fiber optic,Yes,No,Yes,No,Yes,No,Month-to-month,Yes,Mailed check,45.94,3006.62,No
CUST-02431,Male,0,Yes,Yes,50,Yes,Yes,DSL,No,No,No,No,No,Yes,One year,No,Mailed check,63.45,3140.88,No
CUST-02432,Female,0,No,No,15,Yes,Yes,Fiber optic,No,Yes,Yes,No,No,No,Two year,Yes,Credit card (automatic),44.43,676.61,No
CUST-02433,Male,0,Yes,No,36,Yes,Yes,Fiber optic,Yes,Yes,No,Yes,Yes,No,Month-to-month,No,Mailed check,61.96,2277.67,No
CUST-02434,Male,0,No,Yes,0,Yes,No,DSL,No,No,No,No,Yes,No,Two year,Yes,Electronic check,39.05,21.79,No
CUST-02435,Male,0,No,No,69,Yes,Yes,DSL,No,No,No,No,No,No,One year,No,Mailed check,86.18,5985.1,No
CUST-02436,Female,0,Yes,Yes,35,Yes,No,Fiber optic,No,No,No,No,Yes,No,Month-to-month,Yes,Bank transfer (automatic),61.81,2155.23,No
CUST-02437,Female,0,No,No,4,Yes,Yes,DSL,No,No,No,Yes,Yes,No,Two year,Yes,Electronic check,58.08,244.73,No
CUST-02438,Female,0,No,No,68,Yes,Yes,No,No internet service,No internet service,No internet service,No internet service,No internet service,No internet service,Two year,Yes,Electronic check,56.7,3918.11,No
CUST-02439,Female,0,No,No,43,Yes,No,DSL,No,No,No,No,No,No,Month-to-month,Yes,Bank transfer (automatic),60.85,2568.46,No
CUST-02440,Male,0,Yes,Yes,4,Yes,No,DSL,Yes,Yes,No,Yes,No,Yes,Month-to-month,No,Electronic check,46.85,196.37,No
CUST-02441,Male,0,No,Yes,72,Yes,No,DSL,No,No,Yes,No,Yes,No,Month-to-month,Yes,Bank transfer (automatic),48.37,3493.31,No
CUST-02442,Male,0,No,No,10,Yes,No,Fiber optic,No,No,No,Yes,No,No,Month-to-month,Yes,Electronic check,88.15,863.75,Yes
CUST-02443,Male,0,Yes,Yes,5,Yes,No,DSL,No,Yes,No,No,No,No,Month-to-month,Yes,Electronic check,60.72,312.17,No
CUST-02444,Male,0,No,No,0,Yes,Yes,DSL,No,No,No,No,No,No,One year,No,Electronic check,81.28,44.83,No
CUST-02445,Female,0,Yes,No,6,Yes,Yes,DSL,Yes,Yes,No,No,No,No,Month-to-month,No,Credit card (automatic),21.6,88.35,No
CUST-02446,Female,0,Yes,Yes,15,No,No phone service,DSL,No,Yes,No,No,No,Yes,Month-to-month,Yes,Bank transfer (automatic),74.15,1158.74,No
CUST-02447,Female,0,No,No,6,Yes,No,DSL,No,Yes,No,No,No,Yes,One year,No,Electronic check,58.92,391.03,No
CUST-02448,Female,0,No,Yes,34,Yes,Yes,Fiber optic,No,Yes,Yes,No,No,No,Month-to-month,No,Electronic check,101.59,3362.1,No
CUST-02449,Female,0,Yes,No,12,No,No phone service,Fiber optic,Yes,Yes,No,No,Yes,Yes,One year,Yes,Electronic check,107.19,1240.76,No
CUST-02450,Male,0,Yes,No,0,Yes,Yes,DSL,No,No,No,No,No,Yes,Month-to-month,No,Mailed check,52.51,39.79,Yes
CUST-02451,Female,0,Yes,No,49,Yes,No,Fiber optic,Yes,Yes,No,No,Yes,No,Two year,Yes,Mailed check,83.2,4160.33,Yes
CUST-02452,Female,1,No,No,5,No,No phone service,No,No internet service,No internet service,No internet service,No internet service,No internet service,No internet service,Month-to-month,Yes,Bank transfer (automatic),39.41,209.92,No
CUST-02453,Male,1,Yes,No,1,Yes,No,Fiber optic,No,No,Yes,No,No,No,One year,Yes,Bank transfer (automatic),95.05,97.49,Yes
CUST-02454,Male,0,Yes,Yes,34,Yes,No,No,No internet service,No internet service,No internet service,No internet service,No internet service,No internet service,Two year,No,Credit card (automatic),61.27,2075.85,No
CUST-02455,Female,0,Yes,Yes,69,Yes,No,DSL,No,No,No,No,No,Yes,Month-to-month,Yes,Electronic check,49.58,3460.3,Yes
CUST-02456,Male,0,No,Yes,34,Yes,No,Fiber optic,No,Yes,No,No,No,Yes,Two year,Yes,Credit card (automatic),85.01,2850.34,No
CUST-02457,Female,0,Yes,No,0,Yes,No,DSL,Yes,Yes,No,Yes,No,Yes,One year,Yes,Bank transfer (automatic),57.95,28.48,No
CUST-02458,Female,0,No,No,44,Yes,Yes,No,No internet service,No internet service,No internet service,No internet service,No internet service,No internet service,Month-to-month,Yes,Electronic check,32.52,1413.3,No
CUST-02459,Male,0,Yes,No,0,Yes,No,No,No internet service,No internet service,No internet service,No internet service,No internet service,No internet service,Month-to-month,No,Credit card (automatic),49.7,18.0,Yes
CUST-02460,Male,0,Yes,No,47,Yes,No,Fiber optic,Yes,Yes,No,No,Yes,No,Month-to-month,No,Credit card (automatic),73.84,3433.2,Yes
CUST-02461,Male,0,Yes,No,66,Yes,No,DSL,No,No,No,No,No,No,One year,No,Electronic check,64.21,4217.26,No
CUST-02462,Male,0,Yes,Yes,62,Yes,Yes,Fiber optic,No,Yes,Yes,No,No,Yes,Two year,Yes,Bank transfer (automatic),56.58,3460.52,No
CUST-02463,Male,0,Yes,Yes,46,Yes,No,No,No internet service,No internet service,No internet service,No internet service,No internet service,No internet service,Month-to-month,Yes,Mailed check,42.06,2027.05,No
CUST-02464,Female,0,Yes,No,38,No,No phone service,Fiber optic,Yes,Yes,No,No,No,Yes,One year,Yes,Credit card (automatic),51.32,1934.02,No
CUST-02465,Male,0,Yes,No,62,Yes,No,Fiber optic,No,Yes,Yes,No,Yes,Yes,Month-to-month,Yes,Mailed check,75.7,4637.15,Yes
CUST-02466,Male,0,Yes,No,0,Yes,Yes,Fiber optic,No,No,Yes,No,No,No,Month-to-month,No,Electronic check,68.04,57.97,Yes
CUST-02467,Male,1,Yes,Yes,2,Yes,Yes,DSL,No,Yes,No,No,Yes,No,One year,Yes,Electronic check,34.11,18.0,No
CUST-02468,Female,0,Yes,No,50,Yes,Yes,Fiber optic,No,No,No,No,Yes,No,Month-to-month,No,Electronic check,49.13,2381.26,No
CUST-02469,Male,0,Yes,Yes,19,Yes,No,DSL,No,Yes,No,No,No,No,One year,No,Bank transfer (automatic),66.35,1335.23,No
CUST-02470,Male,0,Yes,No,15,Yes,No,No,No internet service,No internet service,No internet service,No internet service,No internet service,No internet service,Month-to-month,No,Mailed check,64.48,938.44,No
CUST-02471,Female,1,No,Yes,72,Yes,Yes,DSL,No,No,No,Yes,Yes,No,One year,Yes,Credit card (automatic),44.43,3242.63,No
CUST-02472,Male,1,No,Yes,12,Yes,No,Fiber optic,No,Yes,Yes,No,No,No,Month-to-month,No,Credit card (automatic),74.84,980.36,Yes
CUST-02473,Male,0,No,No,46,Yes,No,DSL,No,No,No,No,Yes,Yes,Month-to-month,Yes,Bank transfer (automatic),26.49,1137.4,No
CUST-02474,Male,0,Yes,No,10,Yes,No,DSL,Yes,No,No,No,No,Yes,One year,No,Mailed check,66.56,623.25,No
CUST-02475,Male,0,No,No,6,Yes,No,No,No internet service,No internet service,No internet service,No internet service,No internet service,No internet service,Month-to-month,Yes,Mailed check,67.46,401.08,No
CUST-02476,Male,0,No,Yes,52,Yes,No,Fiber optic,No,No,No,Yes,No,No,One year,No,Mailed check,57.05,3026.68,No
CUST-02477,Female,1,Yes,No,63,Yes,No,No,No internet service,No internet service,No internet service,No internet service,No internet service,No internet service,Two year,Yes,Bank transfer (automatic),23.87,1534.69,No
CUST-02478,Male,0,Yes,No,70,Yes,No,Fiber optic,No,No,Yes,No,No,No,Two year,Yes,Mailed check,60.51,4248.1,No
CUST-02479,Male,0,No,No,72,Yes,Yes,DSL,No,Yes,Yes,No,Yes,No,One year,Yes,Credit card (automatic),57.82,4190.38,No
CUST-02480,Male,0,No,Yes,18,Yes,Yes,DSL,No,Yes,No,No,No,No,One year,Yes,Bank transfer (automatic),36.53,623.49,No
CUST-02481,Female,0,No,No,30,Yes,No,Fiber optic,No,No,Yes,No,No,No,Two year,No,Bank transfer (automatic),53.75,1645.13,Yes
CUST-02482,Female,0,No,No,31,Yes,No,DSL,No,No,No,No,Yes,No,Two year,Yes,Credit card (automatic),77.86,2405.16,No
CUST-02483,Male,0,No,No,66,Yes,No,Fiber optic,No,No,No,No,No,No,One year,No,Credit card (automatic),51.13,3406.12,No
CUST-02484,Male,0,No,No,71,Yes,No,DSL,No,Yes,No,No,Yes,No,Month-to-month,Yes,Bank transfer (automatic),32.6,2286.36,No
CUST-02485,Male,0,Yes,No,51,Yes,No,No,No internet service,No internet service,No internet service,No internet service,No internet service,No internet service,One year,Yes,Electronic check,42.61,2174.34,No
CUST-02486,Male,1,Yes,Yes,33,Yes,Yes,DSL,Yes,No,Yes,No,Yes,No,Month-to-month,No,Bank transfer (automatic),85.76,2788.46,Yes
CUST-02487,Male,0,No,Yes,2,Yes,Yes,Fiber optic,Yes,Yes,No,No,Yes,Yes,Two year,No,Mailed check,62.27,135.61,No
CUST-02488,Male,1,Yes,Yes,7,Yes,No,Fiber optic,No,No,No,No,No,No,One year,No,Electronic check,47.4,318.18,Yes
CUST-02489,Female,0,Yes,No,72,Yes,No,Fiber optic,No,Yes,No,Yes,Yes,No,One year,Yes,Mailed check,79.94,5732.68,No
CUST-02490,Male,0,Yes,Yes,21,Yes,No,Fiber optic,No,No,No,Yes,No,Yes,Month-to-month,Yes,Electronic check,82.33,1732.09,Yes
CUST-02491,Male,0,Yes,Yes,32,Yes,No,No,No internet service,No internet service,No internet service,No internet service,No internet service,No internet service,Month-to-month,No,Electronic check,65.48,2005.85,No
CUST-02492,Male,0,Yes,No,72,Yes,Yes,Fiber optic,Yes,Yes,No,No,Yes,Yes,Month-to-month,Yes,Bank transfer (automatic),75.48,5487.0,Yes
CUST-02493,Female,0,No,Yes,18,Yes,Yes,DSL,No,Yes,No,No,No,No,Month-to-month,No,Electronic check,68.75,1182.38,No
CUST-02494,Female,0,Yes,No,13,Yes,Yes,DSL,No,No,Yes,No,No,Yes,Month-to-month,Yes,Mailed check,63.44,794.36,No
CUST-02495,Male,0,No,No,10,Yes,Yes,No,No internet service,No internet service,No internet service,No internet service,No internet service,No internet service,Month-to-month,Yes,Electronic check,48.12,446.25,Yes
CUST-02496,Male,0,Yes,No,31,Yes,No,Fiber optic,No,Yes,No,No,Yes,Yes,Month-to-month,Yes,Electronic check,96.39,2894.81,Yes
CUST-02497,Female,0,No,No,20,Yes,Yes,Fiber optic,No,Yes,Yes,No,Yes,No,Month-to-month,Yes,Electronic check,75.42,1551.75,Yes
CUST-02498,Female,1,No,No,16,Yes,No,Fiber optic,No,No,Yes,Yes,Yes,No,Two year,No,Bank transfer (automatic),67.43,1081.66,No
CUST-02499,Male,1,No,No,60,Yes,No,Fiber optic,Yes,Yes,No,No,Yes,Yes,Month-to-month,Yes,Bank transfer (automatic),64.45,3870.02,Yes
CUST-02500,Female,1,Yes,No,11,Yes,No,Fiber optic,Yes,No,No,Yes,No,No,Month-to-month,Yes,Electronic check,74.05,910.28,No
CUST-02501,Female,0,Yes,No,39,No,No phone service,Fiber optic,No,Yes,No,No,Yes,No,One year,No,Mailed check,102.59,3969.5,No
CUST-02502,Male,1,No,Yes,60,Yes,Yes,No,No internet service,No internet service,No internet service,No internet service,No internet service,No internet service,Month-to-month,No,Electronic check,74.87,4403.81,No
CUST-02503,Female,0,No,No,72,No,No phone service,Fiber optic,No,No,No,No,Yes,No,Month-to-month,Yes,Bank transfer (automatic),58.28,4219.51,No
CUST-02504,Male,1,Yes,No,9,Yes,No,DSL,No,Yes,No,No,Yes,No,Month-to-month,Yes,Bank transfer (automatic),64.06,607.43,Yes
CUST-02505,Male,0,No,No,31,Yes,No,Fiber optic,Yes,Yes,No,Yes,Yes,No,Two year,Yes,Mailed check,66.7,1953.74,Yes
CUST-02506,Male,0,No,No,0,Yes,No,DSL,No,No,Yes,No,Yes,Yes,One year,No,Electronic check,62.92,18.0,Yes
CUST-02507,Male,1,Yes,No,70,Yes,Yes,DSL,Yes,No,No,No,No,Yes,Month-to-month,No,Electronic check,72.31,5090.76,No
CUST-02508,Female,0,No,No,53,Yes,No,Fiber optic,No,No,Yes,No,No,No,Two year,Yes,Mailed check,64.2,3394.66,No
CUST-02509,Male,0,Yes,No,7,Yes,Yes,DSL,No,Yes,No,No,Yes,No,One year,No,Bank transfer (automatic),43.1,342.75,No
CUST-02510,Male,0,Yes,Yes,21,Yes,No,Fiber optic,No,No,Yes,No,No,Yes,Month-to-month,Yes,Electronic check,61.92,1303.99,Yes
CUST-02511,Male,0,No,No,46,Yes,Yes,Fiber optic,Yes,No,Yes,No,No,Yes,Two year,No,Bank transfer (automatic),69.1,3192.89,No
CUST-02512,Female,0,No,Yes,72,Yes,Yes,DSL,No,Yes,Yes,No,No,No,Month-to-month,Yes,Credit card (automatic),31.85,2315.76,No
CUST-02513,Female,1,No,No,26,Yes,No,DSL,No,No,No,No,Yes,Yes,Two year,No,Credit card (automatic),50.69,1322.53,No
CUST-02514,Female,1,No,No,56,No,No phone service,Fiber optic,No,No,No,Yes,No,Yes,Month-to-month,No,Electronic check,62.16,3466.53,No
CUST-02515,Male,1,No,No,60,Yes,Yes,No,No internet service,No internet service,No internet service,No internet service,No internet service,No internet service,Month-to-month,Yes,Mailed check,58.41,3469.25,No
CUST-02516,Female,0,Yes,No,3,No,No phone service,DSL,No,No,No,Yes,No,Yes,One year,No,Credit card (automatic),43.71,179.59,No
CUST-02517,Female,0,Yes,No,36,Yes,No,DSL,No,No,Yes,No,No,Yes,Month-to-month,No,Mailed check,64.83,2430.67,No
CUST-02518,Female,0,Yes,No,46,Yes,Yes,No,No internet service,No internet service,No internet service,No internet service,No internet service,No internet service,Month-to-month,Yes,Bank transfer (automatic),46.03,2161.5,No
CUST-02519,Male,0,No,Yes,52,Yes,Yes,No,No internet service,No internet service,No internet service,No internet service,No internet service,No internet service,Two year,Yes,Mailed check,57.68,2962.16,No
CUST-02520,Female,0,No,No,45,Yes,Yes,No,No internet service,No internet service,No internet service,No internet service,No internet service,No internet service,Month-to-month,No,Electronic check,62.44,2757.33,No
CUST-02521,Male,0,No,Yes,3,Yes,Yes,DSL,Yes,No,Yes,No,No,Yes,Month-to-month,Yes,Electronic check,52.28,87.26,Yes
CUST-02522,Male,1,Yes,Yes,32,Yes,No,No,No internet service,No internet service,No internet service,No internet service,No internet service,No internet service,Month-to-month,Yes,Mailed check,62.5,1993.44,No
CUST-02523,Male,0,Yes,No,39,Yes,Yes,No,No internet service,No internet service,No internet service,No internet service,No internet service,No internet service,Month-to-month,Yes,Mailed check,59.68,2331.97,No
CUST-02524,Male,0,No,No,19,Yes,Yes,DSL,Yes,Yes,No,Yes,Yes,No,Month-to-month,Yes,Mailed check,50.55,937.86,No
CUST-02525,Male,0,No,No,53,Yes,No,Fiber optic,Yes,No,Yes,No,No,No,Month-to-month,Yes,Credit card (automatic),95.02,5085.48,No
CUST-02526,Male,0,Yes,Yes,40,Yes,No,DSL,No,No,Yes,Yes,Yes,No,Month-to-month,Yes,Credit card (automatic),54.85,2184.06,No
CUST-02527,Male,0,No,No,10,Yes,No,Fiber optic,No,No,No,No,Yes,Yes,Month-to-month,Yes,Electronic check,86.23,859.83,Yes
CUST-02528,Female,0,No,Yes,52,No,No phone service,Fiber optic,No,No,Yes,No,No,No,One year,Yes,Credit card (automatic),80.39,4134.53,No
CUST-02529,Male,0,No,Yes,0,Yes,Yes,DSL,No,No,Yes,No,No,Yes,Month-to-month,Yes,Electronic check,53.76,37.09,No
CUST-02530,Female,0,Yes,Yes,62,Yes,No,No,No internet service,No internet service,No internet service,No internet service,No internet service,No internet service,Two year,Yes,Bank transfer (automatic),35.82,2200.89,No
CUST-02531,Female,1,No,No,23,No,No phone service,No,No internet service,No internet service,No internet service,No internet service,No internet service,No internet service,Month-to-month,Yes,Electronic check,64.74,1361.99,Yes
CUST-02532,Female,0,Yes,No,58,No,No phone service,No,No internet service,No internet service,No internet service,No internet service,No internet service,No internet service,One year,Yes,Electronic check,38.13,2262.14,No
CUST-02533,Female,0,Yes,Yes,71,Yes,Yes,DSL,No,Yes,No,Yes,No,No,Two year,No,Mailed check,23.74,1620.33,No
CUST-02534,Male,0,No,Yes,8,Yes,Yes,Fiber optic,Yes,No,No,Yes,Yes,Yes,One year,Yes,Electronic check,57.13,393.38,No
CUST-02535,Female,0,Yes,No,72,Yes,Yes,No,No internet service,No internet service,No internet service,No internet service,No internet service,No internet service,Month-to-month,Yes,Credit card (automatic),63.43,4495.22,No
CUST-02536,Female,0,Yes,No,5,Yes,Yes,DSL,No,No,No,No,No,Yes,Month-to-month,Yes,Electronic check,82.99,437.35,Yes
CUST-02537,Male,0,Yes,Yes,11,Yes,Yes,Fiber optic,No,No,No,No,Yes,No,Two year,No,Credit card (automatic),77.24,793.03,Yes
CUST-02538,Male,1,Yes,No,68,Yes,No,DSL,No,Yes,Yes,Yes,No,No,Two year,Yes,Bank transfer (automatic),46.86,3197.08,No
CUST-02539,Female,0,No,No,7,Yes,Yes,Fiber optic,Yes,No,No,No,No,No,One year,Yes,Mailed check,71.68,491.39,No
CUST-02540,Male,0,Yes,No,42,Yes,No,Fiber optic,No,No,No,No,Yes,No,Month-to-month,No,Electronic check,72.04,3039.03,No
CUST-02541,Male,0,No,Yes,50,Yes,Yes,No,No internet service,No internet service,No internet service,No internet service,No internet service,No internet service,One year,No,Bank transfer (automatic),53.89,2769.15,No
CUST-02542,Female,0,No,No,50,Yes,No,Fiber optic,Yes,No,No,No,No,Yes,Two year,Yes,Bank transfer (automatic),39.51,2038.91,No
CUST-02543,Female,0,Yes,No,46,Yes,No,Fiber optic,No,No,No,Yes,No,Yes,Month-to-month,Yes,Electronic check,54.41,2500.36,No
CUST-02544,Male,1,No,No,57,Yes,No,DSL,No,Yes,No,Yes,Yes,No,Two year,No,Electronic check,57.05,3361.65,No
CUST-02545,Female,0,Yes,No,11,Yes,Yes,Fiber optic,No,Yes,Yes,No,Yes,No,Month-to-month,No,Credit card (automatic),62.52,672.14,Yes
CUST-02546,Male,0,Yes,No,4,Yes,Yes,No,No internet service,No internet service,No internet service,No internet service,No internet service,No internet service,Two year,Yes,Bank transfer (automatic),33.19,73.09,No
CUST-02547,Female,0,Yes,No,2,Yes,Yes,Fiber optic,No,Yes,No,Yes,No,Yes,One year,No,Bank transfer (automatic),80.63,93.67,No
CUST-02548,Female,0,Yes,No,19,Yes,Yes,No,No internet service,No internet service,No internet service,No internet service,No internet service,No internet service,Two year,Yes,Electronic check,36.65,722.78,No
CUST-02549,Male,1,Yes,Yes,11,Yes,No,Fiber optic,No,No,Yes,No,Yes,No,Two year,Yes,Electronic check,46.19,447.5,No
CUST-02550,Male,0,Yes,No,31,Yes,No,Fiber optic,No,No,No,No,No,Yes,Month-to-month,Yes,Mailed check,83.01,2593.2,Yes
CUST-02551,Female,0,No,No,58,Yes,Yes,No,No internet service,No internet service,No internet service,No internet service,No internet service,No internet service,Two year,No,Electronic check,43.48,2560.61,No
CUST-02552,Male,0,No,No,2,Yes,No,DSL,No,No,Yes,No,No,No,Month-to-month,No,Bank transfer (automatic),60.64,131.94,No
CUST-02553,Male,0,No,No,0,Yes,No,Fiber optic,No,Yes,No,No,Yes,No,Month-to-month,No,Credit card (automatic),53.03,18.0,Yes
CUST-02554,Male,0,No,Yes,2,Yes,Yes,Fiber optic,No,No,No,No,No,No,Month-to-month,Yes,Mailed check,55.69,115.16,No
CUST-02555,Female,0,No,No,45,Yes,No,No,No internet service,No internet service,No internet service,No internet service,No internet service,No internet service,One year,No,Credit card (automatic),18.88,828.84,No
CUST-02556,Male,0,Yes,No,61,Yes,Yes,Fiber optic,No,No,Yes,Yes,No,Yes,Month-to-month,Yes,Mailed check,77.44,4780.62,No
CUST-02557,Female,0,No,No,50,Yes,No,Fiber optic,No,Yes,Yes,No,No,No,Two year,No,Electronic check,67.71,3413.38,No
CUST-02558,Female,1,Yes,No,61,Yes,No,DSL,No,No,Yes,No,No,No,Two year,No,Electronic check,69.53,4193.65,No
CUST-02559,Male,0,No,Yes,72,Yes,Yes,No,No internet service,No internet service,No internet service,No internet service,No internet service,No internet service,Two year,Yes,Mailed check,35.53,2441.68,No
CUST-02560,Female,0,No,Yes,28,Yes,Yes,Fiber optic,No,No,No,No,Yes,No,Month-to-month,Yes,Credit card (automatic),58.75,1726.17,No
CUST-02561,Female,0,Yes,No,21,No,No phone service,Fiber optic,Yes,Yes,No,No,No,Yes,Month-to-month,Yes,Credit card (automatic),52.94,1156.7,No
CUST-02562,Male,0,No,No,56,Yes,Yes,DSL,No,No,Yes,No,No,No,Two year,No,Electronic check,65.4,3710.64,No
CUST-02563,Female,0,No,No,19,Yes,No,Fiber optic,No,No,No,Yes,No,No,One year,No,Mailed check,110.81,2040.68,Yes
CUST-02564,Male,0,No,No,14,Yes,No,Fiber optic,No,Yes,No,No,No,Yes,Two year,No,Electronic check,73.54,979.0,No
CUST-02565,Male,0,Yes,No,47,Yes,No,Fiber optic,Yes,No,No,No,No,Yes,Month-to-month,No,Electronic check,78.94,3742.54,Yes
CUST-02566,Male,0,No,No,2,Yes,Yes,Fiber optic,No,No,No,No,Yes,No,Month-to-month,Yes,Bank transfer (automatic),57.67,100.26,No
CUST-02567,Female,0,No,No,45,Yes,No,Fiber optic,No,Yes,No,No,Yes,No,Two year,No,Electronic check,50.56,2267.29,No
CUST-02568,Female,0,Yes,No,54,Yes,No,DSL,No,No,No,Yes,No,No,Two year,Yes,Bank transfer (automatic),38.07,2121.11,No
CUST-02569,Male,0,No,No,9,Yes,No,No,No internet service,No internet service,No internet service,No internet service,No internet service,No internet service,Month-to-month,No,Credit card (automatic),46.65,424.2,No
CUST-02570,Female,0,Yes,No,14,Yes,Yes,Fiber optic,No,Yes,No,Yes,Yes,No,Two year,Yes,Electronic check,67.63,957.66,No
CUST-02571,Female,0,No,No,43,Yes,No,DSL,No,No,No,Yes,No,No,Month-to-month,No,Electronic check,35.65,1580.54,No
CUST-02572,Female,0,Yes,No,31,Yes,Yes,DSL,Yes,No,No,Yes,Yes,Yes,One year,No,Mailed check,67.31,2038.19,No
CUST-02573,Female,1,Yes,Yes,66,Yes,Yes,No,No internet service,No internet service,No internet service,No internet service,No internet service,No internet service,Month-to-month,Yes,Electronic check,58.05,3845.04,No
CUST-02574,Male,0,Yes,No,50,Yes,Yes,No,No internet service,No internet service,No internet service,No internet service,No internet service,No internet service,Two year,No,Bank transfer (automatic),62.91,3242.89,No
CUST-02575,Female,0,No,No,0,Yes,No,No,No internet service,No internet service,No internet service,No internet service,No internet service,No internet service,Two year,Yes,Bank transfer (automatic),48.73,58.29,No
CUST-02576,Male,0,No,No,10,Yes,No,No,No internet service,No internet service,No internet service,No internet service,No internet service,No internet service,Two year,Yes,Mailed check,33.14,311.04,No
CUST-02577,Male,0,Yes,Yes,42,Yes,No,Fiber optic,Yes,No,Yes,No,No,No,Month-to-month,Yes,Electronic check,83.64,3522.59,Yes
CUST-02578,Male,0,Yes,No,2,Yes,No,Fiber optic,No,No,Yes,No,No,Yes,One year,No,Mailed check,75.11,113.92,No
CUST-02579,Female,0,No,Yes,2,Yes,Yes,No,No internet service,No internet service,No internet service,No internet service,No internet service,No internet service,Month-to-month,Yes,Bank transfer (automatic),32.16,57.55,No
CUST-02580,Female,0,Yes,No,72,Yes,No,Fiber optic,Yes,No,No,No,No,No,One year,No,Credit card (automatic),100.49,7208.97,No
CUST-02581,Male,1,Yes,No,3,Yes,No,Fiber optic,No,Yes,Yes,No,No,No,Two year,Yes,Electronic check,74.47,215.91,No
CUST-02582,Male,0,No,No,0,Yes,No,Fiber optic,No,No,Yes,No,Yes,Yes,Two year,Yes,Credit card (automatic),77.77,43.49,No
CUST-02583,Male,0,Yes,No,30,No,No phone service,DSL,Yes,Yes,Yes,No,No,No,Month-to-month,Yes,Electronic check,57.86,1695.86,No
CUST-02584,Female,1,No,No,1,No,No phone service,DSL,Yes,No,No,No,No,No,Month-to-month,No,Electronic check,64.25,122.55,Yes
CUST-02585,Male,1,Yes,No,50,Yes,Yes,DSL,Yes,Yes,No,Yes,No,Yes,Month-to-month,Yes,Bank transfer (automatic),53.46,2760.25,No
CUST-02586,Female,0,No,No,7,Yes,No,DSL,No,No,No,No,Yes,No,Two year,Yes,Mailed check,76.72,461.37,No
CUST-02587,Male,0,No,No,5,Yes,Yes,Fiber optic,Yes,No,No,No,Yes,No,One year,No,Electronic check,93.87,477.06,No
CUST-02588,Male,0,Yes,No,54,Yes,Yes,DSL,No,No,No,No,Yes,No,Month-to-month,Yes,Mailed check,28.74,1559.75,No
CUST-02589,Female,0,No,No,40,Yes,No,DSL,No,Yes,No,Yes,No,No,One year,No,Credit card (automatic),43.15,1759.49,No
CUST-02590,Male,0,No,Yes,11,Yes,No,DSL,No,No,No,No,No,No,Month-to-month,No,Bank transfer (automatic),72.17,799.71,Yes
CUST-02591,Male,0,No,No,66,Yes,Yes,Fiber optic,No,Yes,No,No,Yes,No,One year,No,Bank transfer (automatic),83.97,5537.52,No
CUST-02592,Male,1,Yes,No,72,Yes,Yes,No,No internet service,No internet service,No internet service,No internet service,No internet service,No internet service,Month-to-month,No,Bank transfer (automatic),28.78,2157.17,No
CUST-02593,Female,0,Yes,Yes,63,Yes,Yes,Fiber optic,Yes,No,No,Yes,No,No,One year,No,Mailed check,68.22,4365.61,No
CUST-02594,Male,0,No,Yes,55,Yes,Yes,Fiber optic,No,No,Yes,No,Yes,Yes,Month-to-month,Yes,Electronic check,100.46,5510.34,Yes
CUST-02595,Male,0,Yes,No,6,Yes,Yes,Fiber optic,No,No,No,Yes,No,Yes,Month-to-month,Yes,Bank transfer (automatic),42.88,265.72,No
CUST-02596,Male,0,Yes,No,20,Yes,Yes,Fiber optic,No,Yes,No,No,Yes,No,Month-to-month,No,Credit card (automatic),77.64,1583.14,Yes
CUST-02597,Female,1,Yes,No,18,Yes,No,No,No internet service,No internet service,No internet service,No internet service,No internet service,No internet service,Two year,Yes,Bank transfer (automatic),43.57,721.22,No
CUST-02598,Female,0,No,No,5,Yes,Yes,Fiber optic,No,No,No,No,No,No,Month-to-month,Yes,Electronic check,69.64,389.19,Yes
CUST-02599,Female,0,Yes,No,1,Yes,Yes,Fiber optic,No,Yes,No,Yes,Yes,Yes,Month-to-month,No,Bank transfer (automatic),65.8,18.0,Yes
CUST-02600,Male,0,Yes,No,29,Yes,No,No,No internet service,No internet service,No internet service,No internet service,No internet service,No internet service,Month-to-month,No,Mailed check,54.45,1623.67,No
CUST-02601,Female,0,No,Yes,15,Yes,Yes,Fiber optic,No,Yes,No,No,No,No,Month-to-month,No,Bank transfer (automatic),77.8,1146.75,Yes
CUST-02602,Male,0,Yes,No,60,Yes,No,Fiber optic,Yes,No,No,Yes,Yes,No,Month-to-month,No,Credit card (automatic),82.75,4913.43,Yes
CUST-02603,Female,0,Yes,No,38,Yes,Yes,Fiber optic,No,No,No,No,Yes,No,Month-to-month,No,Credit card (automatic),74.8,2857.22,No
CUST-02604,Female,0,Yes,No,44,Yes,Yes,DSL,No,Yes,No,Yes,Yes,Yes,Month-to-month,Yes,Electronic check,54.24,2395.94,Yes
CUST-02605,Female,0,Yes,Yes,32,Yes,Yes,Fiber optic,No,No,Yes,Yes,No,No,One year,No,Electronic check,89.65,2776.23,Yes
CUST-02606,Female,0,No,No,29,Yes,Yes,Fiber optic,Yes,No,Yes,Yes,Yes,No,One year,Yes,Credit card (automatic),86.41,2414.21,No
CUST-02607,Female,0,Yes,No,64,Yes,Yes,Fiber optic,No,No,Yes,No,No,Yes,Month-to-month,No,Electronic check,54.15,3456.33,No
CUST-02608,Male,0,No,No,22,Yes,No,DSL,No,No,No,No,No,Yes,Two year,Yes,Electronic check,62.61,1283.47,No
CUST-02609,Female,0,Yes,No,72,Yes,No,Fiber optic,Yes,No,No,No,Yes,No,Month-to-month,Yes,Electronic check,78.24,5607.4,No
CUST-02610,Female,0,Yes,No,65,Yes,No,No,No internet service,No internet service,No internet service,No internet service,No internet service,No internet service,Two year,No,Bank transfer (automatic),48.17,3172.59,No
CUST-02611,Female,0,Yes,No,31,Yes,No,Fiber optic,No,No,Yes,No,Yes,Yes,Month-to-month,No,Bank transfer (automatic),59.67,1872.11,No
CUST-02612,Female,0,No,No,33,Yes,Yes,No,No internet service,No internet service,No internet service,No internet service,No internet service,No internet service,Two year,Yes,Electronic check,18.0,566.85,No
CUST-02613,Male,0,Yes,Yes,18,Yes,No,DSL,No,Yes,No,No,No,No,Two year,Yes,Bank transfer (automatic),62.96,1112.41,No
CUST-02614,Female,0,Yes,No,0,Yes,No,Fiber optic,No,Yes,Yes,Yes,Yes,Yes,Month-to-month,No,Bank transfer (automatic),49.74,23.45,No
CUST-02615,Male,1,No,No,46,Yes,Yes,DSL,No,No,Yes,No,No,Yes,One year,No,Bank transfer (automatic),48.11,2181.0,No
CUST-02616,Female,0,Yes,No,54,Yes,No,Fiber optic,No,Yes,No,No,No,No,Month-to-month,Yes,Electronic check,55.58,2913.25,Yes
CUST-02617,Female,0,No,No,49,Yes,No,No,No internet service,No internet service,No internet service,No internet service,No internet service,No internet service,Month-to-month,Yes,Electronic check,30.36,1454.2,No
CUST-02618,Male,0,Yes,No,50,Yes,No,Fiber optic,No,Yes,No,Yes,No,No,Month-to-month,Yes,Electronic check,68.7,3455.78,Yes
CUST-02619,Female,0,Yes,No,54,Yes,No,Fiber optic,No,Yes,Yes,No,Yes,No,One year,Yes,Mailed check,62.13,3286.22,No
CUST-02620,Female,0,No,No,66,Yes,No,No,No internet service,No internet service,No internet service,No internet service,No internet service,No internet service,Month-to-month,Yes,Electronic check,34.01,2293.19,No
CUST-02621,Female,0,Yes,Yes,52,Yes,No,Fiber optic,No,No,No,Yes,No,No,One year,Yes,Bank transfer (automatic),55.91,2870.8,No
CUST-02622,Male,0,Yes,No,36,Yes,No,Fiber optic,No,No,Yes,No,No,No,Month-to-month,Yes,Electronic check,66.0,2476.9,Yes
CUST-02623,Male,0,Yes,Yes,44,Yes,No,DSL,No,Yes,Yes,No,No,Yes,Two year,No,Mailed check,51.05,2223.81,No
CUST-02624,Female,0,Yes,No,56,Yes,Yes,Fiber optic,Yes,Yes,No,No,No,No,Two year,Yes,Electronic check,79.64,4522.54,No
CUST-02625,Female,0,No,No,43,Yes,No,Fiber optic,No,No,No,Yes,No,No,One year,Yes,Electronic check,71.94,3094.05,No
CUST-02626,Female,0,Yes,No,15,Yes,No,Fiber optic,Yes,Yes,Yes,No,Yes,No,One year,Yes,Electronic check,58.61,804.82,Yes
CUST-02627,Female,1,No,Yes,3,Yes,Yes,DSL,No,Yes,No,No,No,Yes,One year,Yes,Electronic check,69.27,218.88,No
CUST-02628,Male,0,Yes,No,35,Yes,No,DSL,No,Yes,Yes,No,No,Yes,Month-to-month,No,Mailed check,33.58,1106.64,No
CUST-02629,Female,0,Yes,No,46,Yes,Yes,DSL,Yes,No,No,Yes,Yes,Yes,Month-to-month,Yes,Mailed check,57.83,2583.64,No
CUST-02630,Male,0,Yes,No,46,Yes,Yes,No,No internet service,No internet service,No internet service,No internet service,No internet service,No internet service,Month-to-month,Yes,Electronic check,42.95,2015.12,Yes
CUST-02631,Female,0,No,No,47,Yes,No,No,No internet service,No internet service,No internet service,No internet service,No internet service,No internet service,Month-to-month,No,Credit card (automatic),70.22,3318.56,No
CUST-02632,Female,0,No,No,72,No,No phone service,Fiber optic,No,No,No,Yes,No,No,Month-to-month,No,Bank transfer (automatic),52.84,3770.63,No
CUST-02633,Female,0,No,No,59,Yes,Yes,No,No internet service,No internet service,No internet service,No internet service,No internet service,No internet service,Month-to-month,No,Credit card (automatic),45.68,2687.93,Yes
CUST-02634,Female,0,Yes,Yes,49,Yes,No,DSL,No,No,No,No,No,Yes,One year,Yes,Mailed check,55.21,2688.7,No
CUST-02635,Male,0,Yes,Yes,21,Yes,Yes,No,No internet service,No internet service,No internet service,No internet service,No internet service,No internet service,Month-to-month,No,Bank transfer (automatic),53.98,1101.79,No
CUST-02636,Male,0,No,No,46,Yes,No,DSL,No,No,Yes,No,No,No,Month-to-month,No,Electronic check,73.8,3364.74,Yes
CUST-02637,Male,0,Yes,No,53,Yes,No,DSL,Yes,No,No,No,Yes,No,Month-to-month,Yes,Electronic check,60.67,3207.3,No
CUST-02638,Female,1,No,Yes,69,Yes,No,DSL,No,No,Yes,No,No,Yes,One year,No,Credit card (automatic),85.25,5867.77,No
CUST-02639,Male,0,Yes,Yes,12,Yes,Yes,Fiber optic,No,No,Yes,No,No,No,Two year,Yes,Mailed check,66.51,783.42,No
CUST-02640,Female,0,Yes,No,31,Yes,No,Fiber optic,No,No,No,Yes,Yes,No,One year,Yes,Bank transfer (automatic),93.07,2895.58,No
CUST-02641,Male,0,Yes,Yes,1,Yes,No,DSL,Yes,Yes,No,No,Yes,Yes,One year,Yes,Mailed check,62.29,120.86,No
CUST-02642,Male,0,Yes,No,10,Yes,Yes,Fiber optic,No,No,No,No,Yes,No,Month-to-month,Yes,Credit card (automatic),76.55,831.44,Yes
CUST-02643,Male,1,No,No,0,Yes,Yes,Fiber optic,Yes,Yes,No,No,Yes,No,Month-to-month,No,Mailed check,50.68,36.44,No
CUST-02644,Male,0,No,No,3,Yes,No,Fiber optic,No,Yes,No,Yes,No,No,One year,No,Credit card (automatic),78.64,263.56,No
CUST-02645,Male,0,No,No,52,Yes,Yes,DSL,No,Yes,No,Yes,Yes,No,Two year,Yes,Electronic check,56.74,2926.22,No
CUST-02646,Male,0,No,Yes,4,Yes,No,DSL,Yes,Yes,Yes,Yes,No,No,Month-to-month,No,Electronic check,56.95,178.88,Yes
CUST-02647,Female,0,Yes,Yes,4,No,No phone service,Fiber optic,No,No,Yes,No,Yes,No,One year,Yes,Credit card (automatic),72.2,280.86,No
CUST-02648,Female,0,No,Yes,0,No,No phone service,Fiber optic,No,Yes,No,No,No,Yes,Month-to-month,No,Mailed check,82.87,18.0,No
CUST-02649,Female,1,Yes,No,51,Yes,Yes,Fiber optic,No,No,No,No,Yes,No,Month-to-month,Yes,Electronic check,75.31,3810.88,Yes
CUST-02650,Male,0,No,No,7,Yes,Yes,Fiber optic,Yes,No,Yes,No,Yes,Yes,One year,No,Electronic check,69.19,406.56,No
CUST-02651,Female,0,Yes,Yes,37,Yes,Yes,Fiber optic,No,No,No,No,No,Yes,One year,Yes,Mailed check,65.68,2489.82,No
CUST-02652,Female,0,No,No,43,Yes,No,Fiber optic,Yes,No,No,Yes,No,Yes,Month-to-month,Yes,Bank transfer (automatic),66.4,2847.3,No
CUST-02653,Female,0,No,No,51,No,No phone service,No,No internet service,No internet service,No internet service,No internet service,No internet service,No internet service,Month-to-month,Yes,Electronic check,29.24,1546.88,No
CUST-02654,Male,1,No,Yes,61,Yes,No,No,No internet service,No internet service,No internet service,No internet service,No internet service,No internet service,Month-to-month,No,Mailed check,32.11,1951.81,No
CUST-02655,Female,0,No,Yes,36,Yes,No,Fiber optic,Yes,Yes,No,No,No,No,Month-to-month,No,Electronic check,72.95,2675.0,Yes
CUST-02656,Female,0,No,No,50,Yes,Yes,DSL,Yes,No,No,No,Yes,Yes,Two year,Yes,Mailed check,52.61,2653.23,No
CUST-02657,Male,0,No,No,51,Yes,Yes,No,No internet service,No internet service,No internet service,No internet service,No internet service,No internet service,Month-to-month,Yes,Credit card (automatic),56.92,2957.3,No
CUST-02658,Male,0,No,No,40,No,No phone service,DSL,Yes,No,No,Yes,No,No,One year,Yes,Mailed check,52.59,2138.48,No
CUST-02659,Female,0,Yes,Yes,2,Yes,Yes,No,No internet service,No internet service,No internet service,No internet service,No internet service,No internet service,Two year,Yes,Mailed check,39.77,71.89,No
CUST-02660,Male,0,No,No,70,Yes,Yes,Fiber optic,No,No,Yes,No,No,No,Month-to-month,Yes,Credit card (automatic),91.01,6370.41,No
CUST-02661,Male,0,Yes,Yes,32,No,No phone service,Fiber optic,No,Yes,Yes,No,No,No,Month-to-month,No,Bank transfer (automatic),67.03,2230.87,Yes
CUST-02662,Female,0,No,No,62,Yes,No,Fiber optic,Yes,No,Yes,No,No,No,Two year,No,Bank transfer (automatic),72.94,4508.29,No
CUST-02663,Male,0,No,No,51,Yes,Yes,Fiber optic,No,No,No,No,No,No,Two year,Yes,Electronic check,57.87,2973.51,No
CUST-02664,Male,0,Yes,No,72,Yes,Yes,DSL,No,No,Yes,No,Yes,No,Two year,No,Mailed check,55.55,4025.6,No
CUST-02665,Male,0,No,Yes,0,Yes,No,DSL,No,No,No,No,No,No,Month-to-month,No,Credit card (automatic),65.67,34.35,No
CUST-02666,Female,0,Yes,Yes,37,Yes,No,DSL,No,No,No,No,Yes,No,One year,Yes,Electronic check,54.63,2011.68,No
CUST-02667,Male,0,No,No,72,Yes,Yes,DSL,No,No,No,No,Yes,Yes,Two year,No,Electronic check,52.31,3818.12,No
CUST-02668,Female,0,No,Yes,72,No,No phone service,Fiber optic,Yes,No,No,No,Yes,No,Month-to-month,Yes,Electronic check,76.85,5535.84,Yes
CUST-02669,Male,0,No,No,2,Yes,No,No,No internet service,No internet service,No internet service,No internet service,No internet service,No internet service,Two year,Yes,Bank transfer (automatic),49.0,18.0,No
CUST-02670,Female,0,No,Yes,12,Yes,Yes,DSL,No,No,Yes,No,No,No,Month-to-month,Yes,Mailed check,67.1,809.07,No
CUST-02671,Female,0,Yes,Yes,32,Yes,Yes,Fiber optic,No,No,No,Yes,No,No,Month-to-month,Yes,Credit card (automatic),73.53,2370.67,Yes
CUST-02672,Female,0,Yes,No,20,No,No phone service,DSL,No,Yes,No,No,No,No,Month-to-month,Yes,Mailed check,56.95,1123.37,Yes
CUST-02673,Female,0,No,Yes,37,Yes,Yes,Fiber optic,Yes,No,Yes,Yes,Yes,No,Two year,Yes,Bank transfer (automatic),67.81,2509.92,No
CUST-02674,Male,0,Yes,No,5,No,No phone service,Fiber optic,No,Yes,No,No,No,No,One year,Yes,Bank transfer (automatic),69.8,355.42,No
CUST-02675,Female,0,Yes,No,46,Yes,No,Fiber optic,No,No,No,No,Yes,No,Two year,Yes,Bank transfer (automatic),68.47,3204.7,No
CUST-02676,Female,0,Yes,Yes,29,Yes,No,DSL,No,No,No,Yes,Yes,No,Two year,No,Credit card (automatic),61.45,1803.12,No
CUST-02677,Female,0,Yes,No,15,Yes,No,DSL,No,No,No,No,No,Yes,One year,No,Electronic check,46.48,777.47,No
CUST-02678,Female,1,No,No,66,Yes,No,DSL,No,Yes,No,No,No,No,Month-to-month,Yes,Electronic check,51.75,3369.61,No
CUST-02679,Female,0,Yes,No,39,Yes,No,No,No internet service,No internet service,No internet service,No internet service,No internet service,No internet service,Two year,Yes,Bank transfer (automatic),66.61,2564.27,No
CUST-02680,Male,0,Yes,No,10,Yes,No,Fiber optic,Yes,No,No,No,No,Yes,One year,No,Mailed check,65.46,687.03,No
CUST-02681,Male,0,No,No,15,Yes,No,Fiber optic,No,Yes,Yes,No,No,No,Month-to-month,Yes,Mailed check,33.21,530.94,Yes
CUST-02682,Male,0,No,No,57,Yes,No,DSL,No,Yes,No,No,Yes,Yes,Month-to-month,Yes,Electronic check,77.32,4454.89,No
CUST-02683,Male,0,Yes,No,4,Yes,No,Fiber optic,No,Yes,Yes,No,Yes,No,Month-to-month,No,Electronic check,70.08,264.29,Yes
CUST-02684,Female,0,No,No,1,Yes,No,Fiber optic,No,Yes,Yes,No,Yes,No,Two year,Yes,Credit card (automatic),61.75,21.01,No
CUST-02685,Female,0,Yes,No,61,Yes,No,DSL,No,Yes,No,No,No,No,Two year,Yes,Mailed check,53.88,3271.12,No
CUST-02686,Male,0,No,Yes,32,Yes,No,Fiber optic,No,No,No,No,Yes,Yes,Month-to-month,Yes,Bank transfer (automatic),69.51,2108.58,No
CUST-02687,Male,0,Yes,Yes,63,Yes,Yes,DSL,No,No,No,No,Yes,No,Two year,No,Electronic check,77.22,4910.08,No
CUST-02688,Female,1,Yes,Yes,54,Yes,Yes,DSL,No,Yes,Yes,No,No,No,Month-to-month,No,Mailed check,41.95,2236.39,Yes
CUST-02689,Female,0,Yes,Yes,62,Yes,No,Fiber optic,No,No,No,Yes,No,Yes,Month-to-month,Yes,Electronic check,62.93,3859.12,No
CUST-02690,Female,0,No,No,9,Yes,Yes,No,No internet service,No internet service,No internet service,No internet service,No internet service,No internet service,One year,No,Mailed check,42.44,388.59,No
CUST-02691,Female,0,Yes,No,2,Yes,Yes,DSL,No,Yes,No,Yes,Yes,No,Two year,No,Electronic check,33.03,132.42,Yes
CUST-02692,Female,0,Yes,Yes,25,Yes,Yes,DSL,No,Yes,No,No,Yes,No,Month-to-month,Yes,Credit card (automatic),51.57,1319.55,No
CUST-02693,Female,0,No,No,52,Yes,Yes,DSL,No,No,No,Yes,No,No,Month-to-month,Yes,Electronic check,68.31,3537.97,No
CUST-02694,Male,0,Yes,No,22,Yes,No,No,No internet service,No internet service,No internet service,No internet service,No internet service,No internet service,Two year,No,Credit card (automatic),49.57,1121.22,No
CUST-02695,Female,0,No,No,3,Yes,No,DSL,Yes,No,Yes,No,Yes,No,Month-to-month,No,Electronic check,60.85,205.1,No
CUST-02696,Male,0,Yes,No,50,No,No phone service,No,No internet service,No internet service,No internet service,No internet service,No internet service,No internet service,Two year,No,Credit card (automatic),36.12,1886.8,No
CUST-02697,Male,0,Yes,No,68,Yes,No,DSL,No,Yes,No,No,No,No,Month-to-month,Yes,Credit card (automatic),28.38,1984.07,No
CUST-02698,Male,0,Yes,No,17,No,No phone service,DSL,No,No,Yes,No,No,No,One year,Yes,Bank transfer (automatic),62.11,1040.1,No
CUST-02699,Male,0,Yes,Yes,0,Yes,No,Fiber optic,No,No,Yes,Yes,No,No,Month-to-month,Yes,Bank transfer (automatic),49.87,18.0,No
CUST-02700,Male,0,Yes,Yes,7,No,No phone service,Fiber optic,No,No,No,Yes,Yes,Yes,Month-to-month,No,Mailed check,52.36,377.11,No
CUST-02701,Female,0,No,No,3,Yes,No,Fiber optic,No,No,Yes,No,No,No,Two year,Yes,Credit card (automatic),56.76,75.26,No
CUST-02702,Female,0,No,Yes,17,Yes,No,Fiber optic,No,No,No,No,No,No,One year,No,Electronic check,58.41,840.88,No
CUST-02703,Male,0,Yes,Yes,20,Yes,Yes,No,No internet service,No internet service,No internet service,No internet service,No internet service,No internet service,Two year,Yes,Electronic check,28.5,576.82,No
CUST-02704,Female,0,Yes,Yes,35,Yes,No,Fiber optic,No,Yes,No,No,Yes,Yes,Month-to-month,No,Bank transfer (automatic),63.52,2262.15,Yes
CUST-02705,Male,0,No,No,38,Yes,No,No,No internet service,No internet service,No internet service,No internet service,No internet service,No internet service,Month-to-month,Yes,Bank transfer (automatic),76.97,3064.01,No
CUST-02706,Male,0,Yes,No,72,Yes,Yes,No,No internet service,No internet service,No internet service,No internet service,No internet service,No internet service,Month-to-month,Yes,Electronic check,44.32,3184.19,No
CUST-02707,Female,0,No,No,50,Yes,Yes,Fiber optic,Yes,Yes,Yes,No,Yes,Yes,Two year,Yes,Mailed check,58.25,2899.82,No
CUST-02708,Male,0,No,No,4,Yes,No,Fiber optic,Yes,No,No,No,Yes,Yes,Two year,No,Bank transfer (automatic),75.39,361.76,No
CUST-02709,Female,1,Yes,No,56,Yes,Yes,Fiber optic,No,Yes,No,No,No,No,Two year,No,Mailed check,88.16,4884.47,No
CUST-02710,Female,0,No,No,15,Yes,No,Fiber optic,Yes,Yes,Yes,No,No,No,Two year,No,Electronic check,42.03,724.59,No
CUST-02711,Male,0,No,No,18,No,No phone service,Fiber optic,No,Yes,Yes,Yes,No,No,One year,No,Electronic check,61.32,1058.37,No
CUST-02712,Male,0,No,Yes,32,Yes,Yes,Fiber optic,No,No,No,No,Yes,Yes,One year,Yes,Mailed check,71.18,2299.33,No
CUST-02713,Female,0,No,Yes,6,Yes,No,Fiber optic,No,No,No,Yes,No,Yes,Month-to-month,No,Mailed check,80.37,487.5,Yes
CUST-02714,Female,0,Yes,No,1,Yes,No,DSL,No,Yes,No,No,Yes,Yes,Two year,Yes,Bank transfer (automatic),47.95,18.0,No
CUST-02715,Female,0,No,No,26,Yes,No,No,No internet service,No internet service,No internet service,No internet service,No internet service,No internet service,Month-to-month,Yes,Credit card (automatic),25.24,635.92,Yes
CUST-02716,Male,0,Yes,No,4,Yes,No,DSL,No,No,No,No,No,Yes,Month-to-month,No,Electronic check,61.48,196.47,Yes
CUST-02717,Male,0,Yes,No,2,Yes,Yes,DSL,Yes,No,Yes,No,Yes,No,Month-to-month,Yes,Electronic check,39.9,55.82,Yes
CUST-02718,Female,0,No,No,4,Yes,No,DSL,No,Yes,Yes,No,No,Yes,Month-to-month,Yes,Bank transfer (automatic),18.0,127.42,Yes
CUST-02719,Female,0,Yes,Yes,28,Yes,Yes,Fiber optic,No,Yes,No,No,No,Yes,Month-to-month,Yes,Mailed check,65.32,1736.23,Yes
CUST-02720,Male,0,No,No,6,Yes,Yes,DSL,No,Yes,No,Yes,No,No,Month-to-month,Yes,Electronic check,64.45,285.29,No
CUST-02721,Female,0,No,No,0,Yes,Yes,No,No internet service,No internet service,No internet service,No internet service,No internet service,No internet service,Month-to-month,Yes,Electronic check,41.78,18.0,Yes
CUST-02722,Female,0,No,No,1,Yes,No,Fiber optic,Yes,No,No,Yes,No,Yes,Month-to-month,No,Electronic check,107.99,43.89,No
CUST-02723,Male,0,No,Yes,2,Yes,No,No,No internet service,No internet service,No internet service,No internet service,No internet service,No internet service,Month-to-month,Yes,Bank transfer (automatic),51.88,141.24,No
CUST-02724,Male,0,No,Yes,10,Yes,Yes,DSL,Yes,No,Yes,Yes,Yes,No,Month-to-month,Yes,Bank transfer (automatic),53.87,537.31,No
CUST-02725,Female,1,No,No,9,No,No phone service,Fiber optic,No,No,No,No,No,Yes,Month-to-month,Yes,Bank transfer (automatic),96.6,914.71,No
CUST-02726,Female,1,No,Yes,60,Yes,No,Fiber optic,No,Yes,No,Yes,No,No,Month-to-month,Yes,Electronic check,110.33,6529.84,No
CUST-02727,Male,0,No,Yes,3,Yes,No,DSL,Yes,Yes,Yes,No,No,No,Month-to-month,No,Electronic check,71.54,224.21,No
CUST-02728,Male,0,No,No,0,No,No phone service,Fiber optic,No,Yes,No,No,No,No,Two year,Yes,Credit card (automatic),56.29,132.47,No
CUST-02729,Female,0,Yes,No,8,Yes,Yes,Fiber optic,No,No,No,Yes,No,Yes,Month-to-month,No,Electronic check,82.16,691.21,No
CUST-02730,Male,0,Yes,Yes,34,Yes,Yes,Fiber optic,No,No,No,Yes,No,No,Month-to-month,No,Bank transfer (automatic),81.15,2790.52,No
CUST-02731,Female,0,Yes,No,72,No,No phone service,No,No internet service,No internet service,No internet service,No internet service,No internet service,No internet service,Two year,No,Electronic check,18.0,1345.89,No
CUST-02732,Female,0,Yes,Yes,54,Yes,Yes,Fiber optic,Yes,Yes,Yes,No,Yes,Yes,Month-to-month,No,Bank transfer (automatic),51.8,2771.14,No
CUST-02733,Female,1,Yes,No,46,Yes,Yes,DSL,Yes,No,No,No,Yes,No,Two year,Yes,Electronic check,65.46,2987.87,No
CUST-02734,Male,1,No,No,56,Yes,Yes,No,No internet service,No internet service,No internet service,No internet service,No internet service,No internet service,Month-to-month,Yes,Mailed check,43.4,2368.9,Yes
CUST-02735,Male,0,No,No,56,No,No phone service,No,No internet service,No internet service,No internet service,No internet service,No internet service,No internet service,Month-to-month,Yes,Electronic check,52.77,2964.86,No
CUST-02736,Male,0,No,Yes,17,Yes,No,Fiber optic,Yes,Yes,No,No,No,Yes,Two year,No,Mailed check,77.16,1441.93,No
CUST-02737,Female,0,No,No,72,Yes,No,DSL,No,Yes,No,Yes,Yes,No,One year,Yes,Credit card (automatic),42.56,3096.67,Yes
CUST-02738,Male,0,No,No,39,Yes,Yes,DSL,No,Yes,No,Yes,Yes,Yes,Month-to-month,Yes,Electronic check,49.62,1857.13,No
CUST-02739,Male,1,No,No,44,Yes,Yes,Fiber optic,No,No,No,Yes,No,No,Month-to-month,Yes,Electronic check,70.09,3051.45,No
CUST-02740,Male,0,No,No,26,Yes,No,DSL,No,No,No,No,No,No,Two year,No,Electronic check,64.56,1713.9,No
CUST-02741,Male,0,Yes,Yes,29,No,No phone service,DSL,No,No,No,No,No,No,Two year,Yes,Electronic check,72.85,2126.7,No
CUST-02742,Male,0,No,Yes,7,Yes,No,Fiber optic,Yes,No,No,No,No,Yes,Month-to-month,No,Bank transfer (automatic),42.89,290.86,No
CUST-02743,Female,0,Yes,No,72,Yes,No,No,No internet service,No internet service,No internet service,No internet service,No internet service,No internet service,Month-to-month,Yes,Electronic check,18.0,1258.49,No
CUST-02744,Female,0,Yes,No,28,No,No phone service,Fiber optic,No,No,Yes,No,No,No,Two year,No,Credit card (automatic),55.85,1506.58,Yes
CUST-02745,Male,0,Yes,No,2,Yes,No,Fiber optic,Yes,Yes,Yes,No,No,No,Month-to-month,Yes,Electronic check,92.63,114.67,Yes
CUST-02746,Male,0,No,Yes,45,Yes,No,Fiber optic,No,No,No,No,No,No,One year,Yes,Electronic check,61.85,2858.14,No
CUST-02747,Male,0,No,Yes,39,Yes,Yes,No,No internet service,No internet service,No internet service,No internet service,No internet service,No internet service,Month-to-month,Yes,Credit card (automatic),77.4,3031.5,Yes
CUST-02748,Female,0,Yes,Yes,71,No,No phone service,DSL,Yes,No,No,No,No,No,Month-to-month,Yes,Bank transfer (automatic),40.22,2907.75,No
CUST-02749,Male,0,No,Yes,45,No,No phone service,DSL,No,No,No,No,Yes,No,Month-to-month,No,Mailed check,33.53,1517.76,Yes
CUST-02750,Female,0,Yes,No,72,Yes,No,DSL,No,No,No,No,Yes,No,Two year,No,Electronic check,46.35,3347.69,No
CUST-02751,Male,0,Yes,Yes,33,Yes,Yes,DSL,No,Yes,No,No,Yes,No,Two year,No,Bank transfer (automatic),44.89,1473.43,No
CUST-02752,Male,0,Yes,No,68,Yes,Yes,DSL,Yes,Yes,Yes,No,No,Yes,Month-to-month,Yes,Bank transfer (automatic),45.3,3060.99,No
CUST-02753,Female,0,Yes,Yes,24,Yes,No,Fiber optic,No,Yes,No,Yes,No,No,Two year,No,Credit card (automatic),67.24,1551.26,No
CUST-02754,Female,0,No,No,56,Yes,Yes,DSL,No,Yes,No,Yes,Yes,No,Month-to-month,Yes,Credit card (automatic),60.0,3324.44,No
CUST-02755,Female,0,Yes,No,42,Yes,Yes,No,No internet service,No internet service,No internet service,No internet service,No internet service,No internet service,Month-to-month,Yes,Bank transfer (automatic),29.86,1171.38,No
CUST-02756,Female,0,Yes,Yes,0,Yes,No,DSL,Yes,No,No,No,Yes,No,Month-to-month,Yes,Electronic check,64.74,18.0,No
CUST-02757,Female,0,Yes,Yes,5,Yes,Yes,No,No internet service,No internet service,No internet service,No internet service,No internet service,No internet service,Month-to-month,Yes,Credit card (automatic),35.08,177.01,No
CUST-02758,Female,0,No,No,60,Yes,Yes,DSL,No,No,No,No,Yes,No,Month-to-month,No,Electronic check,66.97,3995.73,No
CUST-02759,Male,0,No,Yes,0,Yes,Yes,DSL,No,No,No,No,No,No,Two year,No,Bank transfer (automatic),57.73,18.0,No
CUST-02760,Male,0,No,Yes,26,No,No phone service,Fiber optic,Yes,Yes,No,No,Yes,No,Two year,No,Electronic check,82.21,2197.84,No
CUST-02761,Male,0,No,No,49,Yes,Yes,No,No internet service,No internet service,No internet service,No internet service,No internet service,No internet service,One year,Yes,Mailed check,45.87,2283.01,No
CUST-02762,Male,0,No,No,61,Yes,No,DSL,No,No,Yes,No,No,Yes,Month-to-month,Yes,Electronic check,47.75,2924.54,No
CUST-02763,Male,0,Yes,No,71,Yes,No,No,No internet service,No internet service,No internet service,No internet service,No internet service,No internet service,Month-to-month,No,Credit card (automatic),47.78,3327.41,Yes
CUST-02764,Male,0,Yes,Yes,1,Yes,Yes,Fiber optic,No,No,Yes,No,No,No,One year,Yes,Electronic check,110.74,54.31,No
CUST-02765,Male,0,No,Yes,38,Yes,No,Fiber optic,Yes,No,Yes,Yes,Yes,No,Month-to-month,Yes,Bank transfer (automatic),61.54,2305.21,No
CUST-02766,Female,1,Yes,No,45,No,No phone service,Fiber optic,No,No,No,Yes,No,No,Month-to-month,No,Electronic check,77.06,3429.74,No
CUST-02767,Male,0,Yes,No,11,Yes,Yes,Fiber optic,No,Yes,No,No,No,No,Two year,Yes,Credit card (automatic),79.37,770.44,No
CUST-02768,Female,1,Yes,Yes,8,Yes,No,DSL,No,No,Yes,No,No,No,Two year,Yes,Credit card (automatic),90.99,804.13,No
CUST-02769,Male,0,Yes,No,40,Yes,No,DSL,No,No,No,No,No,No,Month-to-month,Yes,Credit card (automatic),74.78,3002.87,No
CUST-02770,Female,1,No,No,4,Yes,Yes,DSL,No,No,Yes,No,No,No,Month-to-month,Yes,Bank transfer (automatic),23.81,125.31,Yes
CUST-02771,Female,1,Yes,No,4,Yes,No,Fiber optic,No,No,Yes,No,Yes,No,Two year,Yes,Mailed check,68.32,254.72,No
CUST-02772,Male,1,Yes,No,27,Yes,Yes,DSL,No,No,No,Yes,No,Yes,Month-to-month,No,Bank transfer (automatic),29.36,807.18,Yes
CUST-02773,Male,0,No,No,31,Yes,No,DSL,Yes,No,Yes,No,Yes,Yes,One year,Yes,Electronic check,64.18,1984.24,No
CUST-02774,Female,0,No,No,41,Yes,No,DSL,Yes,No,Yes,No,No,Yes,Two year,Yes,Electronic check,60.69,2539.09,No
CUST-02775,Female,0,Yes,Yes,15,Yes,No,Fiber optic,No,Yes,No,Yes,Yes,Yes,Month-to-month,Yes,Mailed check,58.36,911.66,No
CUST-02776,Male,0,Yes,No,36,Yes,No,Fiber optic,No,No,No,No,No,No,Two year,Yes,Mailed check,72.86,2609.83,No
CUST-02777,Female,0,Yes,No,24,Yes,No,Fiber optic,No,Yes,Yes,No,No,Yes,Two year,Yes,Credit card (automatic),77.94,1799.6,No
CUST-02778,Female,1,Yes,No,72,Yes,No,No,No internet service,No internet service,No internet service,No internet service,No internet service,No internet service,Month-to-month,Yes,Bank transfer (automatic),36.8,2589.17,No
CUST-02779,Male,0,Yes,No,12,No,No phone service,No,No internet service,No internet service,No internet service,No internet service,No internet service,No internet service,Two year,No,Credit card (automatic),29.47,327.78,No
CUST-02780,Male,0,Yes,Yes,3,Yes,No,DSL,No,Yes,Yes,Yes,Yes,No,Two year,No,Electronic check,41.92,130.47,No
CUST-02781,Male,0,No,No,6,Yes,No,Fiber optic,Yes,Yes,No,No,Yes,Yes,Month-to-month,No,Bank transfer (automatic),83.11,439.02,No
CUST-02782,Female,0,No,No,45,Yes,No,Fiber optic,No,Yes,No,No,No,Yes,One year,No,Mailed check,73.33,3284.95,No
CUST-02783,Female,0,No,No,10,Yes,No,DSL,No,Yes,Yes,No,Yes,Yes,Month-to-month,No,Electronic check,72.61,775.4,Yes
CUST-02784,Female,0,No,No,72,No,No phone service,DSL,No,Yes,Yes,No,No,No,Two year,No,Electronic check,29.08,2136.81,No
CUST-02785,Female,0,No,Yes,0,Yes,No,No,No internet service,No internet service,No internet service,No internet service,No internet service,No internet service,Two year,No,Credit card (automatic),58.19,18.0,No
CUST-02786,Male,1,No,No,30,Yes,Yes,Fiber optic,No,No,No,No,No,Yes,Two year,No,Electronic check,91.05,2730.69,No
CUST-02787,Male,0,No,No,46,Yes,Yes,Fiber optic,No,No,No,No,Yes,Yes,One year,Yes,Electronic check,103.63,4826.59,Yes
CUST-02788,Male,0,No,No,72,Yes,Yes,Fiber optic,No,Yes,No,No,Yes,No,One year,Yes,Bank transfer (automatic),67.94,4961.38,Yes
CUST-02789,Male,0,No,Yes,37,Yes,Yes,No,No internet service,No internet service,No internet service,No internet service,No internet service,No internet service,Two year,No,Electronic check,47.28,1764.85,No
CUST-02790,Female,1,No,No,36,Yes,Yes,No,No internet service,No internet service,No internet service,No internet service,No internet service,No internet service,Month-to-month,Yes,Bank transfer (automatic),56.61,2080.81,No
CUST-02791,Female,1,No,Yes,42,Yes,No,No,No internet service,No internet service,No internet service,No internet service,No internet service,No internet service,Month-to-month,Yes,Mailed check,44.43,1910.8,No
CUST-02792,Male,0,Yes,No,38,Yes,Yes,DSL,Yes,Yes,No,No,Yes,No,Month-to-month,No,Bank transfer (automatic),44.43,1676.87,No
CUST-02793,Female,0,Yes,Yes,26,Yes,Yes,Fiber optic,Yes,Yes,Yes,Yes,Yes,No,Two year,Yes,Mailed check,41.04,1037.78,No
CUST-02794,Female,0,Yes,No,2,Yes,Yes,DSL,No,Yes,Yes,No,Yes,No,Month-to-month,No,Bank transfer (automatic),48.82,141.19,No
CUST-02795,Male,0,Yes,Yes,3,Yes,Yes,No,No internet service,No internet service,No internet service,No internet service,No internet service,No internet service,Month-to-month,Yes,Bank transfer (automatic),66.7,267.89,No
CUST-02796,Female,0,Yes,Yes,72,Yes,No,DSL,No,Yes,Yes,No,Yes,No,Two year,Yes,Bank transfer (automatic),59.32,4240.7,No
CUST-02797,Female,0,Yes,No,23,Yes,No,Fiber optic,No,No,No,Yes,Yes,No,Month-to-month,Yes,Credit card (automatic),51.03,1138.81,No
CUST-02798,Female,0,Yes,No,45,Yes,No,No,No internet service,No internet service,No internet service,No internet service,No internet service,No internet service,Month-to-month,No,Bank transfer (automatic),45.85,2037.24,No
CUST-02799,Female,0,No,No,1,No,No phone service,Fiber optic,No,Yes,No,Yes,No,No,Two year,Yes,Electronic check,74.28,18.0,No
CUST-02800,Male,0,Yes,No,6,No,No phone service,DSL,No,Yes,No,Yes,No,Yes,Month-to-month,Yes,Bank transfer (automatic),70.78,339.86,Yes
CUST-02801,Female,1,Yes,No,36,No,No phone service,DSL,No,No,Yes,No,No,No,One year,Yes,Electronic check,43.56,1493.83,No
CUST-02802,Male,0,Yes,No,61,Yes,No,Fiber optic,Yes,Yes,Yes,No,No,Yes,Month-to-month,No,Mailed check,64.38,3916.09,No
CUST-02803,Female,0,Yes,Yes,0,Yes,No,Fiber optic,No,No,No,Yes,Yes,No,Month-to-month,Yes,Electronic check,42.8,18.0,Yes
CUST-02804,Male,0,No,Yes,48,Yes,No,Fiber optic,No,No,No,No,No,No,Month-to-month,No,Bank transfer (automatic),72.1,3427.94,No
CUST-02805,Male,1,No,No,35,Yes,No,DSL,No,No,Yes,Yes,Yes,Yes,One year,Yes,Mailed check,22.44,772.74,No
CUST-02806,Female,0,Yes,No,1,No,No phone service,Fiber optic,Yes,No,No,No,No,No,One year,Yes,Electronic check,60.15,127.59,No
CUST-02807,Male,0,No,Yes,1,Yes,No,Fiber optic,No,Yes,No,No,No,No,Month-to-month,Yes,Bank transfer (automatic),65.59,76.72,No
CUST-02808,Male,0,Yes,No,3,Yes,No,No,No internet service,No internet service,No internet service,No internet service,No internet service,No internet service,Month-to-month,Yes,Credit card (automatic),70.6,206.58,No
CUST-02809,Female,0,No,No,6,Yes,No,Fiber optic,No,Yes,No,No,No,No,Two year,No,Electronic check,92.31,580.58,No
CUST-02810,Male,1,No,No,23,Yes,Yes,No,No internet service,No internet service,No internet service,No internet service,No internet service,No internet service,Month-to-month,Yes,Credit card (automatic),30.73,667.69,Yes
CUST-02811,Female,0,No,Yes,1,Yes,No,DSL,No,No,Yes,Yes,No,No,Month-to-month,No,Bank transfer (automatic),45.83,43.24,No
CUST-02812,Male,0,Yes,No,35,Yes,No,No,No internet service,No internet service,No internet service,No internet service,No internet service,No internet service,Month-to-month,Yes,Mailed check,18.0,587.13,Yes
CUST-02813,Male,0,No,No,11,Yes,No,No,No internet service,No internet service,No internet service,No internet service,No internet service,No internet service,Two year,Yes,Bank transfer (automatic),30.37,239.93,No
CUST-02814,Female,0,No,No,0,No,No phone service,Fiber optic,Yes,No,No,No,No,Yes,Two year,Yes,Credit card (automatic),51.85,18.0,No
CUST-02815,Male,0,No,No,0,Yes,No,No,No internet service,No internet service,No internet service,No internet service,No internet service,No internet service,Month-to-month,Yes,Mailed check,49.91,18.0,No
CUST-02816,Male,0,Yes,Yes,1,Yes,No,Fiber optic,No,No,No,No,Yes,Yes,Month-to-month,No,Electronic check,77.46,52.67,No
CUST-02817,Female,0,Yes,No,3,Yes,No,No,No internet service,No internet service,No internet service,No internet service,No internet service,No internet service,Month-to-month,Yes,Electronic check,28.85,142.11,No
CUST-02818,Female,0,Yes,No,72,Yes,No,Fiber optic,Yes,Yes,Yes,No,No,No,Two year,Yes,Credit card (automatic),85.93,6189.08,No
CUST-02819,Male,1,Yes,No,36,Yes,No,No,No internet service,No internet service,No internet service,No internet service,No internet service,No internet service,One year,Yes,Credit card (automatic),73.88,2688.16,No
CUST-02820,Female,1,No,No,60,Yes,Yes,DSL,No,Yes,No,No,No,No,Two year,Yes,Bank transfer (automatic),43.79,2560.81,No
CUST-02821,Female,1,Yes,No,8,Yes,No,DSL,No,Yes,No,No,No,No,Month-to-month,Yes,Credit card (automatic),51.37,468.03,No
CUST-02822,Female,0,Yes,Yes,0,Yes,Yes,Fiber optic,No,Yes,No,No,Yes,Yes,Month-to-month,Yes,Credit card (automatic),88.68,21.67,No
CUST-02823,Male,0,No,Yes,0,Yes,No,Fiber optic,No,No,No,No,No,Yes,Month-to-month,Yes,Bank transfer (automatic),68.73,80.51,Yes
CUST-02824,Female,0,No,No,10,Yes,No,DSL,No,No,Yes,No,Yes,No,Month-to-month,Yes,Electronic check,48.56,542.06,Yes
CUST-02825,Female,1,No,No,1,No,No phone service,Fiber optic,No,No,No,No,No,No,Month-to-month,Yes,Electronic check,73.1,18.0,Yes
CUST-02826,Female,0,No,No,8,Yes,No,DSL,Yes,Yes,No,No,No,Yes,Month-to-month,No,Electronic check,59.68,418.89,No
CUST-02827,Male,0,No,No,62,Yes,Yes,No,No internet service,No internet service,No internet service,No internet service,No internet service,No internet service,Month-to-month,No,Mailed check,82.35,5051.4,No
CUST-02828,Female,0,No,No,0,No,No phone service,Fiber optic,No,No,No,No,No,Yes,One year,No,Bank transfer (automatic),60.97,18.0,Yes
CUST-02829,Female,0,Yes,No,41,Yes,Yes,DSL,No,No,Yes,No,No,Yes,Month-to-month,Yes,Credit card (automatic),67.73,2825.55,No
CUST-02830,Male,1,Yes,No,62,Yes,Yes,DSL,Yes,No,No,Yes,No,Yes,One year,Yes,Credit card (automatic),35.93,2214.83,No
CUST-02831,Female,0,No,No,21,Yes,No,No,No internet service,No internet service,No internet service,No internet service,No internet service,No internet service,Month-to-month,Yes,Electronic check,18.0,392.88,Yes
CUST-02832,Female,0,Yes,Yes,72,Yes,No,Fiber optic,No,No,No,No,Yes,No,Month-to-month,No,Bank transfer (automatic),91.65,6552.17,Yes
CUST-02833,Male,0,Yes,No,51,Yes,No,Fiber optic,No,Yes,Yes,No,No,No,Month-to-month,No,Mailed check,72.28,3652.13,No
CUST-02834,Female,0,No,No,11,Yes,No,No,No internet service,No internet service,No internet service,No internet service,No internet service,No internet service,One year,Yes,Credit card (automatic),54.62,621.66,No
CUST-02835,Male,0,Yes,No,0,No,No phone service,No,No internet service,No internet service,No internet service,No internet service,No internet service,No internet service,Month-to-month,Yes,Electronic check,52.6,46.08,No
CUST-02836,Female,1,Yes,No,39,Yes,No,DSL,No,No,No,No,No,Yes,One year,No,Mailed check,65.73,2589.64,No
CUST-02837,Female,0,Yes,Yes,26,Yes,No,Fiber optic,Yes,No,Yes,No,No,No,Month-to-month,Yes,Mailed check,67.06,1709.35,No
CUST-02838,Female,0,Yes,No,69,Yes,Yes,No,No internet service,No internet service,No internet service,No internet service,No internet service,No internet service,Two year,Yes,Mailed check,53.94,3684.01,No
CUST-02839,Male,0,No,Yes,3,Yes,No,DSL,No,Yes,No,No,Yes,No,Month-to-month,Yes,Bank transfer (automatic),77.63,199.57,Yes
CUST-02840,Female,0,Yes,Yes,0,Yes,No,Fiber optic,No,No,No,No,No,Yes,Two year,No,Bank transfer (automatic),74.41,18.0,Yes
CUST-02841,Male,0,No,No,1,Yes,No,Fiber optic,No,No,Yes,No,No,No,One year,No,Electronic check,89.85,171.42,Yes
CUST-02842,Female,0,Yes,No,0,Yes,No,DSL,No,Yes,No,No,Yes,No,One year,No,Electronic check,49.33,18.0,No
CUST-02843,Female,1,No,No,2,Yes,Yes,Fiber optic,Yes,No,No,No,No,Yes,Month-to-month,No,Mailed check,63.31,130.47,No
CUST-02844,Male,0,Yes,No,4,Yes,No,DSL,Yes,Yes,No,Yes,Yes,No,Month-to-month,No,Bank transfer (automatic),70.41,332.31,No
CUST-02845,Male,0,Yes,Yes,51,No,No phone service,DSL,No,No,Yes,No,No,Yes,Two year,No,Credit card (automatic),51.58,2658.58,No
CUST-02846,Male,0,No,No,56,No,No phone service,DSL,No,No,No,No,Yes,Yes,Two year,No,Electronic check,51.17,2899.11,No
CUST-02847,Female,0,Yes,Yes,42,Yes,No,Fiber optic,No,Yes,Yes,No,No,No,Month-to-month,Yes,Electronic check,57.0,2394.52,No
CUST-02848,Male,0,No,No,72,Yes,No,Fiber optic,Yes,Yes,No,Yes,Yes,No,Month-to-month,Yes,Credit card (automatic),45.76,3314.85,No
CUST-02849,Male,1,Yes,No,0,No,No phone service,No,No internet service,No internet service,No internet service,No internet service,No internet service,No internet service,Month-to-month,Yes,Mailed check,53.55,18.0,No
CUST-02850,Male,0,Yes,No,0,Yes,Yes,No,No internet service,No internet service,No internet service,No internet service,No internet service,No internet service,Month-to-month,Yes,Electronic check,43.32,18.0,Yes
CUST-02851,Male,1,Yes,No,54,Yes,Yes,No,No internet service,No internet service,No internet service,No internet service,No internet service,No internet service,One year,Yes,Electronic check,50.28,2665.18,No
CUST-02852,Male,0,No,No,50,No,No phone service,Fiber optic,Yes,Yes,Yes,No,Yes,Yes,Month-to-month,Yes,Mailed check,65.11,3234.52,No
CUST-02853,Male,0,Yes,No,32,Yes,No,DSL,No,No,No,Yes,No,Yes,One year,No,Credit card (automatic),44.12,1376.9,No
CUST-02854,Male,0,Yes,No,5,Yes,Yes,Fiber optic,Yes,Yes,Yes,No,Yes,Yes,Month-to-month,Yes,Mailed check,70.95,319.81,Yes
CUST-02855,Female,0,No,No,1,Yes,No,Fiber optic,Yes,Yes,Yes,No,No,Yes,Month-to-month,No,Mailed check,65.15,166.23,No
CUST-02856,Male,1,Yes,No,24,Yes,No,No,No internet service,No internet service,No internet service,No internet service,No internet service,No internet service,Month-to-month,No,Bank transfer (automatic),55.22,1341.14,Yes
CUST-02857,Female,0,No,Yes,30,Yes,Yes,Fiber optic,No,Yes,No,No,Yes,No,Two year,Yes,Electronic check,69.4,2142.1,No
CUST-02858,Female,0,No,No,10,Yes,Yes,Fiber optic,Yes,No,No,No,No,No,Month-to-month,Yes,Electronic check,81.91,706.25,Yes
CUST-02859,Female,0,No,No,36,Yes,No,No,No internet service,No internet service,No internet service,No internet service,No internet service,No internet service,One year,No,Electronic check,78.58,2915.73,No
CUST-02860,Male,1,Yes,Yes,64,No,No phone service,Fiber optic,No,No,No,Yes,No,Yes,Month-to-month,Yes,Mailed check,75.71,4790.83,No
CUST-02861,Male,0,Yes,No,1,Yes,No,Fiber optic,No,No,No,Yes,Yes,No,One year,Yes,Credit card (automatic),90.66,170.34,No
CUST-02862,Female,0,No,Yes,10,Yes,No,No,No internet service,No internet service,No internet service,No internet service,No internet service,No internet service,Month-to-month,Yes,Mailed check,30.18,272.47,Yes
CUST-02863,Female,0,No,No,0,Yes,Yes,Fiber optic,No,Yes,No,No,No,Yes,Month-to-month,Yes,Credit card (automatic),76.19,18.0,No
CUST-02864,Female,1,Yes,No,48,Yes,Yes,DSL,No,No,No,Yes,No,Yes,Two year,Yes,Bank transfer (automatic),75.3,3643.89,No
CUST-02865,Male,0,No,No,32,Yes,No,No,No internet service,No internet service,No internet service,No internet service,No internet service,No internet service,Month-to-month,No,Mailed check,53.67,1649.46,No
CUST-02866,Male,0,No,No,47,Yes,Yes,No,No internet service,No internet service,No internet service,No internet service,No internet service,No internet service,Month-to-month,Yes,Mailed check,42.88,2003.93,Yes
CUST-02867,Male,1,Yes,No,49,Yes,Yes,DSL,No,No,No,Yes,No,Yes,Month-to-month,Yes,Electronic check,54.18,2579.07,No
CUST-02868,Male,0,Yes,No,34,Yes,No,No,No internet service,No internet service,No internet service,No internet service,No internet service,No internet service,One year,No,Credit card (automatic),32.41,1223.11,No
CUST-02869,Female,0,No,No,5,Yes,No,DSL,Yes,No,Yes,No,No,No,Month-to-month,Yes,Credit card (automatic),49.99,203.53,No
CUST-02870,Male,0,No,No,72,Yes,Yes,No,No internet service,No internet service,No internet service,No internet service,No internet service,No internet service,Two year,No,Electronic check,35.49,2588.11,No
CUST-02871,Male,0,No,No,4,Yes,No,No,No internet service,No internet service,No internet service,No internet service,No internet service,No internet service,One year,Yes,Credit card (automatic),34.59,152.56,No
CUST-02872,Female,0,Yes,No,1,Yes,No,DSL,No,No,Yes,Yes,Yes,No,Two year,No,Electronic check,64.4,93.99,No
CUST-02873,Female,0,Yes,No,7,Yes,No,No,No internet service,No internet service,No internet service,No internet service,No internet service,No internet service,One year,Yes,Electronic check,38.88,250.38,No
CUST-02874,Male,0,Yes,No,6,Yes,No,DSL,No,Yes,Yes,No,No,No,One year,No,Mailed check,63.87,401.28,No
CUST-02875,Male,0,Yes,Yes,72,No,No phone service,No,No internet service,No internet service,No internet service,No internet service,No internet service,No internet service,Two year,Yes,Electronic check,46.23,3431.8,No
CUST-02876,Female,0,No,No,13,Yes,No,Fiber optic,No,Yes,No,No,No,No,One year,Yes,Electronic check,103.43,1341.18,Yes
CUST-02877,Female,0,Yes,No,6,Yes,No,Fiber optic,No,No,Yes,No,Yes,No,Month-to-month,No,Electronic check,66.45,369.39,No
CUST-02878,Female,0,Yes,No,25,Yes,No,No,No internet service,No internet service,No internet service,No internet service,No internet service,No internet service,One year,Yes,Mailed check,54.28,1312.68,No
CUST-02879,Female,0,No,No,62,Yes,No,DSL,No,Yes,No,No,No,No,Month-to-month,Yes,Mailed check,40.47,2520.29,No
CUST-02880,Female,0,Yes,Yes,15,Yes,No,Fiber optic,Yes,Yes,Yes,Yes,No,No,Month-to-month,No,Credit card (automatic),60.75,891.25,No
CUST-02881,Male,0,Yes,No,61,Yes,Yes,Fiber optic,No,No,No,Yes,No,No,Month-to-month,Yes,Mailed check,69.91,4238.09,No
CUST-02882,Male,0,No,No,50,Yes,No,DSL,No,No,No,Yes,No,No,One year,No,Credit card (automatic),53.31,2666.23,No
CUST-02883,Female,0,Yes,Yes,61,Yes,No,DSL,No,Yes,No,No,Yes,No,Month-to-month,No,Bank transfer (automatic),57.19,3448.57,Yes
CUST-02884,Male,0,No,No,56,Yes,Yes,Fiber optic,Yes,No,Yes,No,No,Yes,Month-to-month,Yes,Credit card (automatic),53.58,2999.06,No
CUST-02885,Male,1,Yes,No,72,No,No phone service,DSL,No,No,Yes,No,No,No,One year,Yes,Mailed check,69.38,4950.61,No
CUST-02886,Male,0,Yes,No,59,No,No phone service,Fiber optic,No,Yes,Yes,Yes,No,No,Month-to-month,No,Electronic check,73.83,4409.98,No
CUST-02887,Female,0,No,Yes,37,Yes,Yes,Fiber optic,Yes,No,No,No,No,No,Two year,No,Credit card (automatic),89.22,3235.23,No
CUST-02888,Male,0,Yes,No,0,Yes,No,Fiber optic,Yes,Yes,No,No,No,No,Two year,No,Bank transfer (automatic),73.76,18.0,No
CUST-02889,Male,0,No,No,72,Yes,Yes,DSL,No,Yes,No,No,No,No,Month-to-month,Yes,Credit card (automatic),81.33,5944.67,No
CUST-02890,Male,0,Yes,No,12,Yes,No,DSL,No,No,No,Yes,No,Yes,Month-to-month,No,Bank transfer (automatic),53.32,608.38,No
CUST-02891,Male,0,No,Yes,30,Yes,Yes,DSL,No,Yes,No,Yes,Yes,Yes,Month-to-month,Yes,Electronic check,33.38,972.36,No
CUST-02892,Female,1,Yes,Yes,10,Yes,No,Fiber optic,No,No,No,No,No,No,Month-to-month,No,Bank transfer (automatic),82.02,807.39,Yes
CUST-02893,Male,0,No,No,3,Yes,Yes,DSL,No,No,Yes,Yes,No,No,Month-to-month,No,Credit card (automatic),19.56,97.89,No
CUST-02894,Female,0,No,Yes,10,No,No phone service,No,No internet service,No internet service,No internet service,No internet service,No internet service,No internet service,Month-to-month,Yes,Bank transfer (automatic),48.48,404.55,Yes
CUST-02895,Male,0,No,Yes,56,Yes,Yes,DSL,No,No,Yes,No,No,Yes,Month-to-month,No,Bank transfer (automatic),56.86,3203.36,No
CUST-02896,Female,0,Yes,No,6,Yes,Yes,DSL,Yes,No,Yes,No,Yes,Yes,Month-to-month,Yes,Electronic check,19.46,39.62,Yes
CUST-02897,Female,1,No,No,54,No,No phone service,No,No internet service,No internet service,No internet service,No internet service,No internet service,No internet service,Two year,No,Credit card (automatic),18.0,1053.65,No
CUST-02898,Female,0,No,No,37,Yes,Yes,DSL,No,Yes,No,Yes,No,Yes,Month-to-month,Yes,Electronic check,38.21,1388.86,No
CUST-02899,Female,0,Yes,Yes,24,Yes,Yes,Fiber optic,No,Yes,No,No,Yes,No,Month-to-month,Yes,Bank transfer (automatic),69.29,1518.92,No
CUST-02900,Male,0,No,No,62,Yes,No,DSL,No,Yes,No,No,Yes,Yes,One year,Yes,Electronic check,32.65,2103.95,No
CUST-02901,Female,0,Yes,No,37,Yes,No,No,No internet service,No internet service,No internet service,No internet service,No internet service,No internet service,One year,Yes,Electronic check,64.02,2418.28,No
CUST-02902,Female,0,Yes,No,61,Yes,No,DSL,Yes,No,Yes,No,Yes,No,Month-to-month,Yes,Credit card (automatic),38.37,2303.45,No
CUST-02903,Female,0,No,Yes,47,Yes,No,DSL,No,Yes,Yes,Yes,Yes,Yes,Two year,No,Electronic check,66.31,3060.51,No
CUST-02904,Female,0,Yes,Yes,0,Yes,No,Fiber optic,Yes,Yes,No,No,No,Yes,Month-to-month,No,Mailed check,41.59,18.0,Yes
CUST-02905,Female,0,Yes,No,9,Yes,No,Fiber optic,No,No,No,No,Yes,No,Month-to-month,Yes,Mailed check,86.35,726.91,Yes
CUST-02906,Female,0,No,Yes,0,Yes,No,No,No internet service,No internet service,No internet service,No internet service,No internet service,No internet service,Two year,Yes,Bank transfer (automatic),56.82,22.73,No
CUST-02907,Female,0,No,No,3,Yes,No,No,No internet service,No internet service,No internet service,No internet service,No internet service,No internet service,Month-to-month,No,Credit card (automatic),19.96,97.62,No
CUST-02908,Female,0,Yes,Yes,48,Yes,No,No,No internet service,No internet service,No internet service,No internet service,No internet service,No internet service,Month-to-month,Yes,Credit card (automatic),46.39,2111.55,Yes
CUST-02909,Male,0,Yes,Yes,72,Yes,Yes,DSL,No,Yes,No,Yes,Yes,No,One year,No,Bank transfer (automatic),60.93,4373.28,No
CUST-02910,Male,0,Yes,No,72,No,No phone service,Fiber optic,No,Yes,Yes,Yes,Yes,Yes,Month-to-month,Yes,Bank transfer (automatic),90.58,6533.61,Yes
CUST-02911,Male,0,No,No,49,Yes,No,DSL,No,No,No,Yes,Yes,No,Month-to-month,Yes,Electronic check,31.82,1497.71,No
CUST-02912,Male,1,Yes,No,22,Yes,Yes,DSL,Yes,Yes,Yes,Yes,No,Yes,Two year,No,Credit card (automatic),79.89,1800.42,No
CUST-02913,Male,0,No,No,45,Yes,Yes,DSL,Yes,No,No,No,Yes,No,One year,No,Electronic check,53.05,2280.42,No
CUST-02914,Male,0,No,Yes,33,Yes,No,Fiber optic,Yes,No,Yes,No,No,No,Two year,No,Electronic check,104.32,3410.65,Yes
CUST-02915,Male,0,No,No,0,Yes,No,Fiber optic,No,Yes,Yes,Yes,No,No,Month-to-month,No,Credit card (automatic),93.86,39.09,No
CUST-02916,Male,0,Yes,Yes,41,No,No phone service,Fiber optic,Yes,No,Yes,Yes,No,No,One year,Yes,Electronic check,18.83,760.75,No
CUST-02917,Female,1,Yes,No,39,Yes,No,Fiber optic,No,No,Yes,No,No,No,Two year,Yes,Electronic check,80.58,3089.1,No
CUST-02918,Female,0,Yes,No,35,Yes,Yes,DSL,Yes,No,No,No,No,No,Month-to-month,No,Credit card (automatic),47.0,1661.55,No
CUST-02919,Female,0,Yes,No,31,Yes,No,DSL,No,Yes,Yes,No,Yes,No,One year,No,Electronic check,69.39,2090.27,No
CUST-02920,Male,1,Yes,Yes,67,Yes,Yes,Fiber optic,No,No,No,No,No,No,Month-to-month,No,Bank transfer (automatic),85.47,5769.94,No
CUST-02921,Male,0,No,No,39,Yes,Yes,Fiber optic,No,No,Yes,No,Yes,No,Month-to-month,No,Mailed check,83.72,3199.69,No
CUST-02922,Female,0,Yes,No,63,Yes,No,DSL,No,Yes,Yes,Yes,No,No,One year,Yes,Credit card (automatic),62.75,4010.96,No
CUST-02923,Male,0,Yes,No,32,Yes,No,Fiber optic,No,No,Yes,No,No,No,Month-to-month,Yes,Electronic check,50.96,1679.82,Yes
CUST-02924,Female,0,No,Yes,63,Yes,Yes,No,No internet service,No internet service,No internet service,No internet service,No internet service,No internet service,Month-to-month,No,Electronic check,18.0,1237.68,No
CUST-02925,Male,0,No,No,52,Yes,Yes,DSL,Yes,Yes,No,No,Yes,No,Two year,No,Electronic check,67.02,3457.79,No
CUST-02926,Male,0,Yes,No,65,Yes,No,No,No internet service,No internet service,No internet service,No internet service,No internet service,No internet service,Month-to-month,No,Electronic check,49.47,3226.38,No
CUST-02927,Female,0,No,No,7,Yes,Yes,No,No internet service,No internet service,No internet service,No internet service,No internet service,No internet service,Two year,Yes,Bank transfer (automatic),62.97,376.08,No
CUST-02928,Male,0,No,No,1,Yes,Yes,No,No internet service,No internet service,No internet service,No internet service,No internet service,No internet service,One year,Yes,Electronic check,53.75,124.56,No
CUST-02929,Male,0,Yes,No,56,No,No phone service,DSL,No,No,Yes,Yes,No,Yes,Month-to-month,Yes,Mailed check,41.44,2309.55,No
CUST-02930,Female,0,No,No,0,Yes,Yes,DSL,No,Yes,No,No,No,Yes,Two year,Yes,Bank transfer (automatic),52.65,71.63,No
CUST-02931,Male,0,Yes,No,48,Yes,Yes,Fiber optic,Yes,No,No,Yes,Yes,Yes,Month-to-month,No,Electronic check,87.85,4271.24,Yes
CUST-02932,Female,0,Yes,Yes,67,Yes,No,Fiber optic,Yes,No,Yes,No,No,Yes,One year,Yes,Credit card (automatic),74.74,4998.14,No
CUST-02933,Male,0,Yes,Yes,1,Yes,Yes,DSL,No,Yes,No,No,No,No,Month-to-month,No,Mailed check,25.62,25.41,No
CUST-02934,Male,0,Yes,No,29,Yes,No,Fiber optic,No,Yes,No,No,No,Yes,Month-to-month,Yes,Electronic check,85.46,2473.83,No
CUST-02935,Female,0,No,No,35,Yes,Yes,Fiber optic,No,Yes,No,Yes,No,No,Month-to-month,No,Credit card (automatic),58.31,2039.42,No
CUST-02936,Male,0,No,No,39,Yes,Yes,DSL,No,No,No,No,Yes,Yes,Month-to-month,No,Electronic check,45.72,1783.05,No
CUST-02937,Female,0,Yes,Yes,3,Yes,Yes,DSL,Yes,Yes,No,No,Yes,Yes,Two year,No,Bank transfer (automatic),41.86,71.41,No
CUST-02938,Female,0,No,No,37,Yes,No,No,No internet service,No internet service,No internet service,No internet service,No internet service,No internet service,One year,No,Electronic check,47.91,1781.63,No
CUST-02939,Female,0,Yes,No,3,Yes,No,Fiber optic,Yes,No,Yes,No,Yes,No,Month-to-month,No,Mailed check,64.14,210.35,Yes
CUST-02940,Male,0,Yes,No,0,Yes,Yes,DSL,No,No,No,Yes,No,No,One year,Yes,Mailed check,63.68,18.0,No
CUST-02941,Female,0,No,No,2,Yes,No,No,No internet service,No internet service,No internet service,No internet service,No internet service,No internet service,Two year,Yes,Credit card (automatic),58.33,192.0,No
CUST-02942,Female,0,Yes,No,37,Yes,Yes,Fiber optic,No,No,Yes,Yes,Yes,Yes,One year,No,Mailed check,57.07,2002.91,No
CUST-02943,Female,0,No,Yes,2,Yes,No,Fiber optic,No,No,No,Yes,No,Yes,Two year,Yes,Bank transfer (automatic),41.05,100.33,No
CUST-02944,Male,1,Yes,No,3,No,No phone service,DSL,No,No,Yes,Yes,Yes,No,Month-to-month,Yes,Credit card (automatic),44.44,101.7,Yes
CUST-02945,Female,0,No,No,26,Yes,Yes,Fiber optic,No,No,No,No,No,No,Two year,Yes,Electronic check,75.41,1908.19,No
CUST-02946,Male,0,Yes,No,44,Yes,Yes,Fiber optic,No,No,Yes,No,Yes,No,One year,Yes,Electronic check,77.37,3386.94,No
CUST-02947,Female,1,Yes,Yes,37,Yes,Yes,No,No internet service,No internet service,No internet service,No internet service,No internet service,No internet service,Month-to-month,Yes,Bank transfer (automatic),56.16,2042.09,Yes
CUST-02948,Male,1,No,No,3,Yes,No,DSL,Yes,No,No,No,Yes,No,One year,No,Electronic check,32.07,149.25,No
CUST-02949,Female,0,No,Yes,42,Yes,No,Fiber optic,No,No,Yes,No,Yes,No,One year,No,Electronic check,50.07,2000.93,No
CUST-02950,Female,0,Yes,No,51,Yes,Yes,DSL,No,No,No,Yes,No,Yes,Month-to-month,Yes,Credit card (automatic),65.69,3299.6,No
CUST-02951,Male,1,No,No,61,Yes,Yes,No,No internet service,No internet service,No internet service,No internet service,No internet service,No internet service,Month-to-month,Yes,Electronic check,27.73,1693.18,Yes
CUST-02952,Female,0,Yes,No,43,Yes,Yes,DSL,Yes,Yes,Yes,No,Yes,Yes,Month-to-month,Yes,Credit card (automatic),55.47,2326.41,No
CUST-02953,Female,0,Yes,No,41,Yes,No,Fiber optic,No,No,No,No,Yes,Yes,Month-to-month,No,Electronic check,45.58,1859.29,No
CUST-02954,Male,0,Yes,No,72,Yes,No,Fiber optic,No,No,No,No,No,Yes,Month-to-month,Yes,Credit card (automatic),65.13,4712.49,Yes
CUST-02955,Male,0,No,No,33,Yes,Yes,Fiber optic,Yes,No,Yes,Yes,No,No,Month-to-month,Yes,Electronic check,56.67,1812.3,Yes
CUST-02956,Female,0,No,No,46,Yes,Yes,Fiber optic,No,No,Yes,No,Yes,Yes,Two year,Yes,Bank transfer (automatic),87.38,3962.11,Yes
CUST-02957,Male,0,No,No,22,Yes,No,Fiber optic,No,No,Yes,No,Yes,No,Month-to-month,Yes,Bank transfer (automatic),42.35,858.08,Yes
CUST-02958,Male,0,No,Yes,58,Yes,No,No,No internet service,No internet service,No internet service,No internet service,No internet service,No internet service,One year,Yes,Bank transfer (automatic),58.57,3334.37,No
CUST-02959,Female,0,Yes,No,0,Yes,Yes,Fiber optic,No,No,Yes,No,Yes,Yes,One year,Yes,Bank transfer (automatic),71.66,33.58,Yes
CUST-02960,Male,0,Yes,No,26,Yes,No,Fiber optic,No,No,Yes,No,No,No,One year,No,Credit card (automatic),80.75,2085.9,No
CUST-02961,Female,1,Yes,No,68,Yes,No,No,No internet service,No internet service,No internet service,No internet service,No internet service,No internet service,Month-to-month,Yes,Electronic check,33.28,2218.54,No
CUST-02962,Male,0,No,No,50,Yes,Yes,Fiber optic,No,No,No,Yes,Yes,No,Month-to-month,Yes,Bank transfer (automatic),77.04,3773.71,No
CUST-02963,Female,1,Yes,No,69,Yes,Yes,Fiber optic,Yes,No,No,Yes,No,No,One year,No,Bank transfer (automatic),62.01,4243.77,No
CUST-02964,Male,1,No,Yes,2,No,No phone service,DSL,No,No,No,No,No,No,One year,No,Credit card (automatic),77.74,128.46,No
CUST-02965,Female,0,No,No,0,Yes,Yes,DSL,No,No,No,No,No,Yes,Month-to-month,Yes,Electronic check,32.5,18.0,No
CUST-02966,Female,0,No,No,37,Yes,Yes,Fiber optic,No,No,No,No,Yes,No,Two year,Yes,Electronic check,43.42,1616.06,No
CUST-02967,Male,0,Yes,No,51,No,No phone service,DSL,No,No,No,No,No,No,Month-to-month,No,Credit card (automatic),54.71,2739.71,No
CUST-02968,Male,1,Yes,Yes,45,Yes,No,DSL,Yes,No,Yes,No,No,No,Month-to-month,Yes,Electronic check,58.24,2574.34,Yes
CUST-02969,Female,0,No,No,52,Yes,No,Fiber optic,Yes,No,No,No,Yes,No,Month-to-month,No,Electronic check,67.68,3507.14,Yes
CUST-02970,Female,0,No,No,51,Yes,No,Fiber optic,No,Yes,No,No,Yes,Yes,Two year,Yes,Electronic check,78.64,4031.74,Yes
CUST-02971,Female,1,Yes,Yes,53,Yes,No,DSL,Yes,No,Yes,No,No,No,One year,Yes,Mailed check,34.34,1730.15,No
CUST-02972,Male,0,No,No,2,No,No phone service,Fiber optic,Yes,No,Yes,No,No,Yes,Two year,No,Bank transfer (automatic),94.34,142.95,No
CUST-02973,Female,1,No,Yes,47,No,No phone service,DSL,No,No,No,No,No,No,Two year,No,Credit card (automatic),54.83,2534.98,No
CUST-02974,Female,0,Yes,No,53,Yes,No,DSL,No,Yes,Yes,No,Yes,No,One year,Yes,Mailed check,64.47,3333.81,No
CUST-02975,Male,0,No,Yes,1,Yes,Yes,DSL,No,No,No,Yes,No,No,Month-to-month,No,Bank transfer (automatic),60.36,100.64,No
CUST-02976,Male,0,Yes,Yes,68,Yes,No,Fiber optic,Yes,Yes,Yes,Yes,Yes,No,Two year,Yes,Mailed check,82.53,5639.34,No
CUST-02977,Male,0,No,No,35,Yes,No,Fiber optic,No,Yes,No,No,Yes,No,Month-to-month,Yes,Bank transfer (automatic),118.0,4103.64,Yes
CUST-02978,Female,0,Yes,Yes,72,Yes,Yes,No,No internet service,No internet service,No internet service,No internet service,No internet service,No internet service,One year,No,Electronic check,29.78,2122.52,No
CUST-02979,Male,1,Yes,Yes,56,Yes,No,Fiber optic,No,Yes,No,No,Yes,No,Month-to-month,No,Mailed check,65.89,3757.28,No
CUST-02980,Male,0,Yes,No,49,Yes,Yes,No,No internet service,No internet service,No internet service,No internet service,No internet service,No internet service,Month-to-month,No,Credit card (automatic),42.17,2012.13,No
CUST-02981,Female,0,No,Yes,57,Yes,Yes,DSL,No,No,No,Yes,No,No,Month-to-month,Yes,Bank transfer (automatic),72.19,4054.61,No
CUST-02982,Male,1,No,Yes,42,Yes,No,Fiber optic,No,No,Yes,Yes,No,Yes,One year,Yes,Mailed check,68.78,2910.41,No
CUST-02983,Female,0,Yes,No,72,Yes,Yes,Fiber optic,No,No,No,No,No,No,Two year,Yes,Bank transfer (automatic),85.62,6108.27,No
CUST-02984,Female,0,Yes,No,5,Yes,No,Fiber optic,No,No,No,No,No,Yes,Month-to-month,No,Electronic check,68.65,345.86,No
CUST-02985,Female,1,Yes,No,56,Yes,No,No,No internet service,No internet service,No internet service,No internet service,No internet service,No internet service,Two year,No,Bank transfer (automatic),56.4,3114.18,No
CUST-02986,Female,0,Yes,No,49,Yes,Yes,Fiber optic,No,No,Yes,No,No,No,One year,No,Electronic check,57.14,2768.73,No
CUST-02987,Female,0,No,No,55,Yes,No,DSL,No,No,No,No,Yes,Yes,Two year,No,Bank transfer (automatic),48.54,2657.56,No
CUST-02988,Female,0,Yes,No,21,No,No phone service,Fiber optic,No,No,No,No,Yes,Yes,Month-to-month,No,Electronic check,84.38,1685.57,Yes
CUST-02989,Female,0,No,No,29,Yes,Yes,DSL,No,Yes,Yes,No,No,No,One year,No,Mailed check,67.53,2026.38,No
CUST-02990,Male,0,No,No,57,Yes,No,DSL,No,No,No,No,Yes,Yes,Month-to-month,Yes,Electronic check,68.18,3897.63,No
CUST-02991,Male,0,Yes,No,2,Yes,Yes,Fiber optic,No,No,No,No,No,No,Two year,Yes,Credit card (automatic),55.23,77.57,No
CUST-02992,Female,0,No,No,9,Yes,Yes,DSL,No,Yes,No,No,No,No,Month-to-month,Yes,Credit card (automatic),64.66,518.76,Yes
CUST-02993,Male,0,No,No,33,Yes,No,Fiber optic,No,Yes,No,Yes,No,Yes,One year,No,Bank transfer (automatic),57.5,1794.05,No
CUST-02994,Female,0,No,No,11,Yes,Yes,Fiber optic,Yes,No,Yes,No,No,No,Month-to-month,No,Electronic check,70.89,820.6,Yes
CUST-02995,Female,0,No,Yes,6,Yes,No,No,No internet service,No internet service,No internet service,No internet service,No internet service,No internet service,Month-to-month,Yes,Mailed check,57.22,338.31,No
CUST-02996,Female,0,Yes,No,4,Yes,Yes,Fiber optic,No,No,No,No,Yes,Yes,Month-to-month,Yes,Credit card (automatic),77.99,193.44,Yes
CUST-02997,Male,0,Yes,No,11,Yes,No,Fiber optic,Yes,No,Yes,No,No,Yes,Month-to-month,Yes,Bank transfer (automatic),86.34,967.29,No
CUST-02998,Male,0,No,No,37,Yes,Yes,Fiber optic,Yes,Yes,No,No,No,No,Month-to-month,No,Electronic check,50.35,1869.81,No
CUST-02999,Male,1,Yes,No,39,Yes,No,Fiber optic,No,Yes,Yes,No,No,Yes,Month-to-month,No,Electronic check,74.81,3006.96,Yes
CUST-03000,Female,0,No,Yes,56,Yes,Yes,DSL,No,No,Yes,No,No,Yes,One year,Yes,Bank transfer (automatic),35.06,2085.02,No
CUST-03001,Female,0,No,Yes,0,Yes,Yes,Fiber optic,No,Yes,No,No,No,No,Month-to-month,No,Bank transfer (automatic),65.88,18.0,No
CUST-03002,Female,0,Yes,No,59,No,No phone service,DSL,No,No,No,No,Yes,Yes,Month-to-month,Yes,Electronic check,57.13,3449.88,No
CUST-03003,Female,0,Yes,No,72,Yes,No,Fiber optic,No,Yes,Yes,No,No,Yes,One year,Yes,Electronic check,76.09,5503.11,No
CUST-03004,Female,1,Yes,No,0,Yes,No,No,No internet service,No internet service,No internet service,No internet service,No internet service,No internet service,Month-to-month,Yes,Electronic check,58.08,18.0,Yes
CUST-03005,Female,0,No,Yes,60,No,No phone service,Fiber optic,Yes,No,No,No,No,No,Month-to-month,No,Mailed check,75.36,4473.72,Yes
CUST-03006,Male,0,Yes,Yes,26,Yes,No,Fiber optic,No,No,Yes,No,No,No,One year,No,Electronic check,57.77,1535.71,No
CUST-03007,Female,0,Yes,No,62,Yes,No,DSL,No,Yes,Yes,No,No,No,Month-to-month,Yes,Mailed check,62.42,3875.12,Yes
CUST-03008,Male,0,No,Yes,42,Yes,Yes,Fiber optic,No,No,No,Yes,No,No,Month-to-month,Yes,Credit card (automatic),92.94,3896.79,Yes
CUST-03009,Female,0,No,No,61,Yes,No,No,No internet service,No internet service,No internet service,No internet service,No internet service,No internet service,One year,Yes,Credit card (automatic),69.17,4246.79,No
CUST-03010,Female,1,No,No,1,Yes,Yes,Fiber optic,Yes,No,No,No,Yes,Yes,Month-to-month,No,Electronic check,72.18,55.16,No
CUST-03011,Male,0,No,No,43,Yes,No,No,No internet service,No internet service,No internet service,No internet service,No internet service,No internet service,Month-to-month,Yes,Bank transfer (automatic),53.48,2225.88,No
CUST-03012,Female,0,Yes,No,33,Yes,No,Fiber optic,Yes,No,No,No,No,No,One year,No,Bank transfer (automatic),76.13,2461.04,No
CUST-03013,Male,0,No,No,50,Yes,Yes,DSL,No,No,No,No,Yes,No,Month-to-month,No,Bank transfer (automatic),19.61,965.45,No
CUST-03014,Female,0,No,No,0,Yes,Yes,No,No internet service,No internet service,No internet service,No internet service,No internet service,No internet service,Month-to-month,Yes,Credit card (automatic),26.06,18.0,No
CUST-03015,Male,0,Yes,No,45,Yes,No,Fiber optic,No,No,No,Yes,Yes,No,Two year,Yes,Credit card (automatic),60.65,2748.78,No
CUST-03016,Male,0,Yes,No,52,Yes,No,Fiber optic,No,Yes,Yes,No,No,Yes,Month-to-month,Yes,Bank transfer (automatic),61.46,3184.3,No
CUST-03017,Female,0,Yes,No,54,Yes,No,No,No internet service,No internet service,No internet service,No internet service,No internet service,No internet service,Month-to-month,No,Bank transfer (automatic),39.18,2146.63,No
CUST-03018,Male,0,No,Yes,36,Yes,No,No,No internet service,No internet service,No internet service,No internet service,No internet service,No internet service,Month-to-month,Yes,Electronic check,33.91,1246.2,No
CUST-03019,Female,1,No,Yes,61,No,No phone service,No,No internet service,No internet service,No internet service,No internet service,No internet service,No internet service,Two year,No,Electronic check,44.36,2749.0,No
CUST-03020,Female,0,No,No,7,Yes,No,Fiber optic,No,No,No,No,No,Yes,Two year,No,Electronic check,70.44,380.57,Yes
CUST-03021,Male,1,No,No,11,Yes,Yes,Fiber optic,No,Yes,No,No,Yes,Yes,Month-to-month,Yes,Electronic check,63.51,716.64,Yes
CUST-03022,Male,0,Yes,No,61,No,No phone service,Fiber optic,No,No,Yes,No,No,Yes,Month-to-month,Yes,Electronic check,62.77,3901.64,No
CUST-03023,Male,0,No,No,2,Yes,Yes,Fiber optic,Yes,No,Yes,Yes,No,No,Month-to-month,No,Credit card (automatic),62.43,140.2,No
CUST-03024,Male,1,No,No,25,Yes,Yes,DSL,Yes,Yes,Yes,No,No,No,Month-to-month,Yes,Electronic check,76.01,1872.81,No
CUST-03025,Male,0,No,No,60,Yes,No,No,No internet service,No internet service,No internet service,No internet service,No internet service,No internet service,Month-to-month,Yes,Electronic check,52.96,3219.34,Yes
CUST-03026,Female,0,Yes,No,24,Yes,No,DSL,Yes,No,Yes,Yes,No,No,Month-to-month,Yes,Mailed check,55.27,1400.11,No
CUST-03027,Male,0,No,Yes,61,Yes,No,No,No internet service,No internet service,No internet service,No internet service,No internet service,No internet service,Month-to-month,Yes,Mailed check,56.14,3464.46,No
CUST-03028,Female,0,No,No,26,Yes,No,DSL,Yes,No,Yes,Yes,Yes,No,Month-to-month,Yes,Credit card (automatic),50.59,1201.39,No
CUST-03029,Male,1,Yes,Yes,54,Yes,No,DSL,Yes,No,Yes,Yes,No,No,Month-to-month,No,Mailed check,52.62,2876.89,No
CUST-03030,Female,0,No,Yes,0,Yes,No,DSL,No,No,No,Yes,No,No,Month-to-month,No,Electronic check,49.27,18.0,No
CUST-03031,Female,0,Yes,Yes,0,Yes,No,Fiber optic,No,No,No,Yes,No,Yes,Month-to-month,No,Mailed check,91.11,18.0,Yes
CUST-03032,Male,0,Yes,No,7,Yes,No,DSL,No,No,No,No,Yes,Yes,Month-to-month,No,Credit card (automatic),63.52,516.54,Yes
CUST-03033,Female,0,No,No,40,Yes,Yes,DSL,Yes,Yes,Yes,No,Yes,Yes,Month-to-month,Yes,Credit card (automatic),48.63,1875.29,No
CUST-03034,Male,0,Yes,No,31,Yes,Yes,Fiber optic,Yes,No,No,No,No,No,Month-to-month,Yes,Mailed check,92.76,2904.14,Yes
CUST-03035,Male,1,No,No,3,Yes,No,Fiber optic,No,No,No,No,No,Yes,Month-to-month,No,Mailed check,73.32,248.79,Yes
CUST-03036,Female,0,No,No,33,No,No phone service,DSL,Yes,No,No,Yes,No,No,One year,Yes,Electronic check,41.56,1355.48,No
CUST-03037,Female,1,Yes,No,43,Yes,Yes,DSL,Yes,No,No,Yes,No,No,Two year,Yes,Electronic check,45.58,1979.25,No
CUST-03038,Male,0,Yes,Yes,39,Yes,Yes,DSL,No,No,Yes,Yes,Yes,No,Two year,No,Mailed check,27.79,1180.62,No
CUST-03039,Male,0,Yes,No,1,Yes,Yes,No,No internet service,No internet service,No internet service,No internet service,No internet service,No internet service,Month-to-month,Yes,Mailed check,34.36,33.33,No
CUST-03040,Male,0,Yes,No,32,Yes,Yes,No,No internet service,No internet service,No internet service,No internet service,No internet service,No internet service,Month-to-month,Yes,Mailed check,38.36,1221.03,No
CUST-03041,Male,0,No,No,35,No,No phone service,Fiber optic,No,No,No,Yes,Yes,No,One year,Yes,Electronic check,54.99,1914.58,No
CUST-03042,Male,1,Yes,Yes,70,Yes,Yes,DSL,Yes,No,Yes,Yes,No,Yes,Month-to-month,Yes,Bank transfer (automatic),50.19,3459.94,No
CUST-03043,Male,0,No,Yes,72,Yes,No,DSL,No,No,No,No,No,Yes,Month-to-month,Yes,Bank transfer (automatic),40.53,2922.86,No
CUST-03044,Female,0,Yes,No,60,No,No phone service,Fiber optic,No,Yes,Yes,Yes,No,No,Two year,No,Mailed check,91.59,5436.34,No
CUST-03045,Male,0,Yes,No,27,Yes,No,DSL,No,Yes,No,No,Yes,Yes,One year,Yes,Electronic check,26.7,706.84,No
CUST-03046,Female,0,No,No,50,Yes,No,Fiber optic,No,No,No,Yes,Yes,No,Month-to-month,No,Electronic check,57.21,2889.13,No
CUST-03047,Female,0,No,No,33,No,No phone service,DSL,No,No,No,No,No,No,Month-to-month,Yes,Mailed check,55.64,1838.47,Yes
CUST-03048,Female,1,No,No,60,Yes,No,Fiber optic,Yes,No,No,Yes,No,Yes,Two year,No,Mailed check,44.32,2587.14,No
CUST-03049,Male,0,No,No,41,Yes,Yes,Fiber optic,No,Yes,No,Yes,No,Yes,Month-to-month,No,Mailed check,80.77,3301.7,Yes
CUST-03050,Female,0,No,No,64,Yes,No,DSL,No,Yes,Yes,No,Yes,No,Month-to-month,Yes,Electronic check,34.23,2224.85,No
CUST-03051,Female,0,Yes,Yes,51,Yes,No,DSL,No,No,No,No,Yes,Yes,Month-to-month,No,Electronic check,66.39,3351.15,No
CUST-03052,Male,0,Yes,No,45,Yes,No,Fiber optic,No,No,Yes,No,No,Yes,Month-to-month,Yes,Bank transfer (automatic),67.81,3078.5,Yes
CUST-03053,Female,0,No,No,30,Yes,Yes,Fiber optic,Yes,Yes,No,No,Yes,Yes,One year,No,Credit card (automatic),67.06,1976.09,No
CUST-03054,Male,0,Yes,No,0,Yes,Yes,Fiber optic,No,No,Yes,No,No,No,One year,Yes,Electronic check,78.15,69.68,Yes
CUST-03055,Female,0,No,No,71,No,No phone service,DSL,No,No,No,No,Yes,No,One year,No,Bank transfer (automatic),59.87,4247.22,No
CUST-03056,Male,0,No,Yes,29,Yes,No,Fiber optic,Yes,No,Yes,No,Yes,Yes,Two year,No,Electronic check,50.35,1507.16,No
CUST-03057,Female,1,No,No,24,Yes,Yes,DSL,Yes,Yes,No,No,Yes,Yes,Two year,No,Electronic check,52.86,1296.93,No
CUST-03058,Male,1,No,No,20,Yes,Yes,Fiber optic,Yes,No,No,Yes,No,No,Month-to-month,Yes,Electronic check,63.52,1357.51,Yes
CUST-03059,Male,0,No,No,3,Yes,Yes,No,No internet service,No internet service,No internet service,No internet service,No internet service,No internet service,Month-to-month,No,Electronic check,39.78,173.44,No
CUST-03060,Male,0,Yes,No,45,Yes,No,DSL,No,No,Yes,No,No,No,Month-to-month,Yes,Bank transfer (automatic),41.79,1895.38,No
CUST-03061,Male,0,No,No,2,Yes,No,No,No internet service,No internet service,No internet service,No internet service,No internet service,No internet service,Month-to-month,Yes,Electronic check,31.46,52.27,No
CUST-03062,Male,0,No,No,0,Yes,Yes,No,No internet service,No internet service,No internet service,No internet service,No internet service,No internet service,Month-to-month,Yes,Bank transfer (automatic),48.23,18.0,No
CUST-03063,Male,0,Yes,No,10,Yes,No,No,No internet service,No internet service,No internet service,No internet service,No internet service,No internet service,Two year,Yes,Electronic check,35.12,288.64,No
CUST-03064,Male,0,No,Yes,5,Yes,No,DSL,No,No,No,No,No,No,Month-to-month,No,Credit card (automatic),82.93,374.61,No
CUST-03065,Female,0,Yes,No,39,Yes,Yes,No,No internet service,No internet service,No internet service,No internet service,No internet service,No internet service,One year,No,Mailed check,70.62,2685.68,No
CUST-03066,Female,1,Yes,Yes,1,Yes,Yes,DSL,Yes,Yes,No,No,No,Yes,Month-to-month,Yes,Bank transfer (automatic),49.17,18.06,Yes
CUST-03067,Female,1,No,No,2,Yes,No,Fiber optic,No,Yes,No,Yes,No,No,Month-to-month,No,Mailed check,82.16,129.38,Yes
CUST-03068,Female,0,No,No,9,Yes,No,Fiber optic,No,No,No,No,Yes,No,Month-to-month,Yes,Mailed check,68.02,650.25,No
CUST-03069,Male,0,Yes,No,2,Yes,No,DSL,No,Yes,No,No,Yes,Yes,Month-to-month,Yes,Electronic check,48.96,139.69,No
CUST-03070,Male,0,No,No,55,Yes,No,Fiber optic,No,No,No,Yes,No,No,Month-to-month,No,Electronic check,68.15,3685.59,Yes
CUST-03071,Male,0,Yes,No,50,Yes,No,No,No internet service,No internet service,No internet service,No internet service,No internet service,No internet service,One year,Yes,Bank transfer (automatic),30.94,1459.9,No
CUST-03072,Male,0,Yes,No,7,Yes,Yes,DSL,No,No,Yes,No,No,Yes,One year,Yes,Mailed check,42.42,265.38,No
CUST-03073,Male,1,Yes,No,58,Yes,Yes,Fiber optic,No,No,No,Yes,Yes,No,One year,Yes,Credit card (automatic),100.44,5840.36,No
CUST-03074,Female,0,No,No,47,Yes,Yes,No,No internet service,No internet service,No internet service,No internet service,No internet service,No internet service,Two year,Yes,Bank transfer (automatic),44.0,1967.12,Yes
CUST-03075,Female,0,Yes,No,42,Yes,No,DSL,No,Yes,No,No,No,No,Month-to-month,Yes,Electronic check,62.58,2734.83,No
CUST-03076,Female,0,Yes,No,8,Yes,Yes,No,No internet service,No internet service,No internet service,No internet service,No internet service,No internet service,Month-to-month,Yes,Bank transfer (automatic),55.75,464.25,No
CUST-03077,Male,0,No,Yes,0,No,No phone service,No,No internet service,No internet service,No internet service,No internet service,No internet service,No internet service,Month-to-month,No,Electronic check,31.74,18.0,No
CUST-03078,Female,0,Yes,No,65,Yes,Yes,DSL,No,No,Yes,No,Yes,No,Two year,Yes,Credit card (automatic),35.0,2214.28,No
CUST-03079,Male,0,Yes,No,0,Yes,No,Fiber optic,No,No,No,No,No,No,Month-to-month,No,Mailed check,86.97,40.67,Yes
CUST-03080,Male,0,Yes,No,63,Yes,No,DSL,No,Yes,No,No,No,No,Two year,No,Mailed check,55.46,3465.62,No
CUST-03081,Male,0,No,No,64,Yes,No,No,No internet service,No internet service,No internet service,No internet service,No internet service,No internet service,Two year,No,Electronic check,45.14,2808.27,No
CUST-03082,Female,0,No,No,10,Yes,Yes,DSL,No,No,No,No,No,No,Month-to-month,Yes,Electronic check,65.41,629.75,Yes
CUST-03083,Male,0,No,No,31,Yes,Yes,Fiber optic,No,No,No,No,No,No,Month-to-month,Yes,Bank transfer (automatic),74.02,2316.42,No
CUST-03084,Male,0,Yes,Yes,68,Yes,Yes,Fiber optic,No,Yes,No,No,No,No,One year,No,Mailed check,90.22,6149.5,Yes
CUST-03085,Male,1,Yes,Yes,40,Yes,No,Fiber optic,No,No,No,No,No,Yes,One year,Yes,Electronic check,76.45,3118.07,No
CUST-03086,Male,0,No,No,4,Yes,Yes,Fiber optic,No,No,Yes,No,No,No,Two year,No,Mailed check,68.25,245.33,No
CUST-03087,Male,0,Yes,No,72,Yes,No,DSL,No,No,Yes,Yes,Yes,No,One year,No,Electronic check,56.18,4014.39,No
CUST-03088,Male,0,Yes,No,72,Yes,No,Fiber optic,No,Yes,No,No,No,Yes,Two year,No,Bank transfer (automatic),84.99,6108.88,No
CUST-03089,Male,0,Yes,No,44,Yes,Yes,Fiber optic,No,Yes,No,No,No,Yes,Month-to-month,No,Mailed check,54.83,2380.98,Yes
CUST-03090,Male,0,Yes,No,34,No,No phone service,Fiber optic,No,Yes,No,No,Yes,No,Two year,Yes,Electronic check,70.51,2415.06,No
CUST-03091,Male,0,Yes,No,29,Yes,Yes,Fiber optic,No,No,Yes,No,Yes,No,Month-to-month,No,Mailed check,48.99,1380.85,Yes
CUST-03092,Male,0,No,No,1,Yes,No,DSL,No,No,No,Yes,Yes,Yes,Month-to-month,Yes,Credit card (automatic),26.91,18.0,Yes
CUST-03093,Female,1,No,No,1,Yes,Yes,DSL,Yes,No,No,Yes,No,No,Month-to-month,Yes,Bank transfer (automatic),38.63,40.29,No
CUST-03094,Male,0,No,No,45,Yes,No,DSL,Yes,Yes,No,Yes,No,No,Month-to-month,Yes,Bank transfer (automatic),43.39,1968.16,No
CUST-03095,Female,0,Yes,No,4,Yes,Yes,DSL,No,Yes,Yes,Yes,Yes,No,One year,Yes,Credit card (automatic),62.54,197.44,No
CUST-03096,Female,1,No,No,42,Yes,No,DSL,No,No,No,No,Yes,No,One year,Yes,Bank transfer (automatic),31.62,1320.74,Yes
CUST-03097,Male,0,No,No,51,Yes,No,DSL,No,Yes,No,No,Yes,Yes,Two year,Yes,Mailed check,72.26,3741.05,Yes
CUST-03098,Male,0,No,No,33,Yes,Yes,Fiber optic,No,No,No,No,Yes,No,One year,No,Credit card (automatic),69.04,2395.86,Yes
CUST-03099,Male,0,Yes,No,63,Yes,No,Fiber optic,No,Yes,No,No,No,Yes,Month-to-month,Yes,Electronic check,84.03,5346.36,No
CUST-03100,Male,0,No,Yes,55,Yes,Yes,Fiber optic,No,No,No,No,No,No,Two year,No,Bank transfer (automatic),63.82,3498.77,No
CUST-03101,Male,0,Yes,No,33,Yes,No,No,No internet service,No internet service,No internet service,No internet service,No internet service,No internet service,Month-to-month,No,Credit card (automatic),33.77,1099.8,Yes
CUST-03102,Male,0,No,No,42,Yes,No,Fiber optic,No,Yes,Yes,No,No,Yes,One year,Yes,Electronic check,62.24,2651.43,No
CUST-03103,Male,0,No,No,65,Yes,Yes,Fiber optic,No,No,Yes,No,No,No,Month-to-month,No,Credit card (automatic),64.57,4216.39,No
CUST-03104,Male,1,No,No,54,Yes,No,DSL,No,No,No,No,Yes,No,Month-to-month,Yes,Electronic check,48.63,2624.15,Yes
CUST-03105,Female,0,No,No,10,Yes,No,Fiber optic,No,No,No,Yes,No,Yes,Month-to-month,Yes,Electronic check,59.88,516.73,No
CUST-03106,Male,0,No,No,43,Yes,Yes,Fiber optic,No,Yes,No,No,No,No,Two year,Yes,Credit card (automatic),66.49,2875.81,No
CUST-03107,Female,0,No,No,59,Yes,No,DSL,Yes,No,No,No,No,No,Month-to-month,Yes,Electronic check,57.51,3402.94,No
CUST-03108,Male,0,Yes,Yes,63,Yes,Yes,DSL,No,Yes,No,No,Yes,No,Month-to-month,No,Electronic check,60.7,3802.03,No
CUST-03109,Female,0,Yes,No,9,Yes,No,DSL,No,No,No,No,No,No,One year,No,Bank transfer (automatic),72.06,683.43,No
CUST-03110,Male,0,No,No,3,Yes,No,Fiber optic,No,No,No,Yes,No,No,Month-to-month,Yes,Credit card (automatic),71.76,254.27,Yes
CUST-03111,Female,1,No,No,63,Yes,Yes,DSL,Yes,No,No,No,No,No,Month-to-month,No,Credit card (automatic),68.04,4228.48,No
CUST-03112,Female,0,No,Yes,53,No,No phone service,Fiber optic,No,Yes,Yes,No,No,Yes,One year,Yes,Electronic check,83.31,4441.4,No
CUST-03113,Male,0,Yes,Yes,2,Yes,No,DSL,No,Yes,No,No,Yes,Yes,Month-to-month,Yes,Bank transfer (automatic),45.2,152.91,Yes
CUST-03114,Female,0,No,No,37,Yes,Yes,No,No internet service,No internet service,No internet service,No internet service,No internet service,No internet service,One year,Yes,Electronic check,54.34,2034.19,No
CUST-03115,Male,0,Yes,Yes,45,Yes,Yes,DSL,No,No,Yes,No,Yes,Yes,Two year,Yes,Bank transfer (automatic),37.71,1732.1,No
CUST-03116,Male,0,Yes,Yes,20,Yes,Yes,Fiber optic,No,Yes,No,No,No,No,Month-to-month,No,Credit card (automatic),56.59,1098.1,No
CUST-03117,Female,0,Yes,No,1,Yes,No,No,No internet service,No internet service,No internet service,No internet service,No internet service,No internet service,One year,Yes,Electronic check,46.02,27.22,No
CUST-03118,Female,0,Yes,No,34,Yes,Yes,DSL,Yes,No,No,No,No,Yes,Month-to-month,Yes,Mailed check,18.0,626.78,No
CUST-03119,Male,0,No,No,41,Yes,Yes,No,No internet service,No internet service,No internet service,No internet service,No internet service,No internet service,Month-to-month,Yes,Electronic check,40.79,1685.38,No
CUST-03120,Female,0,Yes,No,53,Yes,Yes,DSL,No,Yes,Yes,No,No,No,Month-to-month,No,Electronic check,42.95,2220.77,No
CUST-03121,Female,0,Yes,No,5,Yes,Yes,Fiber optic,No,No,No,No,Yes,No,Two year,Yes,Credit card (automatic),59.58,311.78,No
CUST-03122,Female,0,No,No,25,Yes,No,No,No internet service,No internet service,No internet service,No internet service,No internet service,No internet service,Month-to-month,No,Electronic check,55.01,1385.63,No
CUST-03123,Male,0,Yes,No,3,No,No phone service,DSL,No,No,No,Yes,Yes,No,Two year,No,Bank transfer (automatic),45.83,85.81,No
CUST-03124,Female,0,Yes,Yes,51,Yes,Yes,DSL,No,Yes,Yes,Yes,Yes,Yes,Month-to-month,No,Electronic check,61.19,3148.69,No
CUST-03125,Male,0,Yes,No,26,Yes,Yes,DSL,No,Yes,No,No,No,No,Month-to-month,Yes,Mailed check,64.27,1632.66,No
CUST-03126,Female,0,Yes,No,39,Yes,No,DSL,No,Yes,No,No,Yes,Yes,One year,No,Credit card (automatic),67.59,2645.7,No
CUST-03127,Female,1,No,Yes,9,Yes,No,Fiber optic,No,Yes,No,No,Yes,Yes,Two year,Yes,Electronic check,99.47,856.36,No
CUST-03128,Female,0,Yes,No,28,Yes,No,Fiber optic,No,Yes,No,No,Yes,No,Two year,Yes,Electronic check,59.81,1658.38,No
CUST-03129,Female,0,Yes,No,0,Yes,Yes,DSL,Yes,Yes,No,Yes,No,Yes,Two year,Yes,Electronic check,34.43,18.0,No
CUST-03130,Female,1,Yes,No,37,Yes,No,Fiber optic,No,No,No,No,Yes,No,One year,Yes,Mailed check,105.2,3894.27,No
CUST-03131,Male,0,Yes,No,8,Yes,Yes,Fiber optic,Yes,No,Yes,No,Yes,No,Month-to-month,Yes,Credit card (automatic),67.75,452.41,No
CUST-03132,Male,0,Yes,No,46,Yes,No,No,No internet service,No internet service,No internet service,No internet service,No internet service,No internet service,Month-to-month,Yes,Electronic check,41.92,1953.4,No
CUST-03133,Female,0,Yes,No,8,Yes,No,No,No internet service,No internet service,No internet service,No internet service,No internet service,No internet service,One year,No,Electronic check,58.02,512.42,No
CUST-03134,Male,0,Yes,No,0,Yes,Yes,No,No internet service,No internet service,No internet service,No internet service,No internet service,No internet service,One year,No,Electronic check,44.37,18.0,No
CUST-03135,Female,0,Yes,Yes,51,Yes,Yes,DSL,No,Yes,No,Yes,Yes,Yes,One year,Yes,Electronic check,45.9,2406.69,No
CUST-03136,Male,1,No,Yes,24,Yes,No,DSL,No,No,Yes,Yes,Yes,No,One year,Yes,Electronic check,68.56,1727.62,No
CUST-03137,Female,0,Yes,Yes,2,No,No phone service,Fiber optic,No,No,No,Yes,No,No,Month-to-month,Yes,Mailed check,47.1,18.0,Yes
CUST-03138,Male,0,Yes,No,42,Yes,No,DSL,No,Yes,No,No,Yes,Yes,Two year,No,Electronic check,38.14,1525.09,No
CUST-03139,Male,0,No,Yes,3,Yes,No,DSL,No,Yes,Yes,No,Yes,No,Month-to-month,Yes,Electronic check,53.16,240.64,No
CUST-03140,Male,1,Yes,Yes,31,Yes,No,No,No internet service,No internet service,No internet service,No internet service,No internet service,No internet service,One year,Yes,Mailed check,18.0,528.26,No
CUST-03141,Male,0,No,No,2,Yes,No,Fiber optic,No,No,Yes,No,No,No,One year,No,Electronic check,53.6,51.17,No
CUST-03142,Male,1,Yes,No,23,Yes,No,Fiber optic,Yes,No,No,No,Yes,No,Month-to-month,No,Credit card (automatic),100.71,2344.3,Yes
CUST-03143,Male,0,Yes,No,0,No,No phone service,Fiber optic,No,No,No,No,No,No,Month-to-month,No,Mailed check,45.69,18.0,No
CUST-03144,Female,0,No,No,0,Yes,No,DSL,Yes,No,Yes,No,No,No,Month-to-month,Yes,Mailed check,44.97,18.0,No
CUST-03145,Female,0,Yes,Yes,37,Yes,Yes,DSL,Yes,Yes,Yes,Yes,No,Yes,Month-to-month,No,Credit card (automatic),68.8,2625.77,No
CUST-03146,Female,0,Yes,No,12,Yes,No,No,No internet service,No internet service,No internet service,No internet service,No internet service,No internet service,Month-to-month,Yes,Electronic check,59.39,628.47,No
CUST-03147,Female,0,No,No,55,Yes,Yes,DSL,No,No,No,Yes,No,No,Month-to-month,No,Mailed check,57.54,3171.94,No
CUST-03148,Female,1,No,No,33,Yes,No,Fiber optic,Yes,Yes,No,No,No,Yes,One year,No,Mailed check,65.28,2095.52,Yes
CUST-03149,Female,0,Yes,No,33,Yes,No,DSL,No,Yes,Yes,No,No,Yes,Month-to-month,Yes,Electronic check,42.25,1449.19,Yes
CUST-03150,Male,0,No,No,0,Yes,No,DSL,Yes,No,Yes,No,No,No,Month-to-month,No,Mailed check,49.87,18.0,Yes
CUST-03151,Female,0,Yes,Yes,7,Yes,No,DSL,No,No,No,No,No,No,Month-to-month,Yes,Bank transfer (automatic),56.48,421.41,No
CUST-03152,Male,0,No,Yes,8,Yes,Yes,DSL,No,No,No,No,No,No,Month-to-month,Yes,Credit card (automatic),30.83,229.46,No
CUST-03153,Male,0,Yes,Yes,41,Yes,No,Fiber optic,No,Yes,Yes,No,No,Yes,Two year,Yes,Bank transfer (automatic),76.75,3209.63,No
CUST-03154,Female,0,No,No,23,Yes,Yes,DSL,Yes,Yes,Yes,Yes,Yes,Yes,Two year,Yes,Electronic check,55.28,1208.04,No
CUST-03155,Male,0,Yes,Yes,13,Yes,Yes,Fiber optic,Yes,No,Yes,No,No,No,Month-to-month,No,Mailed check,57.15,787.06,No
CUST-03156,Female,1,No,No,21,Yes,Yes,Fiber optic,No,Yes,Yes,No,Yes,Yes,One year,No,Electronic check,85.65,1878.9,No
CUST-03157,Female,0,Yes,Yes,68,Yes,No,Fiber optic,Yes,Yes,No,No,No,Yes,Two year,Yes,Mailed check,85.4,5872.1,No
CUST-03158,Female,0,No,No,1,Yes,Yes,DSL,Yes,Yes,Yes,Yes,No,No,Month-to-month,Yes,Credit card (automatic),55.93,125.13,No
CUST-03159,Female,0,No,No,4,Yes,No,DSL,No,No,Yes,No,No,Yes,Month-to-month,No,Credit card (automatic),54.55,190.31,No
CUST-03160,Female,1,No,Yes,48,Yes,Yes,DSL,No,No,No,No,No,No,Month-to-month,No,Mailed check,46.38,2244.97,No
CUST-03161,Male,0,No,Yes,43,Yes,Yes,DSL,No,No,Yes,Yes,Yes,No,Month-to-month,No,Credit card (automatic),30.87,1431.07,Yes
CUST-03162,Female,0,Yes,No,6,Yes,Yes,Fiber optic,Yes,Yes,No,No,No,Yes,One year,Yes,Electronic check,46.18,342.2,No
CUST-03163,Male,0,No,Yes,10,Yes,Yes,Fiber optic,No,No,No,No,No,No,Month-to-month,Yes,Credit card (automatic),69.95,750.76,Yes
CUST-03164,Male,0,Yes,Yes,4,Yes,No,DSL,No,Yes,No,Yes,No,No,Month-to-month,Yes,Bank transfer (automatic),33.05,154.61,No
CUST-03165,Male,1,No,No,4,Yes,No,DSL,No,No,No,No,Yes,Yes,One year,Yes,Credit card (automatic),44.43,104.0,No
CUST-03166,Male,1,No,No,7,No,No phone service,Fiber optic,No,No,No,No,Yes,No,Month-to-month,Yes,Mailed check,55.93,286.59,No
CUST-03167,Female,0,Yes,No,44,Yes,Yes,DSL,Yes,Yes,Yes,No,Yes,No,Month-to-month,Yes,Bank transfer (automatic),50.89,2288.11,No
CUST-03168,Male,0,Yes,No,51,Yes,Yes,Fiber optic,No,No,No,Yes,No,No,One year,Yes,Credit card (automatic),79.06,4010.74,No
CUST-03169,Female,0,No,No,33,Yes,No,No,No internet service,No internet service,No internet service,No internet service,No internet service,No internet service,Month-to-month,Yes,Bank transfer (automatic),54.93,1857.49,No
CUST-03170,Female,0,No,No,0,Yes,Yes,Fiber optic,No,No,No,Yes,No,No,Month-to-month,Yes,Electronic check,99.79,18.0,Yes
CUST-03171,Female,1,No,No,64,Yes,Yes,DSL,No,No,Yes,No,Yes,No,Two year,Yes,Bank transfer (automatic),33.24,2113.68,Yes
CUST-03172,Female,0,No,No,2,Yes,No,Fiber optic,No,No,Yes,No,No,No,Month-to-month,Yes,Electronic check,83.15,114.16,No
CUST-03173,Male,0,Yes,No,0,Yes,No,No,No internet service,No internet service,No internet service,No internet service,No internet service,No internet service,Month-to-month,Yes,Electronic check,48.73,18.0,No
CUST-03174,Male,0,No,No,1,Yes,Yes,Fiber optic,No,Yes,No,Yes,Yes,Yes,One year,No,Electronic check,67.06,189.34,No
CUST-03175,Female,0,No,No,49,Yes,No,Fiber optic,No,Yes,No,No,No,Yes,Month-to-month,Yes,Electronic check,89.08,4352.19,No
CUST-03176,Female,0,No,No,52,Yes,No,Fiber optic,No,No,No,No,No,No,One year,Yes,Mailed check,51.15,2669.95,No
CUST-03177,Female,0,No,No,13,Yes,Yes,No,No internet service,No internet service,No internet service,No internet service,No internet service,No internet service,One year,Yes,Bank transfer (automatic),42.57,627.39,No
CUST-03178,Male,0,No,No,50,Yes,No,DSL,No,No,No,Yes,No,No,Month-to-month,No,Bank transfer (automatic),48.06,2472.35,No
CUST-03179,Male,0,No,Yes,0,Yes,Yes,Fiber optic,No,No,Yes,Yes,No,Yes,Month-to-month,Yes,Mailed check,47.01,18.0,No
CUST-03180,Male,0,No,No,70,Yes,Yes,Fiber optic,No,Yes,No,No,No,Yes,Two year,No,Credit card (automatic),69.31,4843.04,No
CUST-03181,Male,1,No,No,2,Yes,Yes,Fiber optic,Yes,No,Yes,No,No,Yes,One year,No,Electronic check,75.12,128.7,Yes
CUST-03182,Male,0,No,No,19,Yes,No,DSL,No,No,No,No,No,No,Two year,Yes,Electronic check,49.87,936.57,No
CUST-03183,Female,0,Yes,No,0,Yes,No,No,No internet service,No internet service,No internet service,No internet service,No internet service,No internet service,Month-to-month,Yes,Bank transfer (automatic),19.18,18.0,No
CUST-03184,Male,0,Yes,No,3,Yes,No,DSL,No,No,No,Yes,Yes,No,One year,No,Bank transfer (automatic),49.31,160.72,No
CUST-03185,Female,0,No,No,67,Yes,Yes,Fiber optic,No,No,No,No,No,Yes,Month-to-month,No,Electronic check,49.89,3392.41,No
CUST-03186,Female,0,No,No,61,Yes,No,No,No internet service,No internet service,No internet service,No internet service,No internet service,No internet service,Month-to-month,No,Credit card (automatic),31.57,1894.3,No
CUST-03187,Female,0,No,Yes,3,Yes,No,DSL,No,No,Yes,Yes,No,No,Two year,No,Credit card (automatic),40.98,87.89,No
CUST-03188,Male,0,No,No,0,Yes,No,DSL,No,Yes,No,No,No,No,One year,Yes,Electronic check,80.39,18.0,No
CUST-03189,Male,0,Yes,No,67,Yes,No,Fiber optic,No,No,No,No,Yes,No,Month-to-month,No,Mailed check,70.41,4771.83,Yes
CUST-03190,Female,1,Yes,Yes,34,Yes,No,Fiber optic,No,No,No,No,Yes,No,One year,No,Electronic check,59.97,2042.92,No
CUST-03191,Male,0,No,No,57,Yes,No,DSL,No,No,No,No,No,No,Two year,No,Electronic check,56.02,3275.0,No
CUST-03192,Female,0,No,No,54,Yes,No,Fiber optic,No,No,No,No,No,Yes,One year,Yes,Credit card (automatic),56.01,3036.82,No
CUST-03193,Female,0,Yes,Yes,2,Yes,No,Fiber optic,No,No,No,No,No,No,One year,Yes,Bank transfer (automatic),84.64,221.28,No
CUST-03194,Male,0,Yes,No,71,Yes,No,DSL,No,Yes,No,No,No,No,One year,Yes,Electronic check,62.92,4522.79,No
CUST-03195,Female,0,Yes,No,2,Yes,No,Fiber optic,Yes,No,No,No,Yes,Yes,One year,No,Electronic check,74.55,142.77,No
CUST-03196,Male,1,Yes,No,41,Yes,No,Fiber optic,Yes,No,Yes,No,No,Yes,Two year,No,Mailed check,63.29,2603.46,No
CUST-03197,Male,0,No,Yes,63,Yes,Yes,Fiber optic,Yes,No,No,No,No,No,Month-to-month,Yes,Mailed check,79.61,4983.29,No
CUST-03198,Female,0,Yes,No,5,Yes,No,No,No internet service,No internet service,No internet service,No internet service,No internet service,No internet service,Month-to-month,Yes,Credit card (automatic),42.6,180.92,No
CUST-03199,Female,0,Yes,No,72,Yes,Yes,Fiber optic,Yes,No,No,Yes,No,Yes,One year,No,Credit card (automatic),82.66,5944.85,No
CUST-03200,Male,0,No,No,40,Yes,Yes,DSL,No,Yes,Yes,No,Yes,No,Month-to-month,Yes,Credit card (automatic),57.0,2303.72,No
CUST-03201,Female,0,No,Yes,39,Yes,No,Fiber optic,No,No,No,Yes,No,Yes,Two year,No,Credit card (automatic),68.57,2655.56,No
CUST-03202,Female,0,No,Yes,5,Yes,Yes,Fiber optic,Yes,No,No,No,No,No,Month-to-month,Yes,Bank transfer (automatic),67.79,336.67,Yes
CUST-03203,Female,0,Yes,No,69,Yes,No,Fiber optic,No,Yes,Yes,Yes,No,Yes,Two year,Yes,Bank transfer (automatic),84.54,5788.46,No
CUST-03204,Male,0,Yes,No,3,Yes,Yes,DSL,No,No,No,No,Yes,Yes,Two year,Yes,Mailed check,58.42,216.65,No
CUST-03205,Male,0,Yes,Yes,46,Yes,No,DSL,Yes,No,No,No,Yes,No,Month-to-month,No,Credit card (automatic),46.12,2075.89,No
CUST-03206,Female,0,No,No,1,Yes,Yes,Fiber optic,No,No,No,No,No,No,Two year,Yes,Electronic check,96.78,160.27,No
CUST-03207,Female,0,Yes,No,72,Yes,Yes,DSL,No,No,No,No,No,No,Month-to-month,No,Credit card (automatic),50.87,3629.76,No
CUST-03208,Female,0,No,No,72,Yes,No,DSL,Yes,Yes,No,No,No,Yes,Month-to-month,Yes,Mailed check,57.92,4197.85,No
CUST-03209,Male,0,No,No,61,Yes,No,No,No internet service,No internet service,No internet service,No internet service,No internet service,No internet service,Month-to-month,Yes,Bank transfer (automatic),44.27,2693.32,No
CUST-03210,Male,0,No,No,38,Yes,No,Fiber optic,No,No,No,No,No,Yes,Month-to-month,Yes,Mailed check,102.4,3872.5,Yes
CUST-03211,Female,1,Yes,No,1,No,No phone service,DSL,No,Yes,Yes,Yes,No,No,One year,Yes,Mailed check,53.17,42.31,No
CUST-03212,Male,0,Yes,No,5,No,No phone service,DSL,No,Yes,Yes,No,Yes,No,Month-to-month,Yes,Credit card (automatic),75.6,408.68,No
CUST-03213,Male,0,No,No,1,Yes,Yes,Fiber optic,No,No,No,No,Yes,No,Month-to-month,Yes,Electronic check,87.12,40.39,Yes
CUST-03214,Female,1,Yes,Yes,35,Yes,Yes,Fiber optic,No,No,Yes,No,Yes,Yes,Two year,Yes,Electronic check,52.16,1803.98,Yes
CUST-03215,Female,0,No,No,25,Yes,Yes,DSL,No,No,No,No,No,Yes,Month-to-month,Yes,Mailed check,74.77,1980.0,No
CUST-03216,Male,0,Yes,No,72,Yes,Yes,Fiber optic,Yes,No,Yes,No,No,No,One year,No,Electronic check,73.52,5395.5,No
CUST-03217,Male,0,No,No,44,Yes,No,DSL,No,No,No,No,No,Yes,One year,Yes,Mailed check,49.24,2194.49,No
CUST-03218,Male,0,No,Yes,33,Yes,Yes,DSL,No,Yes,Yes,Yes,No,Yes,Month-to-month,Yes,Electronic check,54.14,1780.45,No
CUST-03219,Female,0,Yes,No,72,No,No phone service,Fiber optic,No,Yes,No,Yes,No,No,Two year,No,Bank transfer (automatic),97.5,7067.25,No
CUST-03220,Male,0,No,No,19,Yes,No,Fiber optic,No,No,No,No,No,No,Two year,Yes,Mailed check,74.72,1386.95,No
CUST-03221,Female,0,No,No,3,Yes,No,Fiber optic,No,No,No,No,Yes,Yes,Month-to-month,No,Electronic check,67.1,285.37,No
CUST-03222,Male,0,No,No,0,Yes,No,DSL,No,Yes,Yes,No,No,No,Two year,No,Mailed check,69.29,97.08,No
CUST-03223,Female,0,Yes,No,45,Yes,No,Fiber optic,Yes,Yes,No,No,No,No,Month-to-month,No,Electronic check,64.22,2941.0,Yes
CUST-03224,Female,0,Yes,Yes,40,Yes,Yes,DSL,No,No,Yes,No,No,No,Month-to-month,Yes,Credit card (automatic),73.32,2932.59,No
CUST-03225,Female,0,No,Yes,8,Yes,Yes,DSL,No,No,No,No,No,Yes,One year,No,Mailed check,62.96,457.88,No
CUST-03226,Female,0,Yes,No,54,Yes,Yes,Fiber optic,No,No,Yes,No,Yes,No,Month-to-month,Yes,Electronic check,82.34,4388.28,Yes
CUST-03227,Female,0,No,Yes,10,Yes,Yes,Fiber optic,No,No,No,No,Yes,No,Two year,Yes,Electronic check,81.94,860.24,No
CUST-03228,Male,0,Yes,No,56,Yes,No,No,No internet service,No internet service,No internet service,No internet service,No internet service,No internet service,Month-to-month,Yes,Credit card (automatic),47.63,2685.63,No
CUST-03229,Female,0,No,No,16,Yes,No,No,No internet service,No internet service,No internet service,No internet service,No internet service,No internet service,One year,No,Electronic check,61.28,1031.3,No
CUST-03230,Female,0,Yes,No,66,Yes,Yes,Fiber optic,No,No,No,No,Yes,No,Month-to-month,No,Credit card (automatic),82.75,5488.26,Yes
CUST-03231,Female,0,No,No,72,Yes,Yes,No,No internet service,No internet service,No internet service,No internet service,No internet service,No internet service,Month-to-month,Yes,Mailed check,42.95,3194.33,No
CUST-03232,Male,1,Yes,No,30,Yes,Yes,DSL,No,Yes,Yes,No,No,No,One year,Yes,Mailed check,36.99,1143.71,No
CUST-03233,Female,0,Yes,No,2,No,No phone service,No,No internet service,No internet service,No internet service,No internet service,No internet service,No internet service,Month-to-month,Yes,Bank transfer (automatic),48.24,54.16,Yes
CUST-03234,Male,0,Yes,Yes,72,Yes,No,DSL,No,Yes,Yes,No,Yes,No,Two year,No,Electronic check,80.54,5772.8,No
CUST-03235,Female,0,No,Yes,30,Yes,Yes,Fiber optic,No,No,No,No,No,No,Two year,Yes,Electronic check,50.34,1588.04,No
CUST-03236,Female,1,Yes,No,72,Yes,No,DSL,No,No,No,Yes,No,Yes,Month-to-month,No,Bank transfer (automatic),52.88,3820.26,No
CUST-03237,Male,0,No,No,5,Yes,Yes,Fiber optic,Yes,Yes,Yes,No,Yes,No,Month-to-month,No,Credit card (automatic),71.17,371.92,Yes
CUST-03238,Female,0,Yes,No,18,Yes,No,Fiber optic,No,Yes,No,Yes,No,No,Month-to-month,Yes,Bank transfer (automatic),88.65,1531.6,Yes
CUST-03239,Female,0,No,No,16,Yes,Yes,DSL,No,No,No,No,Yes,Yes,Month-to-month,Yes,Electronic check,38.28,583.14,No
CUST-03240,Male,0,No,No,59,Yes,Yes,No,No internet service,No internet service,No internet service,No internet service,No internet service,No internet service,Month-to-month,Yes,Credit card (automatic),60.57,3676.31,No
CUST-03241,Male,1,Yes,Yes,68,Yes,No,No,No internet service,No internet service,No internet service,No internet service,No internet service,No internet service,One year,No,Credit card (automatic),35.21,2432.43,No
CUST-03242,Male,0,Yes,Yes,72,Yes,Yes,Fiber optic,No,No,No,No,No,Yes,Month-to-month,Yes,Credit card (automatic),68.7,4988.86,Yes
CUST-03243,Female,0,Yes,No,53,Yes,Yes,DSL,No,No,Yes,No,Yes,No,Month-to-month,Yes,Mailed check,69.07,3627.03,No
CUST-03244,Female,0,No,No,31,Yes,Yes,Fiber optic,No,No,No,Yes,Yes,No,One year,Yes,Mailed check,98.57,3010.15,Yes
CUST-03245,Female,0,No,No,59,Yes,Yes,DSL,No,No,No,Yes,Yes,No,Two year,No,Electronic check,72.72,4280.5,Yes
CUST-03246,Female,0,Yes,No,18,Yes,No,DSL,No,Yes,No,No,Yes,No,One year,Yes,Electronic check,49.7,914.56,No
CUST-03247,Female,0,No,No,59,Yes,Yes,DSL,No,No,No,No,Yes,Yes,One year,Yes,Bank transfer (automatic),41.16,2394.2,No
CUST-03248,Male,0,No,No,0,Yes,No,Fiber optic,Yes,No,Yes,Yes,No,No,Month-to-month,No,Mailed check,100.29,18.0,No
CUST-03249,Male,0,No,Yes,29,Yes,No,DSL,No,No,No,No,Yes,Yes,Two year,Yes,Electronic check,31.26,917.25,No
CUST-03250,Male,0,No,Yes,22,Yes,Yes,DSL,No,Yes,Yes,No,No,No,Month-to-month,Yes,Electronic check,78.26,1636.25,No
CUST-03251,Male,0,No,Yes,52,Yes,Yes,Fiber optic,No,Yes,No,No,No,Yes,One year,Yes,Bank transfer (automatic),83.32,4365.62,Yes
CUST-03252,Female,1,No,Yes,1,Yes,No,Fiber optic,No,No,No,Yes,No,Yes,Month-to-month,No,Bank transfer (automatic),79.5,27.25,Yes
CUST-03253,Male,0,No,No,19,Yes,No,No,No internet service,No internet service,No internet service,No internet service,No internet service,No internet service,Month-to-month,No,Electronic check,56.49,1126.48,No
CUST-03254,Male,0,Yes,No,1,Yes,No,No,No internet service,No internet service,No internet service,No internet service,No internet service,No internet service,Two year,No,Credit card (automatic),31.75,18.0,No
CUST-03255,Male,0,No,Yes,34,Yes,No,DSL,No,Yes,Yes,No,Yes,Yes,Month-to-month,Yes,Electronic check,51.77,1691.57,Yes
CUST-03256,Male,0,No,Yes,67,Yes,No,No,No internet service,No internet service,No internet service,No internet service,No internet service,No internet service,One year,Yes,Mailed check,73.48,4854.76,No
CUST-03257,Male,0,No,Yes,55,Yes,No,Fiber optic,No,Yes,No,No,No,Yes,Two year,No,Credit card (automatic),51.33,2746.46,No
CUST-03258,Male,0,Yes,Yes,50,Yes,No,DSL,No,No,No,No,No,No,Month-to-month,No,Electronic check,79.51,3915.22,No
CUST-03259,Female,0,No,Yes,54,Yes,No,Fiber optic,Yes,No,No,Yes,No,Yes,Month-to-month,Yes,Electronic check,97.77,5252.45,Yes
CUST-03260,Male,0,Yes,Yes,34,Yes,No,Fiber optic,No,No,No,No,No,Yes,Month-to-month,No,Bank transfer (automatic),54.94,1915.13,Yes
CUST-03261,Male,0,No,Yes,65,Yes,No,Fiber optic,No,No,No,Yes,Yes,Yes,One year,No,Credit card (automatic),90.58,5759.97,No
CUST-03262,Male,0,Yes,No,3,Yes,Yes,No,No internet service,No internet service,No internet service,No internet service,No internet service,No internet service,One year,No,Mailed check,73.44,169.4,No
CUST-03263,Female,0,No,No,72,Yes,No,Fiber optic,No,No,Yes,No,No,Yes,Month-to-month,Yes,Credit card (automatic),103.81,7581.58,Yes
CUST-03264,Female,0,Yes,Yes,36,No,No phone service,DSL,No,No,No,No,No,No,Two year,Yes,Credit card (automatic),21.43,747.01,No
CUST-03265,Female,0,Yes,No,5,Yes,No,Fiber optic,No,Yes,No,No,No,No,Month-to-month,Yes,Electronic check,87.84,465.54,Yes
CUST-03266,Female,0,Yes,Yes,32,Yes,Yes,No,No internet service,No internet service,No internet service,No internet service,No internet service,No internet service,Month-to-month,No,Bank transfer (automatic),50.0,1625.59,No
CUST-03267,Female,0,Yes,No,52,No,No phone service,Fiber optic,No,Yes,Yes,No,No,Yes,Two year,Yes,Bank transfer (automatic),94.66,4886.99,No
CUST-03268,Female,1,Yes,No,4,Yes,Yes,Fiber optic,No,No,No,No,No,No,Month-to-month,No,Credit card (automatic),78.51,289.96,Yes
CUST-03269,Male,0,No,No,38,Yes,No,Fiber optic,Yes,No,Yes,No,No,No,Month-to-month,No,Credit card (automatic),63.21,2453.99,No
CUST-03270,Female,0,No,No,36,Yes,No,DSL,No,Yes,Yes,Yes,Yes,No,One year,Yes,Electronic check,86.76,3198.57,No
CUST-03271,Male,0,No,No,2,Yes,No,Fiber optic,Yes,Yes,No,Yes,No,Yes,Two year,No,Electronic check,76.21,73.39,No
CUST-03272,Male,0,No,Yes,71,Yes,Yes,No,No internet service,No internet service,No internet service,No internet service,No internet service,No internet service,Month-to-month,Yes,Electronic check,75.39,5410.68,No
CUST-03273,Female,0,Yes,No,1,Yes,No,No,No internet service,No internet service,No internet service,No internet service,No internet service,No internet service,One year,Yes,Bank transfer (automatic),56.81,18.0,No
CUST-03274,Male,0,No,No,18,Yes,Yes,DSL,No,No,No,No,Yes,No,Two year,Yes,Credit card (automatic),38.0,732.66,No
CUST-03275,Male,0,No,No,29,Yes,No,No,No internet service,No internet service,No internet service,No internet service,No internet service,No internet service,Month-to-month,Yes,Mailed check,53.02,1592.98,Yes
CUST-03276,Female,0,Yes,Yes,56,No,No phone service,DSL,Yes,No,No,Yes,No,No,Two year,No,Electronic check,80.64,4531.74,No
CUST-03277,Male,0,No,No,66,Yes,No,Fiber optic,No,Yes,No,No,No,Yes,One year,Yes,Credit card (automatic),53.89,3551.16,No
CUST-03278,Male,0,No,No,35,No,No phone service,Fiber optic,No,No,No,Yes,Yes,No,Two year,No,Credit card (automatic),74.58,2686.45,No
CUST-03279,Female,0,No,No,43,Yes,No,DSL,Yes,Yes,Yes,Yes,No,No,Two year,Yes,Electronic check,18.0,750.62,No
CUST-03280,Female,0,No,No,39,Yes,No,DSL,No,No,Yes,No,No,No,Month-to-month,Yes,Mailed check,44.13,1736.33,No
CUST-03281,Male,0,Yes,No,52,Yes,No,Fiber optic,No,No,Yes,No,Yes,Yes,Month-to-month,No,Mailed check,50.04,2569.06,No
CUST-03282,Female,0,No,No,59,Yes,Yes,DSL,No,No,Yes,No,No,No,Month-to-month,Yes,Electronic check,39.13,2379.8,Yes
CUST-03283,Female,1,Yes,No,28,Yes,No,Fiber optic,No,No,Yes,No,Yes,No,Month-to-month,Yes,Bank transfer (automatic),88.67,2483.43,No
CUST-03284,Male,0,No,Yes,19,Yes,Yes,Fiber optic,Yes,No,No,No,Yes,Yes,Month-to-month,Yes,Electronic check,60.95,1191.92,No
CUST-03285,Male,0,Yes,Yes,1,Yes,No,Fiber optic,No,No,Yes,Yes,No,No,Month-to-month,No,Credit card (automatic),68.08,18.0,Yes
CUST-03286,Male,1,No,No,2,No,No phone service,No,No internet service,No internet service,No internet service,No internet service,No internet service,No internet service,Month-to-month,No,Bank transfer (automatic),34.01,44.64,Yes
CUST-03287,Male,0,No,No,61,Yes,No,No,No internet service,No internet service,No internet service,No internet service,No internet service,No internet service,Month-to-month,Yes,Mailed check,55.4,3337.41,Yes
CUST-03288,Male,0,Yes,No,39,No,No phone service,No,No internet service,No internet service,No internet service,No internet service,No internet service,No internet service,Month-to-month,Yes,Bank transfer (automatic),70.73,2713.17,No
CUST-03289,Male,0,Yes,No,1,Yes,Yes,Fiber optic,Yes,No,No,No,Yes,No,Two year,Yes,Electronic check,87.7,125.83,No
CUST-03290,Male,0,Yes,No,0,Yes,No,DSL,No,Yes,No,No,No,No,One year,Yes,Credit card (automatic),69.78,18.0,No
CUST-03291,Male,0,No,No,53,Yes,No,Fiber optic,No,Yes,No,No,Yes,No,One year,Yes,Credit card (automatic),88.72,4702.52,No
CUST-03292,Male,0,No,Yes,48,Yes,No,No,No internet service,No internet service,No internet service,No internet service,No internet service,No internet service,Month-to-month,Yes,Bank transfer (automatic),48.29,2425.67,No
CUST-03293,Male,0,Yes,No,48,Yes,No,Fiber optic,No,No,Yes,No,No,Yes,Month-to-month,Yes,Electronic check,44.34,2123.42,No
CUST-03294,Male,0,No,No,16,Yes,Yes,Fiber optic,No,No,Yes,No,Yes,Yes,One year,Yes,Credit card (automatic),88.19,1340.68,Yes
CUST-03295,Male,0,No,Yes,55,Yes,No,No,No internet service,No internet service,No internet service,No internet service,No internet service,No internet service,Month-to-month,No,Bank transfer (automatic),41.28,2326.5,Yes
CUST-03296,Female,0,Yes,No,55,Yes,No,Fiber optic,No,No,Yes,Yes,No,No,Two year,Yes,Electronic check,37.88,2059.75,No
CUST-03297,Male,0,No,Yes,33,Yes,Yes,Fiber optic,Yes,No,No,No,No,Yes,Two year,No,Bank transfer (automatic),80.6,2651.11,No
CUST-03298,Female,1,Yes,Yes,3,Yes,No,DSL,No,No,No,Yes,No,Yes,One year,Yes,Electronic check,76.77,160.83,No
CUST-03299,Female,0,Yes,No,48,Yes,No,Fiber optic,No,No,No,Yes,No,No,Month-to-month,Yes,Electronic check,92.39,4505.64,No
CUST-03300,Female,1,Yes,No,6,Yes,Yes,Fiber optic,No,No,No,Yes,Yes,No,Month-to-month,No,Mailed check,51.7,369.89,No
CUST-03301,Female,0,Yes,Yes,11,Yes,Yes,DSL,No,No,No,No,No,No,Month-to-month,Yes,Credit card (automatic),52.59,617.84,No
CUST-03302,Male,0,No,No,72,Yes,No,DSL,No,Yes,Yes,No,No,No,Month-to-month,Yes,Bank transfer (automatic),41.38,3052.36,No
CUST-03303,Female,0,No,Yes,39,Yes,No,Fiber optic,No,No,No,Yes,No,Yes,Two year,No,Electronic check,45.35,1793.33,No
CUST-03304,Male,0,Yes,No,54,Yes,No,Fiber optic,No,No,Yes,No,No,No,Month-to-month,No,Electronic check,71.26,3800.32,No
CUST-03305,Male,0,No,No,3,Yes,No,No,No internet service,No internet service,No internet service,No internet service,No internet service,No internet service,Two year,Yes,Mailed check,42.6,77.27,No
CUST-03306,Male,1,Yes,No,0,Yes,No,No,No internet service,No internet service,No internet service,No internet service,No internet service,No internet service,Two year,Yes,Mailed check,27.76,18.0,No
CUST-03307,Male,0,Yes,No,67,Yes,Yes,DSL,No,No,Yes,No,No,No,Two year,Yes,Credit card (automatic),48.17,3231.42,No
CUST-03308,Male,0,No,No,40,No,No phone service,DSL,No,No,No,No,Yes,Yes,Two year,Yes,Credit card (automatic),53.51,2136.64,No
CUST-03309,Male,0,No,No,61,Yes,No,DSL,Yes,Yes,No,No,Yes,Yes,Month-to-month,No,Mailed check,41.32,2418.55,No
CUST-03310,Female,0,No,Yes,0,Yes,No,DSL,No,No,No,No,Yes,Yes,One year,Yes,Bank transfer (automatic),23.69,18.0,No
CUST-03311,Female,0,Yes,Yes,45,Yes,Yes,Fiber optic,Yes,No,No,No,No,No,Month-to-month,No,Credit card (automatic),61.56,2699.25,No
CUST-03312,Male,1,Yes,No,46,Yes,No,Fiber optic,No,Yes,No,No,No,Yes,Month-to-month,Yes,Mailed check,48.0,2251.19,No
CUST-03313,Female,0,Yes,No,26,Yes,Yes,DSL,No,No,No,No,No,No,Two year,Yes,Bank transfer (automatic),54.61,1356.45,No
CUST-03314,Male,0,No,Yes,59,Yes,No,Fiber optic,Yes,No,No,No,Yes,No,Two year,Yes,Electronic check,71.02,4239.8,No
CUST-03315,Male,0,Yes,No,47,Yes,No,No,No internet service,No internet service,No internet service,No internet service,No internet service,No internet service,Month-to-month,Yes,Electronic check,63.88,3012.47,No
CUST-03316,Female,0,No,No,35,Yes,Yes,DSL,Yes,No,No,Yes,Yes,Yes,Two year,No,Bank transfer (automatic),18.0,585.71,No
CUST-03317,Female,1,Yes,No,7,Yes,No,No,No internet service,No internet service,No internet service,No internet service,No internet service,No internet service,Two year,No,Credit card (automatic),64.8,477.18,No
CUST-03318,Male,1,Yes,No,0,Yes,No,DSL,No,No,No,No,No,No,Two year,Yes,Electronic check,39.12,70.1,No
CUST-03319,Male,0,Yes,No,44,Yes,Yes,DSL,No,No,No,No,Yes,Yes,Month-to-month,No,Bank transfer (automatic),53.88,2386.75,No
CUST-03320,Male,1,No,No,51,No,No phone service,Fiber optic,No,No,No,No,No,No,Month-to-month,Yes,Mailed check,70.84,3559.91,Yes
CUST-03321,Male,0,No,No,45,Yes,No,DSL,No,No,Yes,No,No,Yes,Month-to-month,No,Bank transfer (automatic),36.04,1599.1,Yes
CUST-03322,Male,0,No,Yes,7,Yes,No,DSL,No,No,No,Yes,No,Yes,Month-to-month,No,Electronic check,60.56,404.4,Yes
CUST-03323,Female,0,No,No,36,Yes,Yes,DSL,No,Yes,No,No,No,No,Month-to-month,Yes,Credit card (automatic),56.21,1984.78,No
CUST-03324,Female,0,No,No,30,Yes,Yes,DSL,No,No,No,Yes,No,No,Month-to-month,No,Mailed check,89.22,2589.89,Yes
CUST-03325,Male,0,Yes,No,5,Yes,Yes,Fiber optic,No,No,No,No,Yes,No,Two year,Yes,Electronic check,76.07,475.11,No
CUST-03326,Female,0,No,No,0,No,No phone service,DSL,No,No,Yes,Yes,No,Yes,Month-to-month,Yes,Electronic check,52.23,18.0,No
CUST-03327,Male,0,No,No,1,No,No phone service,DSL,No,No,Yes,No,No,Yes,Two year,No,Credit card (automatic),40.03,18.0,No
CUST-03328,Male,1,No,No,65,Yes,No,Fiber optic,No,Yes,Yes,Yes,Yes,No,One year,Yes,Bank transfer (automatic),49.73,3167.8,No
CUST-03329,Male,1,Yes,Yes,31,Yes,Yes,Fiber optic,Yes,No,No,No,No,No,Month-to-month,No,Electronic check,26.64,784.57,No
CUST-03330,Female,0,Yes,No,0,Yes,No,Fiber optic,Yes,No,Yes,Yes,No,No,Two year,Yes,Mailed check,69.02,18.0,No
CUST-03331,Female,0,No,No,27,Yes,Yes,Fiber optic,No,Yes,No,Yes,No,No,Month-to-month,Yes,Credit card (automatic),86.65,2377.84,No
CUST-03332,Female,0,Yes,Yes,14,Yes,Yes,No,No internet service,No internet service,No internet service,No internet service,No internet service,No internet service,One year,Yes,Mailed check,32.68,485.79,No
CUST-03333,Male,0,Yes,No,44,Yes,No,DSL,No,No,Yes,No,Yes,No,Two year,Yes,Mailed check,70.26,3101.41,No
CUST-03334,Female,0,Yes,No,65,Yes,Yes,No,No internet service,No internet service,No internet service,No internet service,No internet service,No internet service,Month-to-month,No,Electronic check,44.6,2836.06,No
CUST-03335,Male,0,No,No,59,Yes,No,Fiber optic,No,No,Yes,No,No,No,Two year,Yes,Credit card (automatic),86.21,5126.14,No
CUST-03336,Male,0,Yes,No,72,Yes,No,No,No internet service,No internet service,No internet service,No internet service,No internet service,No internet service,Two year,Yes,Mailed check,40.39,2892.24,No
CUST-03337,Female,0,No,No,72,Yes,Yes,DSL,Yes,No,Yes,No,No,Yes,Two year,No,Credit card (automatic),36.01,2660.65,No
CUST-03338,Male,0,No,No,49,Yes,No,No,No internet service,No internet service,No internet service,No internet service,No internet service,No internet service,Two year,No,Electronic check,64.17,3036.76,No
CUST-03339,Female,0,No,No,62,Yes,No,No,No internet service,No internet service,No internet service,No internet service,No internet service,No internet service,Month-to-month,Yes,Electronic check,44.32,2700.93,No
CUST-03340,Female,1,Yes,No,55,Yes,Yes,DSL,No,No,No,No,No,Yes,One year,Yes,Mailed check,72.25,3918.9,No
CUST-03341,Female,0,No,Yes,64,Yes,No,Fiber optic,No,Yes,No,No,No,No,Month-to-month,No,Electronic check,63.39,3993.48,Yes
CUST-03342,Male,0,Yes,Yes,0,Yes,Yes,DSL,No,Yes,Yes,No,Yes,No,One year,Yes,Bank transfer (automatic),18.0,25.52,No
CUST-03343,Male,0,Yes,No,70,Yes,No,DSL,No,No,No,No,No,No,One year,No,Electronic check,83.28,5889.02,No
CUST-03344,Female,0,Yes,No,8,Yes,Yes,Fiber optic,No,No,No,No,No,No,One year,Yes,Electronic check,52.77,459.8,No
CUST-03345,Female,0,Yes,No,39,Yes,No,Fiber optic,No,No,No,No,Yes,No,Two year,Yes,Bank transfer (automatic),48.04,1873.87,No
CUST-03346,Female,0,No,Yes,34,No,No phone service,Fiber optic,Yes,No,Yes,No,No,No,Month-to-month,Yes,Electronic check,76.26,2605.81,Yes
CUST-03347,Female,0,Yes,Yes,8,Yes,Yes,DSL,Yes,No,No,No,No,Yes,Month-to-month,Yes,Electronic check,27.38,246.3,No
CUST-03348,Male,0,No,No,4,Yes,Yes,DSL,Yes,Yes,No,Yes,No,No,One year,Yes,Bank transfer (automatic),66.56,220.98,No
CUST-03349,Male,0,Yes,Yes,2,Yes,No,DSL,No,No,No,No,No,Yes,Month-to-month,No,Mailed check,49.39,108.37,No
CUST-03350,Female,0,No,No,5,Yes,No,DSL,Yes,Yes,No,No,Yes,No,Month-to-month,No,Electronic check,54.6,265.52,Yes
CUST-03351,Male,0,No,No,37,Yes,Yes,Fiber optic,No,No,No,No,No,No,Month-to-month,No,Credit card (automatic),84.06,3023.23,Yes
CUST-03352,Female,0,Yes,No,0,Yes,No,DSL,Yes,No,No,No,No,No,Month-to-month,Yes,Mailed check,40.91,110.07,No
CUST-03353,Male,0,No,No,5,Yes,Yes,No,No internet service,No internet service,No internet service,No internet service,No internet service,No internet service,Two year,Yes,Bank transfer (automatic),28.53,161.29,No
CUST-03354,Female,0,Yes,Yes,23,Yes,No,Fiber optic,Yes,Yes,Yes,No,No,No,One year,Yes,Electronic check,89.87,2015.89,Yes
CUST-03355,Female,0,No,No,18,Yes,No,No,No internet service,No internet service,No internet service,No internet service,No internet service,No internet service,Month-to-month,Yes,Mailed check,35.48,615.34,Yes
CUST-03356,Male,0,No,Yes,57,Yes,No,DSL,Yes,No,No,No,No,No,Two year,No,Credit card (automatic),52.38,3011.12,No
CUST-03357,Male,0,No,No,50,Yes,No,DSL,No,Yes,No,Yes,Yes,No,Two year,Yes,Credit card (automatic),59.61,2993.31,No
CUST-03358,Female,0,Yes,No,4,Yes,Yes,DSL,No,No,No,No,No,No,One year,Yes,Electronic check,64.94,251.17,No
CUST-03359,Male,0,No,No,0,Yes,Yes,Fiber optic,No,Yes,Yes,No,Yes,No,Two year,No,Electronic check,48.63,74.47,Yes
CUST-03360,Female,0,No,No,40,Yes,Yes,No,No internet service,No internet service,No internet service,No internet service,No internet service,No internet service,Month-to-month,Yes,Bank transfer (automatic),52.09,2067.38,No
CUST-03361,Female,0,No,Yes,60,Yes,No,Fiber optic,No,Yes,Yes,No,No,Yes,Month-to-month,Yes,Bank transfer (automatic),89.74,5423.39,No
CUST-03362,Female,0,Yes,Yes,3,Yes,Yes,No,No internet service,No internet service,No internet service,No internet service,No internet service,No internet service,Month-to-month,Yes,Electronic check,51.83,207.2,Yes
CUST-03363,Male,1,Yes,No,28,Yes,Yes,No,No internet service,No internet service,No internet service,No internet service,No internet service,No internet service,One year,No,Credit card (automatic),65.56,1881.24,No
CUST-03364,Female,1,No,No,5,Yes,Yes,Fiber optic,Yes,Yes,No,No,No,No,One year,No,Credit card (automatic),60.77,287.74,No
CUST-03365,Male,0,No,No,62,Yes,Yes,Fiber optic,Yes,No,Yes,Yes,No,Yes,Month-to-month,No,Mailed check,45.93,2782.5,No
CUST-03366,Female,0,No,No,27,Yes,No,DSL,No,No,Yes,No,No,Yes,Month-to-month,Yes,Credit card (automatic),62.87,1586.36,No
CUST-03367,Female,0,No,No,43,Yes,No,Fiber optic,No,Yes,No,No,Yes,Yes,Two year,Yes,Electronic check,70.83,3046.64,Yes
CUST-03368,Male,0,No,No,29,Yes,Yes,Fiber optic,No,Yes,No,No,Yes,No,Month-to-month,No,Bank transfer (automatic),98.03,2854.75,Yes
CUST-03369,Male,0,Yes,Yes,4,Yes,Yes,DSL,No,No,No,Yes,No,No,Month-to-month,Yes,Mailed check,62.4,211.87,No
CUST-03370,Male,0,No,No,25,Yes,Yes,No,No internet service,No internet service,No internet service,No internet service,No internet service,No internet service,One year,Yes,Credit card (automatic),58.15,1459.02,No
CUST-03371,Female,0,Yes,No,69,Yes,No,No,No internet service,No internet service,No internet service,No internet service,No internet service,No internet service,One year,No,Credit card (automatic),40.16,2819.89,No
CUST-03372,Male,0,No,No,62,Yes,No,No,No internet service,No internet service,No internet service,No internet service,No internet service,No internet service,Month-to-month,Yes,Bank transfer (automatic),45.68,2778.94,No
CUST-03373,Male,0,Yes,No,44,Yes,Yes,DSL,No,No,No,No,No,Yes,Two year,No,Electronic check,73.21,3183.85,No
CUST-03374,Female,0,No,No,40,Yes,Yes,Fiber optic,No,No,No,Yes,Yes,No,Month-to-month,Yes,Electronic check,80.98,3157.07,No
CUST-03375,Female,1,No,No,4,Yes,No,Fiber optic,No,Yes,Yes,No,No,No,Month-to-month,Yes,Credit card (automatic),112.2,424.4,Yes
CUST-03376,Female,0,No,No,14,Yes,No,DSL,Yes,No,No,No,No,Yes,Month-to-month,Yes,Mailed check,71.23,1027.15,Yes
CUST-03377,Female,0,Yes,No,22,Yes,No,DSL,Yes,No,No,No,Yes,No,Month-to-month,Yes,Electronic check,58.1,1254.89,No
CUST-03378,Female,1,No,No,2,Yes,Yes,DSL,No,Yes,Yes,No,Yes,No,One year,No,Bank transfer (automatic),60.86,114.9,No
CUST-03379,Female,0,Yes,No,9,Yes,No,DSL,No,Yes,No,No,No,Yes,Month-to-month,Yes,Credit card (automatic),65.06,524.95,No
CUST-03380,Male,0,Yes,Yes,45,Yes,No,Fiber optic,No,Yes,Yes,No,Yes,No,Month-to-month,Yes,Mailed check,95.44,4362.75,No
CUST-03381,Female,0,No,No,49,Yes,Yes,No,No internet service,No internet service,No internet service,No internet service,No internet service,No internet service,Month-to-month,No,Credit card (automatic),42.76,2138.23,No
CUST-03382,Female,0,No,Yes,49,Yes,Yes,No,No internet service,No internet service,No internet service,No internet service,No internet service,No internet service,Month-to-month,Yes,Bank transfer (automatic),19.52,904.45,No
CUST-03383,Female,0,Yes,Yes,43,Yes,Yes,DSL,No,Yes,No,No,No,No,Month-to-month,Yes,Mailed check,68.83,2966.17,No
CUST-03384,Female,0,No,No,0,No,No phone service,Fiber optic,No,No,No,No,Yes,Yes,Month-to-month,Yes,Electronic check,86.32,23.71,Yes
CUST-03385,Female,0,Yes,Yes,43,Yes,Yes,DSL,No,No,Yes,Yes,No,Yes,One year,No,Mailed check,47.57,2144.5,No
CUST-03386,Male,0,No,No,36,Yes,Yes,DSL,No,No,Yes,Yes,No,No,Month-to-month,Yes,Credit card (automatic),75.13,2747.39,Yes
CUST-03387,Female,1,No,No,13,No,No phone service,No,No internet service,No internet service,No internet service,No internet service,No internet service,No internet service,Month-to-month,No,Mailed check,58.4,816.76,No
CUST-03388,Female,0,No,No,34,Yes,No,No,No internet service,No internet service,No internet service,No internet service,No internet service,No internet service,Month-to-month,Yes,Mailed check,49.93,1693.59,No
CUST-03389,Male,0,No,No,67,Yes,No,No,No internet service,No internet service,No internet service,No internet service,No internet service,No internet service,Month-to-month,No,Electronic check,38.33,2569.3,No
CUST-03390,Female,0,No,No,0,Yes,No,Fiber optic,No,Yes,No,No,No,No,Month-to-month,Yes,Electronic check,52.65,18.0,No
CUST-03391,Male,0,No,No,72,Yes,Yes,Fiber optic,No,Yes,No,Yes,No,No,One year,No,Mailed check,75.83,5439.11,No
CUST-03392,Female,0,Yes,Yes,26,Yes,Yes,Fiber optic,Yes,No,Yes,No,No,No,One year,Yes,Credit card (automatic),76.79,2050.96,Yes
CUST-03393,Female,0,Yes,No,46,Yes,Yes,Fiber optic,Yes,No,No,No,No,Yes,Month-to-month,Yes,Electronic check,63.92,2925.81,No
CUST-03394,Male,1,No,No,5,Yes,No,DSL,No,No,No,Yes,Yes,Yes,Month-to-month,Yes,Credit card (automatic),27.86,160.81,No
CUST-03395,Male,0,Yes,No,2,Yes,No,DSL,No,Yes,Yes,No,Yes,Yes,One year,No,Bank transfer (automatic),65.44,65.81,No
CUST-03396,Female,0,No,No,63,Yes,No,No,No internet service,No internet service,No internet service,No internet service,No internet service,No internet service,Two year,Yes,Electronic check,55.36,3440.09,No
CUST-03397,Male,0,Yes,No,1,Yes,Yes,DSL,No,No,No,No,No,Yes,Month-to-month,No,Bank transfer (automatic),56.18,24.25,No
CUST-03398,Female,0,No,Yes,39,Yes,Yes,No,No internet service,No internet service,No internet service,No internet service,No internet service,No internet service,Month-to-month,Yes,Credit card (automatic),43.84,1729.74,No
CUST-03399,Male,0,No,Yes,8,Yes,No,DSL,Yes,No,No,No,Yes,Yes,Two year,Yes,Credit card (automatic),41.08,386.08,No
CUST-03400,Female,0,No,No,36,No,No phone service,No,No internet service,No internet service,No internet service,No internet service,No internet service,No internet service,One year,Yes,Bank transfer (automatic),55.83,1947.53,No
CUST-03401,Female,0,No,No,17,Yes,No,No,No internet service,No internet service,No internet service,No internet service,No internet service,No internet service,One year,Yes,Credit card (automatic),73.02,1212.19,No
CUST-03402,Female,0,Yes,No,46,Yes,No,DSL,No,Yes,No,No,Yes,No,One year,No,Mailed check,40.02,1855.72,No
CUST-03403,Male,0,No,No,3,Yes,No,Fiber optic,No,Yes,No,No,No,Yes,One year,Yes,Bank transfer (automatic),63.58,206.8,No
CUST-03404,Female,0,Yes,No,72,Yes,No,No,No internet service,No internet service,No internet service,No internet service,No internet service,No internet service,Month-to-month,Yes,Mailed check,39.57,2923.03,No
CUST-03405,Male,0,No,No,72,Yes,Yes,DSL,Yes,Yes,Yes,Yes,No,Yes,One year,No,Credit card (automatic),70.66,5116.86,No
CUST-03406,Male,1,No,Yes,35,Yes,Yes,DSL,Yes,No,Yes,No,No,No,Two year,Yes,Electronic check,79.53,2790.0,No
CUST-03407,Male,0,Yes,No,24,Yes,No,DSL,No,No,No,Yes,No,No,Month-to-month,Yes,Electronic check,60.44,1454.71,No
CUST-03408,Female,1,Yes,No,34,Yes,No,DSL,No,No,No,No,Yes,No,One year,Yes,Mailed check,52.65,1828.08,No
CUST-03409,Female,0,Yes,No,1,No,No phone service,DSL,Yes,Yes,No,No,No,No,Two year,Yes,Mailed check,55.92,208.62,No
CUST-03410,Male,0,Yes,No,37,Yes,Yes,DSL,Yes,No,Yes,No,No,Yes,Month-to-month,Yes,Credit card (automatic),33.28,1272.19,No
CUST-03411,Male,0,No,No,0,Yes,No,DSL,No,Yes,No,No,Yes,No,Two year,No,Mailed check,33.39,67.75,No
CUST-03412,Female,0,Yes,Yes,41,Yes,No,No,No internet service,No internet service,No internet service,No internet service,No internet service,No internet service,Month-to-month,Yes,Electronic check,51.18,2151.3,No
CUST-03413,Male,0,No,No,42,Yes,Yes,DSL,Yes,No,No,Yes,No,Yes,Two year,Yes,Bank transfer (automatic),83.98,3531.02,No
CUST-03414,Male,0,No,No,9,No,No phone service,DSL,No,No,No,No,No,No,One year,Yes,Electronic check,95.63,768.52,No
CUST-03415,Female,1,No,Yes,20,Yes,Yes,No,No internet service,No internet service,No internet service,No internet service,No internet service,No internet service,Month-to-month,Yes,Mailed check,41.59,811.74,Yes
CUST-03416,Male,0,No,No,47,Yes,Yes,Fiber optic,No,Yes,Yes,No,Yes,No,Two year,Yes,Electronic check,49.45,2328.61,No
CUST-03417,Female,0,Yes,No,41,Yes,No,Fiber optic,Yes,Yes,No,No,No,Yes,Month-to-month,Yes,Mailed check,60.96,2527.6,No
CUST-03418,Female,0,No,No,4,Yes,Yes,Fiber optic,Yes,No,No,Yes,No,No,Month-to-month,Yes,Credit card (automatic),102.42,448.24,No
CUST-03419,Male,0,No,No,18,Yes,No,Fiber optic,No,No,Yes,No,Yes,No,Month-to-month,Yes,Mailed check,55.06,1026.65,No
CUST-03420,Male,0,No,No,10,Yes,Yes,No,No internet service,No internet service,No internet service,No internet service,No internet service,No internet service,Two year,No,Electronic check,45.2,329.0,Yes
CUST-03421,Female,0,Yes,No,65,Yes,No,No,No internet service,No internet service,No internet service,No internet service,No internet service,No internet service,Two year,No,Bank transfer (automatic),60.83,3950.84,No
CUST-03422,Female,0,Yes,No,59,Yes,Yes,DSL,No,No,No,No,No,Yes,Two year,No,Bank transfer (automatic),55.43,3257.4,No
CUST-03423,Female,0,No,No,0,No,No phone service,Fiber optic,Yes,No,No,No,No,No,Two year,No,Credit card (automatic),90.13,18.0,No
CUST-03424,Male,0,No,No,13,Yes,Yes,Fiber optic,No,Yes,No,No,Yes,No,Month-to-month,No,Electronic check,46.69,621.11,No
CUST-03425,Female,0,Yes,Yes,16,Yes,No,No,No internet service,No internet service,No internet service,No internet service,No internet service,No internet service,Month-to-month,Yes,Mailed check,34.11,569.02,Yes
CUST-03426,Female,0,No,No,0,Yes,No,DSL,No,No,No,No,No,Yes,Two year,No,Bank transfer (automatic),45.74,18.0,No
CUST-03427,Male,0,Yes,No,48,Yes,Yes,No,No internet service,No internet service,No internet service,No internet service,No internet service,No internet service,Month-to-month,Yes,Bank transfer (automatic),43.02,2109.52,No
CUST-03428,Female,1,No,Yes,1,Yes,No,No,No internet service,No internet service,No internet service,No internet service,No internet service,No internet service,Month-to-month,Yes,Bank transfer (automatic),60.75,18.0,Yes
CUST-03429,Female,0,Yes,No,72,Yes,Yes,Fiber optic,No,Yes,No,No,Yes,No,Month-to-month,Yes,Bank transfer (automatic),46.7,3319.17,No
CUST-03430,Male,1,Yes,No,72,Yes,Yes,Fiber optic,No,No,No,No,Yes,Yes,One year,No,Mailed check,68.48,4974.41,Yes
CUST-03431,Male,0,Yes,Yes,36,Yes,No,Fiber optic,No,No,No,No,Yes,No,One year,No,Credit card (automatic),75.11,2739.31,No
CUST-03432,Female,0,Yes,No,8,Yes,No,No,No internet service,No internet service,No internet service,No internet service,No internet service,No internet service,Month-to-month,Yes,Credit card (automatic),58.43,509.82,No
CUST-03433,Male,0,Yes,No,2,Yes,No,Fiber optic,No,Yes,No,No,Yes,No,Two year,Yes,Bank transfer (automatic),63.48,149.96,No
CUST-03434,Male,0,Yes,No,59,No,No phone service,No,No internet service,No internet service,No internet service,No internet service,No internet service,No internet service,One year,No,Electronic check,43.59,2568.47,No
CUST-03435,Male,0,Yes,No,72,Yes,Yes,No,No internet service,No internet service,No internet service,No internet service,No internet service,No internet service,Two year,Yes,Credit card (automatic),47.81,3405.7,No
CUST-03436,Female,0,No,Yes,25,Yes,Yes,Fiber optic,No,No,No,Yes,No,No,Two year,No,Electronic check,82.99,2062.92,No
CUST-03437,Male,0,No,No,1,Yes,No,DSL,Yes,No,No,Yes,Yes,No,Two year,Yes,Credit card (automatic),83.68,174.35,No
CUST-03438,Female,1,No,No,38,Yes,No,Fiber optic,No,No,No,No,No,No,One year,Yes,Bank transfer (automatic),78.91,3093.61,No
CUST-03439,Female,0,Yes,No,70,Yes,Yes,DSL,No,Yes,No,No,No,No,Month-to-month,Yes,Electronic check,70.48,4918.38,Yes
CUST-03440,Female,0,Yes,No,10,Yes,Yes,DSL,No,No,Yes,No,Yes,No,Month-to-month,Yes,Electronic check,27.52,365.06,No
CUST-03441,Female,0,No,Yes,51,Yes,No,Fiber optic,Yes,No,No,Yes,Yes,Yes,Month-to-month,Yes,Credit card (automatic),61.76,3284.04,No
CUST-03442,Male,0,No,Yes,10,Yes,Yes,Fiber optic,Yes,No,Yes,No,No,No,Month-to-month,Yes,Mailed check,81.89,752.58,No
CUST-03443,Male,0,No,No,9,Yes,Yes,DSL,No,Yes,No,No,No,No,Month-to-month,Yes,Mailed check,73.04,654.15,Yes
CUST-03444,Male,0,No,Yes,0,Yes,Yes,Fiber optic,No,Yes,No,Yes,Yes,Yes,Month-to-month,Yes,Electronic check,39.95,18.0,Yes
CUST-03445,Female,0,No,No,2,Yes,Yes,DSL,No,No,No,Yes,Yes,Yes,Month-to-month,Yes,Electronic check,48.22,186.99,Yes
CUST-03446,Female,0,No,No,35,Yes,Yes,No,No internet service,No internet service,No internet service,No internet service,No internet service,No internet service,Two year,Yes,Electronic check,37.68,1269.33,No
CUST-03447,Male,0,Yes,Yes,60,Yes,Yes,Fiber optic,No,No,No,No,No,No,One year,No,Electronic check,86.57,5180.15,No
CUST-03448,Female,0,No,No,1,Yes,Yes,DSL,No,Yes,No,No,No,No,Two year,No,Bank transfer (automatic),35.45,52.19,No
CUST-03449,Female,0,No,No,57,No,No phone service,No,No internet service,No internet service,No internet service,No internet service,No internet service,No internet service,Month-to-month,Yes,Bank transfer (automatic),54.22,3087.82,No
CUST-03450,Male,0,No,Yes,67,Yes,Yes,DSL,No,No,No,Yes,Yes,No,One year,Yes,Bank transfer (automatic),58.02,3833.3,No
CUST-03451,Male,0,Yes,No,0,Yes,Yes,DSL,No,No,No,No,No,Yes,Month-to-month,Yes,Bank transfer (automatic),64.34,18.0,No
CUST-03452,Male,1,Yes,Yes,67,Yes,No,Fiber optic,No,Yes,No,Yes,Yes,No,Month-to-month,Yes,Mailed check,73.31,4878.42,No
CUST-03453,Male,0,Yes,No,46,Yes,Yes,DSL,No,No,No,No,Yes,No,Month-to-month,No,Credit card (automatic),62.56,2818.76,No
CUST-03454,Male,0,Yes,No,3,Yes,Yes,No,No internet service,No internet service,No internet service,No internet service,No internet service,No internet service,Two year,No,Electronic check,56.87,203.55,No
CUST-03455,Female,0,No,No,0,Yes,No,No,No internet service,No internet service,No internet service,No internet service,No internet service,No internet service,Month-to-month,Yes,Mailed check,35.72,28.25,No
CUST-03456,Female,0,No,No,46,No,No phone service,No,No internet service,No internet service,No internet service,No internet service,No internet service,No internet service,One year,Yes,Credit card (automatic),42.85,1951.13,No
CUST-03457,Female,0,Yes,No,49,Yes,No,Fiber optic,No,Yes,No,Yes,No,No,Month-to-month,Yes,Mailed check,85.52,4176.22,Yes
CUST-03458,Male,0,No,No,54,Yes,Yes,DSL,No,No,No,Yes,Yes,Yes,Month-to-month,No,Mailed check,61.51,3298.26,No
CUST-03459,Female,1,Yes,Yes,0,Yes,No,Fiber optic,No,Yes,No,Yes,No,Yes,Two year,No,Bank transfer (automatic),40.87,18.0,No
CUST-03460,Male,1,No,Yes,21,Yes,No,DSL,No,Yes,No,Yes,No,No,Two year,No,Credit card (automatic),34.04,715.49,No
CUST-03461,Male,0,Yes,Yes,40,Yes,Yes,No,No internet service,No internet service,No internet service,No internet service,No internet service,No internet service,Month-to-month,No,Electronic check,66.88,2699.34,No
CUST-03462,Female,0,No,No,24,Yes,Yes,DSL,No,Yes,Yes,No,Yes,No,Two year,Yes,Electronic check,45.42,1019.75,No
CUST-03463,Female,0,No,No,72,Yes,Yes,DSL,No,No,Yes,Yes,Yes,Yes,Month-to-month,Yes,Electronic check,23.06,1620.47,No
CUST-03464,Male,0,No,Yes,38,Yes,Yes,Fiber optic,No,No,Yes,No,Yes,Yes,Month-to-month,No,Bank transfer (automatic),60.83,2384.78,No
CUST-03465,Male,0,No,No,34,Yes,Yes,Fiber optic,No,No,No,Yes,Yes,No,Month-to-month,Yes,Electronic check,79.68,2743.56,Yes
CUST-03466,Female,0,Yes,No,51,Yes,Yes,No,No internet service,No internet service,No internet service,No internet service,No internet service,No internet service,One year,No,Electronic check,36.82,1877.61,No
CUST-03467,Female,0,No,Yes,0,Yes,No,No,No internet service,No internet service,No internet service,No internet service,No internet service,No internet service,Month-to-month,Yes,Electronic check,66.06,18.0,No
CUST-03468,Male,0,Yes,Yes,42,Yes,No,Fiber optic,No,No,No,No,No,No,Month-to-month,Yes,Mailed check,53.57,2241.01,Yes
CUST-03469,Female,0,Yes,No,72,Yes,Yes,No,No internet service,No internet service,No internet service,No internet service,No internet service,No internet service,Month-to-month,Yes,Credit card (automatic),52.41,3824.01,No
CUST-03470,Female,0,No,Yes,41,Yes,Yes,No,No internet service,No internet service,No internet service,No internet service,No internet service,No internet service,Two year,No,Electronic check,57.81,2338.36,No
CUST-03471,Male,1,No,No,16,Yes,No,No,No internet service,No internet service,No internet service,No internet service,No internet service,No internet service,Month-to-month,No,Credit card (automatic),49.51,764.95,Yes
CUST-03472,Female,0,No,No,1,Yes,Yes,No,No internet service,No internet service,No internet service,No internet service,No internet service,No internet service,Month-to-month,Yes,Electronic check,55.15,40.19,Yes
CUST-03473,Female,0,Yes,No,0,Yes,No,Fiber optic,No,No,No,No,No,No,Month-to-month,No,Electronic check,99.57,18.0,No
CUST-03474,Female,0,No,No,57,Yes,No,DSL,No,Yes,No,No,Yes,Yes,Month-to-month,No,Credit card (automatic),59.73,3479.8,Yes
CUST-03475,Male,0,Yes,Yes,35,Yes,No,No,No internet service,No internet service,No internet service,No internet service,No internet service,No internet service,Month-to-month,No,Credit card (automatic),18.0,540.83,No
CUST-03476,Male,0,No,No,5,Yes,Yes,DSL,Yes,Yes,No,No,No,Yes,Month-to-month,Yes,Mailed check,52.76,260.4,No
CUST-03477,Female,1,No,No,69,No,No phone service,No,No internet service,No internet service,No internet service,No internet service,No internet service,No internet service,Month-to-month,Yes,Bank transfer (automatic),52.73,3587.65,Yes
CUST-03478,Female,0,No,No,72,Yes,No,Fiber optic,Yes,No,No,No,Yes,No,Month-to-month,No,Electronic check,84.74,6147.36,Yes
CUST-03479,Male,0,No,No,15,Yes,Yes,Fiber optic,Yes,No,No,No,No,No,Month-to-month,Yes,Electronic check,81.43,1169.52,Yes
CUST-03480,Female,1,No,Yes,36,Yes,No,No,No internet service,No internet service,No internet service,No internet service,No internet service,No internet service,Month-to-month,Yes,Bank transfer (automatic),49.4,1853.44,No
CUST-03481,Female,0,Yes,No,53,Yes,Yes,Fiber optic,No,Yes,No,Yes,No,Yes,Month-to-month,Yes,Electronic check,79.07,4216.23,Yes
CUST-03482,Male,0,No,No,2,Yes,Yes,DSL,No,No,Yes,No,No,Yes,One year,No,Electronic check,61.73,199.19,No
CUST-03483,Female,1,No,No,55,Yes,No,No,No internet service,No internet service,No internet service,No internet service,No internet service,No internet service,Two year,Yes,Bank transfer (automatic),31.53,1732.24,No
CUST-03484,Male,0,Yes,No,12,Yes,Yes,DSL,No,No,No,No,No,No,Month-to-month,No,Credit card (automatic),66.45,772.0,No
CUST-03485,Male,0,Yes,No,3,Yes,Yes,No,No internet service,No internet service,No internet service,No internet service,No internet service,No internet service,One year,No,Electronic check,34.08,125.35,No
CUST-03486,Male,0,Yes,No,67,No,No phone service,No,No internet service,No internet service,No internet service,No internet service,No internet service,No internet service,Month-to-month,Yes,Electronic check,20.9,1396.44,No
CUST-03487,Male,0,No,No,4,Yes,Yes,Fiber optic,No,No,Yes,Yes,No,No,Month-to-month,No,Electronic check,71.25,283.28,Yes
CUST-03488,Female,0,No,Yes,5,No,No phone service,Fiber optic,Yes,Yes,Yes,No,Yes,No,One year,Yes,Mailed check,64.1,388.74,No
CUST-03489,Male,0,No,No,39,Yes,No,DSL,No,No,No,No,No,No,Two year,No,Electronic check,55.71,2124.09,No
CUST-03490,Female,1,Yes,No,70,Yes,No,No,No internet service,No internet service,No internet service,No internet service,No internet service,No internet service,One year,No,Credit card (automatic),23.73,1687.3,No
CUST-03491,Male,0,Yes,No,59,No,No phone service,Fiber optic,No,No,No,No,No,Yes,Month-to-month,No,Electronic check,74.21,4435.5,Yes
CUST-03492,Female,0,No,No,2,Yes,No,DSL,Yes,No,Yes,Yes,Yes,No,Month-to-month,Yes,Credit card (automatic),52.65,87.56,No
CUST-03493,Male,0,Yes,Yes,57,Yes,Yes,No,No internet service,No internet service,No internet service,No internet service,No internet service,No internet service,Month-to-month,Yes,Mailed check,42.84,2533.26,No
CUST-03494,Female,1,Yes,No,27,Yes,Yes,Fiber optic,No,No,No,No,No,No,Two year,Yes,Electronic check,71.75,1855.71,Yes
CUST-03495,Female,0,Yes,Yes,2,Yes,Yes,No,No internet service,No internet service,No internet service,No internet service,No internet service,No internet service,One year,Yes,Electronic check,41.69,66.03,No
CUST-03496,Female,0,Yes,Yes,39,Yes,No,Fiber optic,No,No,No,No,No,No,Two year,Yes,Credit card (automatic),54.24,2076.41,No
CUST-03497,Male,0,Yes,No,31,No,No phone service,No,No internet service,No internet service,No internet service,No internet service,No internet service,No internet service,Two year,No,Bank transfer (automatic),26.36,722.51,No
CUST-03498,Male,0,No,Yes,4,Yes,No,Fiber optic,No,Yes,No,Yes,No,No,Two year,No,Bank transfer (automatic),78.24,355.11,No
CUST-03499,Male,1,Yes,No,72,Yes,No,Fiber optic,Yes,Yes,Yes,Yes,No,Yes,Two year,No,Electronic check,56.77,4157.37,No
CUST-03500,Male,1,Yes,No,68,Yes,Yes,DSL,No,No,No,No,No,Yes,One year,Yes,Bank transfer (automatic),29.04,2005.46,No
CUST-03501,Male,0,No,No,55,Yes,No,Fiber optic,Yes,Yes,No,Yes,No,Yes,Month-to-month,No,Electronic check,61.66,3439.45,No
CUST-03502,Female,0,No,Yes,56,Yes,Yes,Fiber optic,No,Yes,No,No,Yes,Yes,One year,No,Electronic check,61.62,3455.53,No
CUST-03503,Male,0,No,Yes,9,Yes,Yes,Fiber optic,No,Yes,No,No,No,No,Two year,No,Electronic check,60.62,472.22,Yes
CUST-03504,Male,0,No,No,51,Yes,No,No,No internet service,No internet service,No internet service,No internet service,No internet service,No internet service,Month-to-month,Yes,Bank transfer (automatic),59.19,2991.78,No
CUST-03505,Male,0,No,No,1,Yes,No,Fiber optic,No,Yes,Yes,Yes,No,No,Month-to-month,No,Credit card (automatic),53.31,52.75,Yes
CUST-03506,Female,0,No,No,60,Yes,Yes,Fiber optic,Yes,No,Yes,No,No,No,One year,No,Bank transfer (automatic),99.98,5977.85,Yes
CUST-03507,Female,0,No,No,64,Yes,No,No,No internet service,No internet service,No internet service,No internet service,No internet service,No internet service,Month-to-month,Yes,Electronic check,44.81,2907.45,Yes
CUST-03508,Female,1,No,Yes,43,Yes,Yes,Fiber optic,Yes,Yes,No,Yes,No,Yes,Month-to-month,No,Electronic check,69.12,2861.54,No
CUST-03509,Male,0,No,No,50,Yes,No,Fiber optic,Yes,Yes,No,No,No,No,Month-to-month,No,Electronic check,89.37,4609.04,Yes
CUST-03510,Male,0,Yes,No,54,Yes,Yes,No,No internet service,No internet service,No internet service,No internet service,No internet service,No internet service,Month-to-month,Yes,Mailed check,42.63,2269.26,No
CUST-03511,Female,0,Yes,Yes,3,Yes,Yes,DSL,No,No,Yes,No,Yes,No,One year,Yes,Electronic check,46.0,189.19,No
CUST-03512,Female,0,Yes,No,8,Yes,No,Fiber optic,No,No,No,No,No,No,Two year,No,Electronic check,71.36,570.28,No
CUST-03513,Male,0,Yes,Yes,50,Yes,No,DSL,Yes,No,Yes,No,No,No,Month-to-month,No,Bank transfer (automatic),116.07,5759.2,No
CUST-03514,Male,0,Yes,Yes,42,Yes,Yes,Fiber optic,Yes,Yes,Yes,No,No,No,Month-to-month,No,Credit card (automatic),28.12,1173.48,Yes
CUST-03515,Male,0,No,No,53,Yes,No,Fiber optic,No,Yes,Yes,No,Yes,No,Month-to-month,No,Mailed check,74.28,3948.31,Yes
CUST-03516,Female,0,No,No,37,Yes,Yes,Fiber optic,Yes,Yes,No,Yes,Yes,No,Month-to-month,Yes,Bank transfer (automatic),90.53,3481.17,No
CUST-03517,Male,1,Yes,No,50,Yes,Yes,DSL,No,No,No,No,No,Yes,Month-to-month,Yes,Electronic check,61.82,3055.76,No
CUST-03518,Female,1,Yes,No,38,Yes,Yes,Fiber optic,Yes,No,Yes,No,Yes,No,Month-to-month,Yes,Electronic check,78.08,2973.11,No
CUST-03519,Female,0,Yes,No,67,Yes,No,DSL,Yes,Yes,Yes,No,No,No,Two year,Yes,Electronic check,64.57,4288.65,No
CUST-03520,Female,0,No,No,49,No,No phone service,Fiber optic,No,Yes,No,No,No,No,Month-to-month,No,Electronic check,87.24,4305.77,Yes
CUST-03521,Female,0,Yes,No,34,Yes,Yes,Fiber optic,Yes,No,No,No,No,No,One year,No,Bank transfer (automatic),61.49,2043.94,No
CUST-03522,Male,0,Yes,Yes,13,Yes,Yes,Fiber optic,Yes,Yes,Yes,No,No,Yes,One year,No,Mailed check,88.84,1173.55,No
CUST-03523,Female,1,Yes,No,34,Yes,No,Fiber optic,No,Yes,No,No,No,No,Month-to-month,No,Mailed check,76.85,2567.64,Yes
CUST-03524,Male,1,No,No,9,Yes,Yes,Fiber optic,No,Yes,No,No,No,Yes,Month-to-month,Yes,Electronic check,72.66,660.1,Yes
CUST-03525,Male,0,Yes,No,63,Yes,Yes,DSL,No,No,No,No,Yes,Yes,Month-to-month,Yes,Bank transfer (automatic),41.82,2590.98,No
CUST-03526,Male,0,No,No,50,Yes,No,Fiber optic,No,Yes,No,No,Yes,No,One year,Yes,Mailed check,61.81,3102.17,No
CUST-03527,Male,0,No,No,0,Yes,No,Fiber optic,No,No,No,No,Yes,No,Month-to-month,Yes,Bank transfer (automatic),55.18,18.0,No
CUST-03528,Male,0,No,No,20,Yes,Yes,DSL,No,No,Yes,No,No,Yes,One year,No,Mailed check,40.57,918.63,No
CUST-03529,Male,1,No,Yes,12,Yes,No,No,No internet service,No internet service,No internet service,No internet service,No internet service,No internet service,One year,No,Mailed check,28.32,339.15,No
CUST-03530,Male,0,Yes,No,71,Yes,No,No,No internet service,No internet service,No internet service,No internet service,No internet service,No internet service,One year,No,Electronic check,58.34,4038.27,No
CUST-03531,Male,0,Yes,Yes,46,Yes,No,DSL,No,Yes,Yes,No,No,Yes,One year,Yes,Bank transfer (automatic),45.12,2150.5,Yes
CUST-03532,Male,0,No,No,2,Yes,Yes,DSL,Yes,No,Yes,No,No,Yes,Month-to-month,Yes,Mailed check,36.83,39.75,No
CUST-03533,Male,0,Yes,No,1,Yes,No,Fiber optic,No,No,Yes,Yes,No,Yes,Month-to-month,Yes,Electronic check,73.79,151.45,Yes
CUST-03534,Female,0,No,No,55,Yes,Yes,No,No internet service,No internet service,No internet service,No internet service,No internet service,No internet service,One year,No,Electronic check,31.36,1692.47,No
CUST-03535,Male,1,No,No,5,Yes,No,Fiber optic,No,No,No,No,Yes,No,Two year,Yes,Electronic check,81.11,330.28,No
CUST-03536,Male,0,Yes,No,49,Yes,No,No,No internet service,No internet service,No internet service,No internet service,No internet service,No internet service,One year,Yes,Credit card (automatic),49.72,2415.41,No
CUST-03537,Male,0,Yes,No,22,Yes,No,DSL,No,Yes,No,No,No,Yes,Two year,Yes,Mailed check,61.79,1367.39,No
CUST-03538,Male,0,No,Yes,52,Yes,No,DSL,No,No,Yes,No,No,No,Month-to-month,Yes,Mailed check,35.57,1772.85,No
CUST-03539,Female,0,No,Yes,33,Yes,Yes,DSL,No,Yes,No,No,Yes,No,Month-to-month,No,Electronic check,48.27,1596.97,No
CUST-03540,Female,0,No,No,1,Yes,Yes,Fiber optic,No,Yes,No,No,No,No,One year,Yes,Credit card (automatic),79.98,81.74,No
CUST-03541,Female,0,Yes,No,45,Yes,No,Fiber optic,No,Yes,No,No,No,No,Month-to-month,No,Mailed check,48.99,2146.05,No
CUST-03542,Female,0,No,Yes,4,Yes,Yes,Fiber optic,No,No,No,Yes,No,No,One year,Yes,Electronic check,77.4,232.64,Yes
CUST-03543,Male,0,Yes,No,2,Yes,No,DSL,Yes,No,No,Yes,Yes,Yes,Month-to-month,Yes,Electronic check,52.74,105.19,No
CUST-03544,Female,0,Yes,No,3,Yes,No,DSL,No,Yes,Yes,Yes,No,No,Month-to-month,Yes,Electronic check,75.91,287.78,No
CUST-03545,Male,0,No,No,27,Yes,No,Fiber optic,No,No,Yes,Yes,Yes,Yes,Two year,No,Electronic check,40.68,1081.33,No
CUST-03546,Female,1,No,Yes,9,Yes,No,Fiber optic,No,No,No,No,No,Yes,Month-to-month,No,Mailed check,71.01,668.64,Yes
CUST-03547,Male,0,Yes,No,6,Yes,Yes,Fiber optic,Yes,No,No,No,No,No,Two year,Yes,Mailed check,66.98,392.59,No
CUST-03548,Female,0,No,Yes,67,Yes,Yes,Fiber optic,No,Yes,Yes,Yes,No,No,One year,No,Credit card (automatic),94.33,6329.63,No
CUST-03549,Male,0,Yes,Yes,6,Yes,No,Fiber optic,Yes,No,No,Yes,Yes,No,Two year,Yes,Electronic check,83.88,569.88,No
CUST-03550,Female,0,Yes,No,0,Yes,No,No,No internet service,No internet service,No internet service,No internet service,No internet service,No internet service,Month-to-month,Yes,Mailed check,35.4,18.0,No
CUST-03551,Male,0,Yes,No,47,Yes,No,Fiber optic,No,Yes,No,Yes,No,Yes,Month-to-month,No,Electronic check,76.41,3611.11,Yes
CUST-03552,Female,0,No,Yes,2,Yes,Yes,DSL,No,Yes,No,Yes,No,No,Month-to-month,No,Credit card (automatic),63.14,38.71,No
CUST-03553,Female,0,Yes,Yes,33,Yes,No,No,No internet service,No internet service,No internet service,No internet service,No internet service,No internet service,One year,Yes,Credit card (automatic),57.39,1843.5,No
CUST-03554,Female,0,No,No,5,Yes,Yes,Fiber optic,Yes,No,Yes,No,No,Yes,Month-to-month,Yes,Electronic check,87.92,369.29,Yes
CUST-03555,Male,0,Yes,No,2,Yes,No,Fiber optic,No,Yes,Yes,No,Yes,No,Month-to-month,No,Bank transfer (automatic),57.82,134.03,Yes
CUST-03556,Male,1,Yes,Yes,13,Yes,Yes,Fiber optic,Yes,No,No,No,No,Yes,Month-to-month,No,Electronic check,96.06,1210.08,Yes
CUST-03557,Female,0,Yes,Yes,42,Yes,Yes,No,No internet service,No internet service,No internet service,No internet service,No internet service,No internet service,Two year,No,Bank transfer (automatic),31.38,1351.19,No
CUST-03558,Male,1,Yes,No,32,Yes,Yes,DSL,No,No,No,No,No,No,Month-to-month,Yes,Credit card (automatic),55.53,1729.94,No
CUST-03559,Male,0,No,Yes,39,Yes,Yes,DSL,No,No,No,No,No,No,Month-to-month,No,Electronic check,45.71,1749.45,No
CUST-03560,Male,0,No,No,0,Yes,No,No,No internet service,No internet service,No internet service,No internet service,No internet service,No internet service,Month-to-month,No,Credit card (automatic),44.0,40.52,No
CUST-03561,Male,0,No,No,23,Yes,No,Fiber optic,No,No,Yes,No,No,Yes,Month-to-month,Yes,Credit card (automatic),62.26,1434.31,Yes
CUST-03562,Male,0,Yes,No,2,Yes,No,No,No internet service,No internet service,No internet service,No internet service,No internet service,No internet service,Month-to-month,Yes,Mailed check,70.77,122.62,No
CUST-03563,Male,0,No,No,57,Yes,Yes,Fiber optic,No,Yes,No,No,No,No,One year,No,Electronic check,47.01,2687.09,No
CUST-03564,Female,0,No,No,8,Yes,No,No,No internet service,No internet service,No internet service,No internet service,No internet service,No internet service,Month-to-month,Yes,Mailed check,18.0,177.59,Yes
CUST-03565,Female,0,Yes,Yes,45,Yes,Yes,DSL,Yes,No,No,No,Yes,No,Month-to-month,Yes,Mailed check,43.9,1922.33,No
CUST-03566,Male,0,No,No,61,Yes,No,No,No internet service,No internet service,No internet service,No internet service,No internet service,No internet service,Two year,Yes,Credit card (automatic),29.49,1764.8,No
CUST-03567,Male,0,No,Yes,72,Yes,No,No,No internet service,No internet service,No internet service,No internet service,No internet service,No internet service,Month-to-month,No,Mailed check,52.81,3836.43,Yes
CUST-03568,Male,0,No,No,28,Yes,Yes,No,No internet service,No internet service,No internet service,No internet service,No internet service,No internet service,Month-to-month,Yes,Electronic check,42.12,1119.77,No
CUST-03569,Female,0,No,Yes,72,Yes,No,DSL,Yes,No,Yes,No,Yes,Yes,Month-to-month,No,Mailed check,57.5,4204.07,Yes
CUST-03570,Male,0,No,No,72,Yes,No,Fiber optic,No,No,No,No,No,Yes,One year,Yes,Mailed check,76.55,5508.11,No
CUST-03571,Female,0,No,Yes,0,Yes,No,DSL,No,Yes,Yes,No,Yes,No,Month-to-month,Yes,Bank transfer (automatic),44.9,18.0,Yes
CUST-03572,Female,0,No,No,66,Yes,No,No,No internet service,No internet service,No internet service,No internet service,No internet service,No internet service,Month-to-month,Yes,Electronic check,34.76,2334.61,Yes
CUST-03573,Female,0,No,No,14,Yes,No,DSL,Yes,No,No,Yes,No,No,Month-to-month,Yes,Electronic check,42.16,594.45,No
CUST-03574,Male,0,Yes,Yes,3,Yes,Yes,Fiber optic,No,Yes,Yes,No,Yes,Yes,Month-to-month,No,Mailed check,74.52,148.16,Yes
CUST-03575,Female,0,No,No,23,No,No phone service,DSL,No,No,Yes,No,No,Yes,Month-to-month,Yes,Bank transfer (automatic),37.3,847.56,No
CUST-03576,Female,0,No,Yes,64,Yes,No,Fiber optic,Yes,No,No,No,Yes,Yes,One year,Yes,Electronic check,42.83,2752.34,No
CUST-03577,Female,0,Yes,No,53,Yes,Yes,Fiber optic,No,No,Yes,No,Yes,Yes,Two year,Yes,Mailed check,59.86,3213.5,No
CUST-03578,Female,0,No,No,25,Yes,Yes,DSL,Yes,No,Yes,Yes,No,Yes,Month-to-month,Yes,Bank transfer (automatic),77.85,1885.4,No
CUST-03579,Female,0,No,No,42,No,No phone service,Fiber optic,Yes,Yes,Yes,No,No,Yes,Month-to-month,Yes,Bank transfer (automatic),45.51,1865.4,No
CUST-03580,Male,0,No,No,72,Yes,Yes,DSL,No,No,No,No,Yes,No,Month-to-month,Yes,Electronic check,51.36,3629.87,No
CUST-03581,Female,0,No,No,28,Yes,No,No,No internet service,No internet service,No internet service,No internet service,No internet service,No internet service,Month-to-month,No,Electronic check,27.7,768.16,No
CUST-03582,Female,0,Yes,No,61,Yes,No,No,No internet service,No internet service,No internet service,No internet service,No internet service,No internet service,Month-to-month,Yes,Mailed check,22.78,1376.69,No
CUST-03583,Male,0,No,No,72,Yes,No,DSL,Yes,Yes,No,No,No,No,Month-to-month,Yes,Electronic check,39.59,2805.86,Yes
CUST-03584,Male,0,No,No,34,Yes,No,Fiber optic,Yes,No,No,No,No,Yes,Two year,Yes,Credit card (automatic),77.16,2631.45,No
CUST-03585,Female,0,No,No,2,Yes,No,Fiber optic,No,No,No,No,No,No,Month-to-month,No,Bank transfer (automatic),35.56,18.0,Yes
CUST-03586,Male,0,Yes,No,72,Yes,Yes,No,No internet service,No internet service,No internet service,No internet service,No internet service,No internet service,Month-to-month,No,Electronic check,68.27,4897.32,No
CUST-03587,Male,0,Yes,Yes,72,Yes,Yes,No,No internet service,No internet service,No internet service,No internet service,No internet service,No internet service,Month-to-month,Yes,Mailed check,19.15,1414.37,No
CUST-03588,Female,0,No,No,20,Yes,Yes,Fiber optic,No,No,No,No,No,No,Two year,Yes,Mailed check,58.65,1204.69,Yes
CUST-03589,Female,1,Yes,Yes,3,Yes,No,Fiber optic,No,No,Yes,No,No,No,Two year,No,Electronic check,50.51,219.31,No
CUST-03590,Female,0,Yes,No,13,Yes,No,DSL,Yes,No,Yes,Yes,Yes,Yes,Two year,Yes,Credit card (automatic),48.84,683.85,No
CUST-03591,Male,0,No,No,0,Yes,No,Fiber optic,No,No,No,No,No,Yes,Month-to-month,No,Electronic check,93.12,18.0,Yes
CUST-03592,Male,0,No,No,6,Yes,Yes,No,No internet service,No internet service,No internet service,No internet service,No internet service,No internet service,Month-to-month,Yes,Credit card (automatic),39.19,171.09,No
CUST-03593,Female,0,No,Yes,3,Yes,No,No,No internet service,No internet service,No internet service,No internet service,No internet service,No internet service,Month-to-month,Yes,Bank transfer (automatic),37.35,87.42,No
CUST-03594,Female,1,No,Yes,6,Yes,Yes,Fiber optic,No,Yes,Yes,No,Yes,No,Two year,No,Bank transfer (automatic),83.58,478.13,Yes
CUST-03595,Male,0,No,No,30,Yes,Yes,DSL,No,No,Yes,No,No,No,Month-to-month,Yes,Bank transfer (automatic),40.54,1279.34,No
CUST-03596,Male,0,No,No,47,Yes,No,Fiber optic,No,No,Yes,Yes,No,No,One year,No,Credit card (automatic),70.34,3354.98,No
CUST-03597,Male,0,No,No,56,Yes,No,Fiber optic,No,No,No,No,Yes,No,Month-to-month,No,Mailed check,83.21,4609.31,Yes
CUST-03598,Female,0,No,No,0,Yes,No,Fiber optic,No,No,Yes,No,No,No,Month-to-month,No,Electronic check,81.13,115.59,Yes
CUST-03599,Male,0,No,Yes,3,Yes,No,Fiber optic,No,Yes,No,No,Yes,No,One year,Yes,Bank transfer (automatic),75.98,219.77,No
CUST-03600,Female,0,Yes,No,26,Yes,No,Fiber optic,No,Yes,No,No,Yes,Yes,One year,No,Electronic check,82.4,2111.81,Yes
CUST-03601,Male,1,Yes,No,8,Yes,No,Fiber optic,Yes,No,Yes,No,Yes,Yes,Month-to-month,No,Electronic check,63.14,476.68,Yes
CUST-03602,Female,1,No,Yes,42,Yes,No,Fiber optic,No,Yes,Yes,Yes,No,No,Month-to-month,Yes,Electronic check,40.81,1642.04,No
CUST-03603,Male,0,No,No,37,Yes,No,Fiber optic,Yes,Yes,No,Yes,Yes,Yes,Month-to-month,No,Credit card (automatic),80.23,2930.04,No
CUST-03604,Female,1,No,Yes,15,Yes,No,Fiber optic,No,Yes,No,Yes,No,Yes,Two year,No,Electronic check,69.77,1137.08,No
CUST-03605,Female,0,No,Yes,9,Yes,No,Fiber optic,No,No,No,No,Yes,Yes,One year,Yes,Electronic check,73.1,711.18,No
CUST-03606,Male,0,No,Yes,49,Yes,No,No,No internet service,No internet service,No internet service,No internet service,No internet service,No internet service,Month-to-month,No,Bank transfer (automatic),68.87,3384.79,No
CUST-03607,Male,1,Yes,No,72,Yes,Yes,DSL,No,No,No,No,Yes,No,Month-to-month,No,Electronic check,78.27,5696.28,No
CUST-03608,Female,0,No,No,72,Yes,No,DSL,No,Yes,No,No,No,No,Two year,Yes,Electronic check,58.16,4170.04,No
CUST-03609,Female,0,No,Yes,63,Yes,Yes,DSL,No,No,No,Yes,Yes,No,Month-to-month,Yes,Bank transfer (automatic),57.91,3673.31,Yes
CUST-03610,Female,0,Yes,No,3,Yes,No,Fiber optic,Yes,No,Yes,Yes,No,Yes,Two year,No,Electronic check,59.0,209.6,No
CUST-03611,Female,0,No,No,36,Yes,No,DSL,No,No,Yes,No,No,No,Month-to-month,Yes,Bank transfer (automatic),43.88,1661.68,No
CUST-03612,Female,0,No,No,47,Yes,Yes,Fiber optic,No,Yes,No,Yes,No,No,Month-to-month,Yes,Bank transfer (automatic),66.72,3175.75,Yes
CUST-03613,Female,0,No,Yes,41,Yes,No,DSL,No,No,Yes,Yes,Yes,No,One year,No,Mailed check,57.79,2298.59,No
CUST-03614,Male,0,Yes,Yes,1,Yes,No,No,No internet service,No internet service,No internet service,No internet service,No internet service,No internet service,One year,Yes,Mailed check,40.2,107.88,No
CUST-03615,Female,0,Yes,Yes,40,Yes,Yes,Fiber optic,No,No,No,No,No,No,Month-to-month,No,Credit card (automatic),74.48,2969.04,Yes
CUST-03616,Male,0,No,No,39,Yes,No,DSL,No,Yes,No,No,No,Yes,Month-to-month,No,Mailed check,52.93,2032.79,No
CUST-03617,Male,0,No,No,11,Yes,Yes,Fiber optic,No,Yes,No,Yes,Yes,No,Two year,Yes,Mailed check,48.56,402.36,No
CUST-03618,Male,0,No,Yes,10,No,No phone service,DSL,No,Yes,No,No,Yes,Yes,One year,Yes,Electronic check,59.05,505.91,No
CUST-03619,Male,0,Yes,No,19,Yes,No,No,No internet service,No internet service,No internet service,No internet service,No internet service,No internet service,Two year,Yes,Electronic check,49.01,948.17,No
CUST-03620,Male,0,No,Yes,0,Yes,Yes,No,No internet service,No internet service,No internet service,No internet service,No internet service,No internet service,Two year,No,Credit card (automatic),34.37,18.0,No
CUST-03621,Female,0,Yes,Yes,0,Yes,Yes,No,No internet service,No internet service,No internet service,No internet service,No internet service,No internet service,Two year,Yes,Bank transfer (automatic),50.27,18.0,No
CUST-03622,Male,0,Yes,No,0,No,No phone service,Fiber optic,No,No,Yes,No,No,No,One year,No,Credit card (automatic),57.44,18.0,No
CUST-03623,Male,1,Yes,Yes,28,No,No phone service,No,No internet service,No internet service,No internet service,No internet service,No internet service,No internet service,Month-to-month,Yes,Electronic check,58.05,1625.51,Yes
CUST-03624,Male,0,No,Yes,69,No,No phone service,DSL,Yes,Yes,No,No,Yes,Yes,One year,Yes,Bank transfer (automatic),76.96,5293.17,No
CUST-03625,Female,0,No,No,12,Yes,No,Fiber optic,Yes,No,No,No,No,No,Month-to-month,No,Credit card (automatic),70.68,746.21,Yes
CUST-03626,Female,0,Yes,No,10,No,No phone service,Fiber optic,No,Yes,No,No,No,Yes,Two year,No,Mailed check,73.19,702.36,Yes
CUST-03627,Female,0,No,No,0,Yes,No,Fiber optic,No,No,No,No,No,Yes,Month-to-month,No,Electronic check,79.48,18.0,No
CUST-03628,Male,0,No,No,1,Yes,No,DSL,No,No,Yes,No,Yes,No,Month-to-month,No,Bank transfer (automatic),52.42,70.35,Yes
CUST-03629,Female,0,No,No,21,Yes,No,DSL,Yes,Yes,No,No,No,Yes,Month-to-month,Yes,Electronic check,39.9,805.02,Yes
CUST-03630,Female,0,No,No,17,Yes,No,No,No internet service,No internet service,No internet service,No internet service,No internet service,No internet service,Month-to-month,No,Electronic check,46.32,746.4,No
CUST-03631,Male,1,No,No,54,Yes,No,Fiber optic,Yes,No,Yes,Yes,No,No,Month-to-month,Yes,Credit card (automatic),85.37,4712.71,No
CUST-03632,Female,0,Yes,No,72,Yes,No,No,No internet service,No internet service,No internet service,No internet service,No internet service,No internet service,Month-to-month,No,Credit card (automatic),22.32,1566.77,No
CUST-03633,Male,0,Yes,Yes,44,Yes,Yes,Fiber optic,No,No,Yes,No,No,No,Month-to-month,Yes,Mailed check,62.97,2794.62,No
CUST-03634,Female,0,No,No,28,Yes,Yes,DSL,No,Yes,No,Yes,No,No,Two year,No,Credit card (automatic),69.72,1857.36,No
CUST-03635,Female,1,No,Yes,23,Yes,Yes,DSL,Yes,No,No,No,No,Yes,One year,Yes,Electronic check,73.86,1706.11,Yes
CUST-03636,Male,1,No,No,0,Yes,Yes,Fiber optic,Yes,No,Yes,No,No,Yes,Two year,Yes,Credit card (automatic),57.18,26.31,No
CUST-03637,Female,0,No,No,53,Yes,No,DSL,Yes,No,No,No,Yes,No,Month-to-month,No,Electronic check,32.21,1664.39,No
CUST-03638,Male,0,No,No,57,Yes,No,DSL,No,No,No,Yes,Yes,No,Month-to-month,Yes,Bank transfer (automatic),73.55,4185.58,No
CUST-03639,Male,0,No,No,4,Yes,No,Fiber optic,Yes,Yes,No,Yes,Yes,Yes,One year,Yes,Electronic check,45.07,178.28,No
CUST-03640,Female,0,No,No,26,Yes,Yes,Fiber optic,Yes,No,Yes,Yes,Yes,Yes,Month-to-month,Yes,Bank transfer (automatic),54.49,1441.35,Yes
CUST-03641,Female,0,Yes,Yes,1,No,No phone service,Fiber optic,No,Yes,No,Yes,Yes,No,Month-to-month,No,Credit card (automatic),78.91,109.6,No
CUST-03642,Female,0,No,No,72,Yes,No,DSL,No,Yes,Yes,No,Yes,No,Two year,No,Credit card (automatic),72.91,5272.08,No
CUST-03643,Female,1,No,Yes,65,Yes,Yes,No,No internet service,No internet service,No internet service,No internet service,No internet service,No internet service,Two year,Yes,Credit card (automatic),29.18,1903.11,No
CUST-03644,Male,0,Yes,No,72,Yes,No,No,No internet service,No internet service,No internet service,No internet service,No internet service,No internet service,Two year,No,Credit card (automatic),48.98,3488.48,No
CUST-03645,Female,0,Yes,No,9,Yes,Yes,No,No internet service,No internet service,No internet service,No internet service,No internet service,No internet service,Month-to-month,Yes,Credit card (automatic),62.14,488.55,No
CUST-03646,Female,0,No,No,54,Yes,Yes,DSL,Yes,Yes,No,No,No,Yes,Month-to-month,No,Electronic check,48.67,2730.7,No
CUST-03647,Female,0,No,No,36,Yes,Yes,No,No internet service,No internet service,No internet service,No internet service,No internet service,No internet service,One year,Yes,Bank transfer (automatic),37.58,1371.35,No
CUST-03648,Female,0,Yes,Yes,11,No,No phone service,Fiber optic,No,No,No,No,No,No,Two year,No,Credit card (automatic),105.71,1106.62,Yes
CUST-03649,Female,0,Yes,Yes,58,Yes,Yes,DSL,No,No,No,No,No,No,Month-to-month,No,Mailed check,54.08,3222.31,Yes
CUST-03650,Female,0,Yes,No,17,No,No phone service,Fiber optic,Yes,No,No,No,No,No,Month-to-month,Yes,Electronic check,41.0,632.13,Yes
CUST-03651,Male,0,Yes,Yes,38,Yes,Yes,No,No internet service,No internet service,No internet service,No internet service,No internet service,No internet service,Month-to-month,Yes,Bank transfer (automatic),47.04,1785.43,Yes
CUST-03652,Male,0,No,No,72,Yes,Yes,Fiber optic,Yes,Yes,No,No,No,No,One year,No,Credit card (automatic),82.45,5919.18,Yes
CUST-03653,Male,0,No,No,6,Yes,No,DSL,Yes,No,Yes,Yes,No,Yes,Two year,Yes,Electronic check,74.55,484.83,No
CUST-03654,Female,0,No,No,11,Yes,No,DSL,No,No,No,No,No,No,One year,No,Mailed check,66.21,720.18,No
CUST-03655,Female,0,Yes,Yes,11,Yes,Yes,Fiber optic,No,No,No,No,Yes,Yes,Month-to-month,Yes,Electronic check,82.04,881.92,Yes
CUST-03656,Male,1,Yes,Yes,68,Yes,No,No,No internet service,No internet service,No internet service,No internet service,No internet service,No internet service,One year,Yes,Bank transfer (automatic),32.43,2248.15,No
CUST-03657,Female,1,Yes,No,12,Yes,Yes,DSL,Yes,No,Yes,No,No,No,One year,No,Electronic check,81.25,924.96,No
CUST-03658,Female,0,No,No,2,Yes,Yes,DSL,Yes,Yes,Yes,Yes,No,No,Month-to-month,Yes,Bank transfer (automatic),55.46,74.06,No
CUST-03659,Male,0,No,No,23,Yes,No,No,No internet service,No internet service,No internet service,No internet service,No internet service,No internet service,Two year,Yes,Electronic check,57.31,1295.18,No
CUST-03660,Male,0,Yes,No,61,Yes,No,No,No internet service,No internet service,No internet service,No internet service,No internet service,No internet service,Two year,Yes,Bank transfer (automatic),58.01,3528.62,No
CUST-03661,Female,0,No,No,38,Yes,No,No,No internet service,No internet service,No internet service,No internet service,No internet service,No internet service,Month-to-month,No,Credit card (automatic),54.09,1946.63,No
CUST-03662,Male,0,Yes,Yes,34,Yes,Yes,DSL,Yes,No,Yes,Yes,Yes,Yes,One year,Yes,Credit card (automatic),54.77,1874.87,No
CUST-03663,Female,0,Yes,No,6,Yes,No,No,No internet service,No internet service,No internet service,No internet service,No internet service,No internet service,Month-to-month,No,Bank transfer (automatic),66.31,374.06,No
CUST-03664,Female,0,No,No,72,Yes,Yes,DSL,No,Yes,Yes,Yes,Yes,Yes,Month-to-month,Yes,Electronic check,55.23,4084.21,Yes
CUST-03665,Female,0,Yes,No,6,No,No phone service,Fiber optic,No,No,No,No,Yes,Yes,One year,Yes,Electronic check,69.61,331.67,No
CUST-03666,Male,0,No,No,71,Yes,No,Fiber optic,Yes,Yes,Yes,Yes,Yes,Yes,Month-to-month,No,Bank transfer (automatic),91.95,6493.78,No
CUST-03667,Female,0,Yes,No,8,Yes,No,No,No internet service,No internet service,No internet service,No internet service,No internet service,No internet service,Month-to-month,Yes,Mailed check,43.75,267.94,No
CUST-03668,Male,0,No,No,36,Yes,No,DSL,No,No,No,No,No,Yes,Month-to-month,Yes,Bank transfer (automatic),70.55,2550.23,No
CUST-03669,Male,0,Yes,Yes,2,Yes,Yes,No,No internet service,No internet service,No internet service,No internet service,No internet service,No internet service,Two year,No,Credit card (automatic),50.15,144.8,No
CUST-03670,Male,0,Yes,Yes,25,Yes,No,No,No internet service,No internet service,No internet service,No internet service,No internet service,No internet service,Month-to-month,No,Bank transfer (automatic),39.31,1048.4,No
CUST-03671,Male,0,Yes,No,18,Yes,No,No,No internet service,No internet service,No internet service,No internet service,No internet service,No internet service,Month-to-month,Yes,Electronic check,53.32,1012.69,Yes
CUST-03672,Male,0,No,No,36,Yes,No,Fiber optic,No,Yes,Yes,No,No,Yes,Two year,No,Bank transfer (automatic),55.02,1951.49,No
CUST-03673,Female,0,No,No,59,Yes,Yes,Fiber optic,No,No,Yes,No,No,No,Two year,No,Bank transfer (automatic),79.48,4694.32,No
CUST-03674,Male,1,No,No,43,Yes,Yes,DSL,No,Yes,Yes,No,No,No,One year,Yes,Electronic check,46.56,1953.53,No
CUST-03675,Female,0,Yes,No,1,Yes,No,Fiber optic,Yes,No,No,No,Yes,No,Month-to-month,Yes,Mailed check,78.06,145.03,No
CUST-03676,Male,1,Yes,Yes,44,Yes,No,DSL,No,Yes,Yes,Yes,No,No,Month-to-month,Yes,Electronic check,73.62,3231.39,Yes
CUST-03677,Male,0,Yes,No,41,Yes,No,Fiber optic,Yes,No,No,No,Yes,Yes,Month-to-month,Yes,Bank transfer (automatic),61.73,2603.4,No
CUST-03678,Female,0,No,Yes,12,Yes,Yes,No,No internet service,No internet service,No internet service,No internet service,No internet service,No internet service,Month-to-month,Yes,Electronic check,32.95,389.63,No
CUST-03679,Female,0,Yes,No,33,Yes,No,No,No internet service,No internet service,No internet service,No internet service,No internet service,No internet service,Two year,No,Electronic check,65.82,2194.73,No
CUST-03680,Female,0,Yes,No,37,Yes,Yes,Fiber optic,No,No,No,No,No,Yes,Month-to-month,Yes,Mailed check,91.44,3354.45,Yes
CUST-03681,Female,0,No,Yes,2,No,No phone service,Fiber optic,Yes,No,No,No,Yes,No,Month-to-month,Yes,Bank transfer (automatic),111.08,233.73,No
CUST-03682,Male,1,No,No,65,Yes,Yes,Fiber optic,No,No,No,No,No,No,Month-to-month,Yes,Bank transfer (automatic),61.22,4018.25,No
CUST-03683,Male,0,Yes,No,3,Yes,No,No,No internet service,No internet service,No internet service,No internet service,No internet service,No internet service,Month-to-month,No,Credit card (automatic),36.34,94.09,Yes
CUST-03684,Female,0,Yes,No,72,No,No phone service,DSL,Yes,No,Yes,No,No,Yes,Month-to-month,Yes,Electronic check,31.73,2253.32,No
CUST-03685,Female,0,Yes,Yes,4,No,No phone service,DSL,No,Yes,No,No,No,No,One year,Yes,Mailed check,52.35,200.17,No
CUST-03686,Male,0,No,Yes,3,Yes,No,DSL,No,No,No,Yes,Yes,Yes,Two year,No,Bank transfer (automatic),27.56,58.43,No
CUST-03687,Male,0,Yes,No,15,Yes,Yes,Fiber optic,No,Yes,Yes,No,No,No,Month-to-month,Yes,Electronic check,54.35,835.7,Yes
CUST-03688,Female,0,No,No,8,Yes,Yes,Fiber optic,No,No,Yes,No,No,Yes,Two year,Yes,Mailed check,68.93,646.11,No
CUST-03689,Female,0,Yes,No,48,Yes,Yes,No,No internet service,No internet service,No internet service,No internet service,No internet service,No internet service,One year,No,Mailed check,20.03,868.06,No
CUST-03690,Male,0,No,Yes,16,Yes,No,No,No internet service,No internet service,No internet service,No internet service,No internet service,No internet service,Two year,No,Credit card (automatic),46.89,682.94,No
CUST-03691,Male,0,No,No,50,No,No phone service,No,No internet service,No internet service,No internet service,No internet service,No internet service,No internet service,Month-to-month,No,Credit card (automatic),61.14,3058.04,Yes
CUST-03692,Female,0,Yes,No,13,Yes,Yes,Fiber optic,No,No,Yes,Yes,No,No,Two year,Yes,Electronic check,81.93,1090.86,No
CUST-03693,Male,0,Yes,Yes,45,Yes,No,No,No internet service,No internet service,No internet service,No internet service,No internet service,No internet service,Month-to-month,Yes,Mailed check,57.0,2496.06,Yes
CUST-03694,Male,0,Yes,No,46,Yes,Yes,Fiber optic,No,Yes,No,Yes,Yes,No,One year,Yes,Bank transfer (automatic),55.13,2588.43,No
CUST-03695,Male,0,No,No,61,Yes,Yes,Fiber optic,Yes,Yes,No,No,Yes,No,Month-to-month,Yes,Credit card (automatic),57.39,3546.71,No
CUST-03696,Female,0,No,No,23,Yes,Yes,Fiber optic,No,No,Yes,Yes,Yes,Yes,Month-to-month,No,Credit card (automatic),81.72,1953.48,No
CUST-03697,Male,0,No,No,50,Yes,Yes,Fiber optic,No,No,No,Yes,No,Yes,One year,No,Electronic check,69.11,3474.29,No
CUST-03698,Male,0,Yes,Yes,35,Yes,No,DSL,No,No,No,Yes,No,Yes,One year,Yes,Credit card (automatic),51.45,1864.12,No
CUST-03699,Male,0,Yes,No,1,Yes,No,Fiber optic,Yes,No,No,No,Yes,No,Month-to-month,No,Bank transfer (automatic),70.19,112.28,No
CUST-03700,Female,0,No,Yes,58,Yes,No,No,No internet service,No internet service,No internet service,No internet service,No internet service,No internet service,Two year,Yes,Electronic check,29.08,1763.0,No
CUST-03701,Male,0,No,No,32,Yes,Yes,DSL,No,Yes,Yes,Yes,No,Yes,One year,Yes,Credit card (automatic),59.59,1880.43,No
CUST-03702,Male,0,No,No,65,Yes,No,DSL,No,Yes,No,No,Yes,No,Month-to-month,Yes,Electronic check,54.97,3612.15,No
CUST-03703,Male,0,No,No,1,Yes,Yes,No,No internet service,No internet service,No internet service,No internet service,No internet service,No internet service,One year,No,Bank transfer (automatic),48.98,26.24,No
CUST-03704,Female,0,No,No,14,Yes,Yes,No,No internet service,No internet service,No internet service,No internet service,No internet service,No internet service,Two year,No,Credit card (automatic),38.24,532.77,No
CUST-03705,Female,0,No,No,57,Yes,No,DSL,No,No,No,No,Yes,No,Month-to-month,No,Credit card (automatic),64.61,3538.17,No
CUST-03706,Female,0,No,Yes,2,Yes,No,Fiber optic,No,Yes,Yes,No,No,No,Month-to-month,No,Electronic check,69.87,123.77,Yes
CUST-03707,Male,0,No,No,56,Yes,No,DSL,No,No,Yes,Yes,Yes,No,Month-to-month,Yes,Mailed check,55.23,3105.31,No
CUST-03708,Female,1,No,No,2,No,No phone service,DSL,No,No,No,No,Yes,No,One year,No,Electronic check,57.41,118.96,Yes
CUST-03709,Male,0,No,No,34,Yes,Yes,DSL,Yes,No,Yes,No,Yes,No,Two year,No,Credit card (automatic),54.32,1873.09,No
CUST-03710,Female,0,Yes,No,34,Yes,No,DSL,No,No,No,No,No,No,Month-to-month,No,Credit card (automatic),51.92,1803.31,Yes
CUST-03711,Male,0,No,No,34,Yes,No,Fiber optic,Yes,No,Yes,Yes,Yes,No,Month-to-month,No,Mailed check,79.77,2675.93,No
CUST-03712,Female,0,No,No,1,Yes,No,DSL,No,Yes,No,No,No,No,Month-to-month,Yes,Electronic check,30.65,107.6,No
CUST-03713,Female,0,Yes,No,44,Yes,Yes,DSL,No,No,No,No,No,No,Month-to-month,Yes,Credit card (automatic),58.66,2496.98,No
CUST-03714,Male,0,No,No,5,Yes,No,DSL,No,Yes,Yes,No,No,No,Two year,Yes,Electronic check,44.96,240.43,No
CUST-03715,Female,0,Yes,No,45,No,No phone service,DSL,Yes,No,No,No,No,No,Two year,Yes,Bank transfer (automatic),84.12,3647.1,No
CUST-03716,Male,0,Yes,Yes,34,Yes,Yes,Fiber optic,Yes,No,No,No,Yes,No,One year,Yes,Electronic check,36.08,1297.7,No
CUST-03717,Male,0,Yes,No,0,Yes,No,Fiber optic,No,No,No,Yes,No,No,Month-to-month,Yes,Electronic check,50.16,18.0,Yes
CUST-03718,Male,1,No,No,0,Yes,No,No,No internet service,No internet service,No internet service,No internet service,No internet service,No internet service,Two year,Yes,Credit card (automatic),34.87,83.97,No
CUST-03719,Female,0,No,No,14,Yes,No,DSL,No,No,Yes,No,Yes,No,Two year,Yes,Electronic check,61.2,761.43,No
CUST-03720,Male,0,No,No,16,Yes,Yes,DSL,No,No,No,No,No,Yes,Month-to-month,Yes,Credit card (automatic),52.08,925.91,No
CUST-03721,Female,0,Yes,No,18,Yes,Yes,Fiber optic,No,No,No,No,Yes,No,Month-to-month,No,Credit card (automatic),52.13,930.59,Yes
CUST-03722,Female,0,No,No,57,Yes,No,DSL,No,No,No,No,No,No,Month-to-month,No,Electronic check,36.92,2080.23,No
CUST-03723,Female,0,Yes,No,61,Yes,No,Fiber optic,No,Yes,No,Yes,Yes,Yes,Two year,Yes,Mailed check,80.79,4912.15,No
CUST-03724,Female,1,Yes,Yes,2,Yes,No,Fiber optic,Yes,No,No,Yes,Yes,Yes,One year,Yes,Electronic check,97.2,263.29,Yes
CUST-03725,Male,1,Yes,No,3,Yes,No,Fiber optic,No,Yes,Yes,Yes,No,Yes,Month-to-month,Yes,Credit card (automatic),71.69,132.93,Yes
CUST-03726,Female,0,No,No,28,Yes,No,Fiber optic,No,No,No,No,No,No,Month-to-month,Yes,Credit card (automatic),66.33,1891.15,Yes
CUST-03727,Male,0,Yes,No,0,Yes,No,Fiber optic,No,Yes,Yes,No,Yes,Yes,Two year,No,Electronic check,65.93,49.12,No
CUST-03728,Female,0,No,No,11,No,No phone service,Fiber optic,No,No,Yes,No,Yes,No,One year,No,Credit card (automatic),62.83,688.51,No
CUST-03729,Male,0,No,No,2,Yes,Yes,DSL,Yes,No,No,No,Yes,No,Month-to-month,No,Credit card (automatic),76.16,133.2,No
CUST-03730,Female,0,Yes,No,48,Yes,No,DSL,No,No,No,No,No,Yes,Two year,No,Mailed check,79.57,3815.09,No
CUST-03731,Female,1,No,No,44,Yes,No,Fiber optic,No,Yes,No,Yes,No,No,Month-to-month,Yes,Credit card (automatic),55.53,2421.83,Yes
CUST-03732,Female,0,Yes,Yes,46,Yes,Yes,DSL,No,No,No,Yes,Yes,No,Month-to-month,Yes,Mailed check,57.29,2580.75,No
CUST-03733,Male,0,Yes,No,1,No,No phone service,DSL,No,No,Yes,Yes,Yes,Yes,Month-to-month,No,Mailed check,51.32,79.66,No
CUST-03734,Female,0,Yes,Yes,56,Yes,Yes,Fiber optic,No,Yes,No,No,No,No,Two year,Yes,Electronic check,86.3,4868.4,Yes
CUST-03735,Male,0,No,No,0,Yes,No,Fiber optic,Yes,Yes,No,Yes,Yes,No,Two year,Yes,Electronic check,63.15,18.0,No
CUST-03736,Male,1,No,No,30,Yes,No,DSL,Yes,No,No,No,No,No,One year,Yes,Credit card (automatic),41.24,1222.25,No
CUST-03737,Male,0,No,No,53,Yes,No,No,No internet service,No internet service,No internet service,No internet service,No internet service,No internet service,Month-to-month,No,Electronic check,48.5,2593.5,Yes
CUST-03738,Female,0,No,No,54,Yes,Yes,DSL,No,Yes,No,No,No,No,Month-to-month,No,Mailed check,32.13,1740.64,No
CUST-03739,Female,1,Yes,No,52,Yes,No,No,No internet service,No internet service,No internet service,No internet service,No internet service,No internet service,Two year,No,Electronic check,44.57,2271.9,No
CUST-03740,Female,0,No,No,3,Yes,Yes,No,No internet service,No internet service,No internet service,No internet service,No internet service,No internet service,Month-to-month,Yes,Electronic check,41.36,22.12,No
CUST-03741,Male,0,Yes,No,1,Yes,No,DSL,No,Yes,No,No,Yes,Yes,Month-to-month,Yes,Electronic check,65.33,55.0,No
CUST-03742,Male,0,Yes,Yes,3,No,No phone service,DSL,No,No,No,No,No,No,Month-to-month,No,Bank transfer (automatic),55.53,140.59,No
CUST-03743,Female,0,No,Yes,2,Yes,Yes,DSL,Yes,Yes,No,No,No,No,One year,No,Mailed check,51.22,40.58,No
CUST-03744,Male,0,Yes,No,42,Yes,No,No,No internet service,No internet service,No internet service,No internet service,No internet service,No internet service,One year,No,Credit card (automatic),58.39,2505.48,No
CUST-03745,Male,0,Yes,No,1,Yes,Yes,No,No internet service,No internet service,No internet service,No internet service,No internet service,No internet service,One year,Yes,Bank transfer (automatic),56.81,18.0,No
CUST-03746,Female,0,Yes,No,52,Yes,No,Fiber optic,Yes,No,Yes,No,No,No,Month-to-month,Yes,Credit card (automatic),79.54,4096.37,No
CUST-03747,Male,1,Yes,Yes,3,Yes,No,No,No internet service,No internet service,No internet service,No internet service,No internet service,No internet service,Month-to-month,Yes,Bank transfer (automatic),29.37,133.98,No
CUST-03748,Female,0,No,Yes,0,Yes,Yes,Fiber optic,No,No,Yes,No,No,Yes,Month-to-month,No,Electronic check,82.57,43.84,Yes
CUST-03749,Female,1,No,No,56,Yes,Yes,Fiber optic,Yes,No,No,No,Yes,No,Month-to-month,Yes,Mailed check,97.21,5350.37,No
CUST-03750,Female,1,No,No,45,Yes,No,No,No internet service,No internet service,No internet service,No internet service,No internet service,No internet service,Month-to-month,No,Mailed check,20.2,903.53,Yes
CUST-03751,Female,0,Yes,Yes,44,Yes,No,Fiber optic,No,Yes,No,No,Yes,No,Month-to-month,No,Bank transfer (automatic),46.51,2010.31,No
CUST-03752,Female,0,No,Yes,8,Yes,No,Fiber optic,No,No,No,No,No,Yes,Month-to-month,No,Credit card (automatic),89.02,804.61,Yes
CUST-03753,Female,0,No,Yes,16,Yes,Yes,Fiber optic,Yes,No,No,No,Yes,No,Month-to-month,No,Mailed check,68.87,1192.29,Yes
CUST-03754,Male,0,No,No,72,Yes,Yes,Fiber optic,Yes,Yes,Yes,No,No,Yes,Two year,Yes,Bank transfer (automatic),64.53,4611.44,No
CUST-03755,Male,0,No,No,22,Yes,Yes,Fiber optic,No,Yes,No,No,Yes,No,One year,No,Credit card (automatic),49.29,1052.9,No
CUST-03756,Male,0,No,No,32,No,No phone service,Fiber optic,Yes,No,No,No,No,No,Month-to-month,Yes,Electronic check,56.65,1816.21,Yes
CUST-03757,Female,0,No,No,47,Yes,No,DSL,No,Yes,No,No,No,No,One year,Yes,Electronic check,22.61,1115.49,No
CUST-03758,Female,0,No,No,33,Yes,Yes,DSL,No,Yes,No,No,No,No,Two year,No,Bank transfer (automatic),60.9,2040.68,No
CUST-03759,Male,0,Yes,No,8,Yes,No,Fiber optic,Yes,No,No,No,No,No,Two year,Yes,Mailed check,91.49,676.86,No
CUST-03760,Female,0,Yes,No,48,Yes,Yes,Fiber optic,No,No,No,No,Yes,No,One year,No,Credit card (automatic),87.06,4233.03,No
CUST-03761,Male,0,No,No,37,Yes,No,DSL,No,No,Yes,No,Yes,No,Month-to-month,Yes,Mailed check,28.24,1028.32,No
CUST-03762,Female,0,Yes,No,42,Yes,Yes,DSL,No,Yes,No,Yes,No,Yes,Month-to-month,Yes,Credit card (automatic),63.58,2608.45,No
CUST-03763,Female,1,Yes,No,17,Yes,Yes,DSL,Yes,Yes,No,Yes,No,No,Two year,Yes,Mailed check,54.68,1008.05,No
CUST-03764,Female,1,No,No,63,Yes,No,No,No internet service,No internet service,No internet service,No internet service,No internet service,No internet service,Month-to-month,Yes,Electronic check,56.21,3606.07,Yes
CUST-03765,Male,0,Yes,No,72,Yes,No,Fiber optic,Yes,No,No,Yes,No,No,Two year,No,Mailed check,37.19,2621.33,No
CUST-03766,Male,0,Yes,Yes,56,Yes,No,DSL,No,No,No,No,No,Yes,Two year,Yes,Bank transfer (automatic),56.25,3184.96,No
CUST-03767,Female,0,No,No,2,Yes,No,Fiber optic,No,No,No,Yes,No,No,Month-to-month,No,Electronic check,48.66,162.43,No
CUST-03768,Female,0,Yes,No,35,Yes,Yes,Fiber optic,No,No,No,No,Yes,No,Month-to-month,No,Mailed check,52.57,1891.05,Yes
CUST-03769,Female,0,Yes,No,23,Yes,No,Fiber optic,Yes,Yes,No,No,Yes,No,Month-to-month,Yes,Mailed check,102.61,2330.11,No
CUST-03770,Male,0,Yes,Yes,11,Yes,No,No,No internet service,No internet service,No internet service,No internet service,No internet service,No internet service,Two year,Yes,Credit card (automatic),69.97,717.83,No
CUST-03771,Male,0,Yes,No,44,Yes,No,Fiber optic,No,No,No,No,No,No,Month-to-month,Yes,Electronic check,73.9,3228.01,No
CUST-03772,Male,0,Yes,No,54,Yes,No,DSL,Yes,No,No,No,No,No,Month-to-month,Yes,Electronic check,30.51,1617.0,No
CUST-03773,Female,0,No,No,67,Yes,No,No,No internet service,No internet service,No internet service,No internet service,No internet service,No internet service,Month-to-month,Yes,Mailed check,34.85,2196.97,No
CUST-03774,Male,1,Yes,No,1,Yes,Yes,DSL,No,No,No,No,No,No,One year,Yes,Credit card (automatic),80.93,100.37,No
CUST-03775,Male,0,Yes,Yes,1,Yes,Yes,No,No internet service,No internet service,No internet service,No internet service,No internet service,No internet service,Month-to-month,Yes,Mailed check,42.02,18.0,No
CUST-03776,Male,0,No,Yes,72,Yes,No,No,No internet service,No internet service,No internet service,No internet service,No internet service,No internet service,Month-to-month,No,Credit card (automatic),27.58,1966.82,No
CUST-03777,Female,1,Yes,No,2,Yes,No,Fiber optic,No,Yes,Yes,No,No,Yes,Month-to-month,Yes,Electronic check,74.59,190.79,No
CUST-03778,Female,0,Yes,Yes,72,Yes,No,Fiber optic,No,No,Yes,No,No,No,Month-to-month,Yes,Electronic check,65.61,4768.95,Yes
CUST-03779,Female,0,Yes,No,50,Yes,Yes,No,No internet service,No internet service,No internet service,No internet service,No internet service,No internet service,Two year,Yes,Credit card (automatic),28.59,1465.23,No
CUST-03780,Male,0,Yes,No,69,Yes,Yes,No,No internet service,No internet service,No internet service,No internet service,No internet service,No internet service,Month-to-month,Yes,Mailed check,35.19,2474.74,No
CUST-03781,Male,1,Yes,No,8,Yes,Yes,DSL,No,No,Yes,No,Yes,No,Month-to-month,Yes,Credit card (automatic),40.61,368.99,No
CUST-03782,Male,0,Yes,Yes,52,Yes,No,DSL,No,No,No,No,Yes,Yes,Two year,Yes,Credit card (automatic),92.1,4842.09,No
CUST-03783,Male,0,No,No,7,Yes,Yes,Fiber optic,No,Yes,Yes,No,No,No,Month-to-month,Yes,Mailed check,56.08,381.04,Yes
CUST-03784,Female,0,No,No,72,Yes,Yes,Fiber optic,No,No,No,No,Yes,Yes,Month-to-month,Yes,Electronic check,71.22,5116.1,Yes
CUST-03785,Female,0,No,Yes,0,Yes,No,Fiber optic,No,Yes,No,No,Yes,No,Month-to-month,No,Credit card (automatic),74.11,18.0,No
CUST-03786,Female,0,Yes,Yes,25,Yes,No,DSL,No,No,No,No,Yes,Yes,One year,Yes,Mailed check,71.91,1786.16,No
CUST-03787,Male,0,No,No,5,Yes,No,Fiber optic,No,Yes,Yes,Yes,No,Yes,Month-to-month,Yes,Bank transfer (automatic),41.95,128.49,No
CUST-03788,Male,0,No,Yes,72,Yes,Yes,DSL,Yes,Yes,Yes,No,Yes,Yes,Month-to-month,No,Mailed check,55.96,3980.18,No
CUST-03789,Female,0,Yes,Yes,36,Yes,No,Fiber optic,Yes,No,No,No,No,Yes,Two year,Yes,Bank transfer (automatic),67.3,2500.24,No
CUST-03790,Male,0,No,No,0,Yes,No,DSL,No,No,No,No,No,No,One year,Yes,Mailed check,61.63,18.0,No
CUST-03791,Male,0,No,No,34,Yes,Yes,Fiber optic,Yes,Yes,Yes,Yes,Yes,No,Two year,No,Mailed check,68.92,2360.7,No
CUST-03792,Male,0,Yes,Yes,30,Yes,Yes,Fiber optic,No,No,Yes,No,No,Yes,Month-to-month,Yes,Mailed check,53.13,1503.81,Yes
CUST-03793,Male,0,No,No,5,Yes,No,Fiber optic,No,No,No,No,No,No,Month-to-month,Yes,Bank transfer (automatic),67.51,411.5,Yes
CUST-03794,Female,0,Yes,No,72,Yes,No,DSL,No,No,No,Yes,Yes,Yes,Month-to-month,Yes,Electronic check,66.04,4827.23,No
CUST-03795,Female,1,Yes,No,13,Yes,No,Fiber optic,No,Yes,No,Yes,No,No,Month-to-month,Yes,Credit card (automatic),69.71,827.08,Yes
CUST-03796,Male,1,Yes,No,42,Yes,Yes,DSL,No,Yes,No,No,No,No,Month-to-month,Yes,Mailed check,53.5,2303.33,No
CUST-03797,Female,0,Yes,Yes,12,Yes,Yes,DSL,No,No,No,No,Yes,No,One year,Yes,Credit card (automatic),73.57,846.43,No
CUST-03798,Male,0,No,Yes,45,Yes,Yes,Fiber optic,No,Yes,No,Yes,Yes,Yes,Month-to-month,No,Electronic check,83.09,3683.4,Yes
CUST-03799,Male,0,No,No,32,Yes,No,Fiber optic,Yes,No,No,No,Yes,No,Month-to-month,Yes,Electronic check,63.99,2027.46,Yes
CUST-03800,Male,0,Yes,No,47,No,No phone service,DSL,No,No,No,Yes,No,No,Month-to-month,Yes,Electronic check,42.62,1996.98,No
CUST-03801,Female,0,No,No,72,Yes,Yes,No,No internet service,No internet service,No internet service,No internet service,No internet service,No internet service,One year,No,Mailed check,51.01,3741.69,No
CUST-03802,Female,1,No,No,0,Yes,No,No,No internet service,No internet service,No internet service,No internet service,No internet service,No internet service,Month-to-month,No,Credit card (automatic),28.37,18.0,No
CUST-03803,Female,0,No,No,67,Yes,No,No,No internet service,No internet service,No internet service,No internet service,No internet service,No internet service,One year,Yes,Credit card (automatic),45.04,3043.29,No
CUST-03804,Male,0,No,No,51,Yes,Yes,Fiber optic,No,No,Yes,No,No,Yes,Month-to-month,Yes,Bank transfer (automatic),76.64,3919.6,No
CUST-03805,Male,1,No,No,54,Yes,Yes,Fiber optic,Yes,No,No,Yes,No,No,Month-to-month,No,Electronic check,61.63,3294.33,No
CUST-03806,Female,0,No,No,3,Yes,Yes,Fiber optic,No,No,No,Yes,Yes,Yes,Two year,No,Credit card (automatic),84.3,200.5,No
CUST-03807,Male,0,Yes,No,42,Yes,Yes,Fiber optic,No,No,No,Yes,No,No,Two year,Yes,Bank transfer (automatic),77.64,3306.59,No
CUST-03808,Male,0,No,No,32,Yes,Yes,Fiber optic,Yes,Yes,No,Yes,No,No,Month-to-month,Yes,Mailed check,39.22,1374.23,Yes
CUST-03809,Female,0,Yes,No,16,Yes,No,Fiber optic,No,No,No,No,No,No,Month-to-month,No,Bank transfer (automatic),76.22,1202.78,Yes
CUST-03810,Female,1,Yes,No,60,Yes,No,DSL,No,Yes,No,Yes,Yes,Yes,Month-to-month,Yes,Mailed check,82.01,4871.86,No
CUST-03811,Male,0,Yes,No,43,No,No phone service,No,No internet service,No internet service,No internet service,No internet service,No internet service,No internet service,Month-to-month,Yes,Bank transfer (automatic),44.99,1927.85,No
CUST-03812,Male,0,Yes,No,70,Yes,No,Fiber optic,No,No,Yes,No,Yes,Yes,Month-to-month,Yes,Electronic check,40.06,2858.2,No
CUST-03813,Female,0,No,No,55,Yes,Yes,Fiber optic,Yes,Yes,No,No,No,No,Month-to-month,Yes,Mailed check,76.18,4166.76,No
CUST-03814,Male,1,No,No,65,Yes,No,Fiber optic,Yes,No,No,No,No,Yes,Month-to-month,No,Credit card (automatic),65.39,4202.02,No
CUST-03815,Male,0,No,Yes,72,Yes,No,Fiber optic,No,No,Yes,Yes,No,Yes,One year,No,Electronic check,81.07,5820.34,No
CUST-03816,Male,0,No,No,11,Yes,No,Fiber optic,Yes,No,No,No,Yes,No,Month-to-month,Yes,Electronic check,77.5,845.21,Yes
CUST-03817,Male,0,Yes,No,4,Yes,No,Fiber optic,No,Yes,Yes,No,No,Yes,Month-to-month,No,Electronic check,54.13,210.5,Yes
CUST-03818,Female,1,No,No,65,Yes,No,DSL,Yes,No,No,Yes,No,No,One year,No,Mailed check,60.11,3961.02,No
CUST-03819,Female,0,Yes,Yes,1,No,No phone service,DSL,Yes,No,Yes,Yes,No,No,Two year,Yes,Bank transfer (automatic),36.07,74.57,No
CUST-03820,Female,0,Yes,No,36,Yes,Yes,DSL,No,No,No,No,Yes,No,Month-to-month,Yes,Electronic check,35.09,1269.46,No
CUST-03821,Male,1,No,No,12,Yes,No,Fiber optic,No,No,No,No,No,No,Two year,No,Mailed check,81.39,886.45,No
CUST-03822,Male,0,No,Yes,25,Yes,No,Fiber optic,No,Yes,No,No,No,Yes,Month-to-month,Yes,Mailed check,78.19,1840.41,No
CUST-03823,Female,0,Yes,No,0,Yes,Yes,DSL,Yes,Yes,Yes,No,No,No,Month-to-month,Yes,Mailed check,18.0,18.0,No
CUST-03824,Male,0,Yes,No,40,Yes,Yes,DSL,Yes,Yes,Yes,No,Yes,No,Month-to-month,No,Mailed check,68.84,2750.21,No
CUST-03825,Female,0,Yes,Yes,65,Yes,Yes,Fiber optic,No,No,No,No,Yes,Yes,One year,No,Electronic check,56.07,3683.15,No
CUST-03826,Female,0,No,Yes,62,Yes,Yes,DSL,No,No,Yes,Yes,No,Yes,Two year,Yes,Mailed check,54.91,3492.73,Yes
CUST-03827,Male,0,Yes,No,35,Yes,Yes,Fiber optic,No,Yes,Yes,Yes,No,No,One year,No,Electronic check,73.67,2564.45,No
CUST-03828,Female,0,Yes,No,62,No,No phone service,Fiber optic,No,No,No,No,No,No,Month-to-month,No,Credit card (automatic),87.13,5371.51,No
CUST-03829,Female,0,No,No,1,Yes,Yes,Fiber optic,No,No,No,No,Yes,No,One year,Yes,Electronic check,69.97,18.0,No
CUST-03830,Male,0,No,Yes,5,Yes,No,DSL,No,No,No,Yes,No,No,One year,Yes,Mailed check,64.28,379.92,No
CUST-03831,Female,1,Yes,Yes,17,Yes,No,Fiber optic,No,No,No,No,No,No,Month-to-month,No,Electronic check,78.89,1316.27,Yes
CUST-03832,Male,0,No,No,61,Yes,No,DSL,Yes,No,No,No,Yes,Yes,Two year,Yes,Mailed check,55.97,3404.68,No
CUST-03833,Female,0,Yes,Yes,61,Yes,Yes,Fiber optic,No,Yes,No,Yes,Yes,Yes,Month-to-month,Yes,Electronic check,84.1,5166.39,Yes
CUST-03834,Female,0,Yes,No,38,No,No phone service,Fiber optic,Yes,No,No,Yes,Yes,Yes,Month-to-month,Yes,Mailed check,71.76,2663.87,No
CUST-03835,Male,0,No,Yes,34,Yes,No,Fiber optic,No,Yes,Yes,No,Yes,No,Two year,Yes,Electronic check,87.5,2926.35,No
CUST-03836,Female,0,Yes,No,46,Yes,No,Fiber optic,Yes,Yes,Yes,No,No,No,Two year,Yes,Electronic check,86.52,3953.14,No
CUST-03837,Male,0,Yes,No,72,Yes,No,No,No internet service,No internet service,No internet service,No internet service,No internet service,No internet service,Month-to-month,Yes,Electronic check,61.36,4359.02,No
CUST-03838,Female,0,No,No,59,Yes,No,Fiber optic,No,Yes,Yes,Yes,No,No,Month-to-month,Yes,Bank transfer (automatic),77.03,4468.78,No
CUST-03839,Female,0,No,Yes,72,Yes,Yes,DSL,Yes,No,No,No,No,No,Two year,No,Mailed check,79.59,5738.86,No
CUST-03840,Female,0,No,No,45,Yes,Yes,Fiber optic,No,Yes,No,Yes,No,No,Month-to-month,Yes,Mailed check,60.62,2747.95,Yes
CUST-03841,Female,1,No,No,62,Yes,No,Fiber optic,No,Yes,Yes,No,No,No,Month-to-month,Yes,Electronic check,64.34,4017.11,No
CUST-03842,Male,0,Yes,No,54,Yes,No,DSL,Yes,Yes,No,No,Yes,No,One year,Yes,Bank transfer (automatic),57.69,3166.85,No
CUST-03843,Female,0,No,Yes,31,No,No phone service,No,No internet service,No internet service,No internet service,No internet service,No internet service,No internet service,Month-to-month,Yes,Bank transfer (automatic),40.84,1322.69,Yes
CUST-03844,Male,0,Yes,Yes,62,Yes,Yes,DSL,Yes,No,Yes,No,Yes,Yes,Month-to-month,Yes,Bank transfer (automatic),72.02,4455.98,No
CUST-03845,Female,0,No,No,63,Yes,No,No,No internet service,No internet service,No internet service,No internet service,No internet service,No internet service,Month-to-month,No,Electronic check,45.43,2875.41,No
CUST-03846,Male,0,Yes,No,66,Yes,Yes,Fiber optic,No,No,No,No,No,No,Two year,Yes,Bank transfer (automatic),48.68,3251.47,No
CUST-03847,Female,1,Yes,No,5,Yes,No,Fiber optic,No,No,Yes,Yes,No,Yes,One year,No,Bank transfer (automatic),52.28,269.89,No
CUST-03848,Male,1,Yes,No,47,Yes,Yes,Fiber optic,No,Yes,No,Yes,No,Yes,Month-to-month,No,Mailed check,81.66,3887.48,Yes
CUST-03849,Female,0,No,No,45,Yes,Yes,DSL,No,No,Yes,No,No,No,Month-to-month,No,Bank transfer (automatic),40.13,1762.98,No
CUST-03850,Male,1,Yes,No,49,Yes,Yes,Fiber optic,No,No,No,Yes,No,Yes,Month-to-month,No,Credit card (automatic),71.36,3504.48,Yes
CUST-03851,Female,0,No,No,1,Yes,Yes,DSL,No,No,Yes,No,Yes,No,Month-to-month,Yes,Electronic check,48.65,142.3,Yes
CUST-03852,Male,0,No,Yes,12,Yes,No,DSL,Yes,No,No,Yes,No,Yes,Month-to-month,Yes,Electronic check,63.3,717.89,No
CUST-03853,Male,0,No,Yes,62,No,No phone service,Fiber optic,Yes,Yes,No,Yes,No,No,Month-to-month,Yes,Electronic check,66.02,4048.14,Yes
CUST-03854,Male,0,Yes,No,19,Yes,No,DSL,Yes,No,No,Yes,Yes,No,One year,Yes,Bank transfer (automatic),44.43,833.76,No
CUST-03855,Male,0,Yes,No,37,Yes,No,Fiber optic,Yes,No,Yes,No,Yes,Yes,Month-to-month,No,Bank transfer (automatic),51.35,1931.61,No
CUST-03856,Female,1,No,No,72,Yes,Yes,Fiber optic,No,No,Yes,No,No,Yes,Two year,Yes,Electronic check,88.73,6278.85,No
CUST-03857,Male,0,No,Yes,0,Yes,No,No,No internet service,No internet service,No internet service,No internet service,No internet service,No internet service,Month-to-month,Yes,Credit card (automatic),41.88,18.0,No
CUST-03858,Male,0,Yes,Yes,36,Yes,Yes,No,No internet service,No internet service,No internet service,No internet service,No internet service,No internet service,Month-to-month,No,Bank transfer (automatic),23.51,938.03,No
CUST-03859,Male,0,No,No,16,Yes,Yes,DSL,Yes,No,Yes,Yes,No,Yes,One year,No,Mailed check,56.72,988.43,No
CUST-03860,Male,0,Yes,No,0,Yes,Yes,No,No internet service,No internet service,No internet service,No internet service,No internet service,No internet service,Month-to-month,No,Credit card (automatic),49.91,35.81,No
CUST-03861,Female,1,Yes,No,66,Yes,No,DSL,Yes,No,No,No,No,No,Month-to-month,Yes,Mailed check,47.99,3211.77,No
CUST-03862,Female,0,Yes,Yes,57,Yes,Yes,Fiber optic,No,Yes,No,Yes,No,No,Two year,Yes,Mailed check,69.44,3949.16,No
CUST-03863,Male,0,Yes,No,63,Yes,No,No,No internet service,No internet service,No internet service,No internet service,No internet service,No internet service,One year,Yes,Mailed check,60.61,3812.34,No
CUST-03864,Female,0,Yes,No,20,Yes,Yes,DSL,No,No,No,No,No,Yes,Two year,No,Mailed check,55.14,1091.01,No
CUST-03865,Female,0,No,No,0,Yes,Yes,Fiber optic,Yes,Yes,No,No,Yes,No,Two year,Yes,Electronic check,45.75,18.0,No
CUST-03866,Female,0,Yes,Yes,64,Yes,Yes,DSL,No,No,No,Yes,No,Yes,Month-to-month,Yes,Credit card (automatic),54.6,3436.37,Yes
CUST-03867,Female,0,No,No,1,Yes,Yes,No,No internet service,No internet service,No internet service,No internet service,No internet service,No internet service,Two year,Yes,Electronic check,59.63,75.64,No
CUST-03868,Female,0,No,Yes,10,Yes,Yes,Fiber optic,No,No,Yes,No,No,No,Month-to-month,Yes,Electronic check,48.15,427.02,Yes
CUST-03869,Male,0,No,No,59,Yes,Yes,DSL,Yes,No,Yes,Yes,Yes,Yes,Month-to-month,No,Bank transfer (automatic),64.08,3755.44,No
CUST-03870,Female,0,Yes,Yes,9,Yes,Yes,DSL,No,No,Yes,No,No,No,Month-to-month,No,Credit card (automatic),50.66,461.18,No
CUST-03871,Male,0,No,No,3,Yes,No,Fiber optic,No,No,No,No,Yes,Yes,Month-to-month,Yes,Credit card (automatic),43.86,64.68,Yes
CUST-03872,Male,0,Yes,Yes,28,Yes,Yes,Fiber optic,Yes,Yes,No,Yes,No,No,Two year,No,Electronic check,85.68,2473.47,No
CUST-03873,Female,1,No,No,30,Yes,No,Fiber optic,No,No,Yes,No,No,Yes,Month-to-month,Yes,Credit card (automatic),53.23,1562.7,Yes
CUST-03874,Male,1,Yes,No,54,Yes,No,Fiber optic,No,No,No,Yes,Yes,Yes,Month-to-month,Yes,Electronic check,60.02,3244.62,No
CUST-03875,Female,0,No,Yes,67,Yes,No,Fiber optic,Yes,No,No,No,Yes,No,Month-to-month,Yes,Electronic check,64.13,4320.09,Yes
CUST-03876,Female,0,Yes,Yes,25,Yes,No,Fiber optic,Yes,No,No,No,Yes,No,Two year,No,Credit card (automatic),77.0,1989.41,No
CUST-03877,Female,1,No,No,8,Yes,Yes,DSL,No,No,No,No,Yes,No,Two year,Yes,Electronic check,48.13,444.97,No
CUST-03878,Male,0,Yes,No,47,No,No phone service,DSL,No,No,No,No,No,No,Month-to-month,No,Mailed check,70.79,3378.9,No
CUST-03879,Male,0,Yes,No,20,Yes,Yes,DSL,No,No,No,Yes,Yes,No,Month-to-month,Yes,Electronic check,43.78,830.39,No
CUST-03880,Male,0,No,No,69,Yes,No,Fiber optic,No,Yes,Yes,No,No,Yes,Month-to-month,No,Bank transfer (automatic),56.83,3889.42,No
CUST-03881,Female,0,Yes,Yes,2,No,No phone service,Fiber optic,No,No,No,Yes,Yes,No,One year,No,Electronic check,77.06,95.06,No
CUST-03882,Male,0,No,No,56,Yes,Yes,DSL,Yes,No,Yes,No,Yes,Yes,Month-to-month,No,Electronic check,50.65,2864.72,No
CUST-03883,Female,0,No,Yes,0,Yes,Yes,No,No internet service,No internet service,No internet service,No internet service,No internet service,No internet service,Two year,Yes,Bank transfer (automatic),39.3,18.0,No
CUST-03884,Male,0,No,No,24,Yes,No,Fiber optic,No,No,No,No,No,No,Two year,Yes,Credit card (automatic),58.1,1324.66,No
CUST-03885,Male,1,No,No,1,Yes,Yes,DSL,Yes,No,No,No,Yes,No,Month-to-month,Yes,Bank transfer (automatic),24.97,18.0,Yes
CUST-03886,Male,0,No,No,0,Yes,No,Fiber optic,No,No,No,No,No,No,Month-to-month,Yes,Mailed check,83.1,64.57,Yes
CUST-03887,Male,0,No,Yes,71,Yes,No,No,No internet service,No internet service,No internet service,No internet service,No internet service,No internet service,Month-to-month,Yes,Credit card (automatic),26.28,1739.25,Yes
CUST-03888,Male,0,Yes,Yes,58,Yes,No,No,No internet service,No internet service,No internet service,No internet service,No internet service,No internet service,Month-to-month,No,Mailed check,44.2,2674.87,No
CUST-03889,Male,0,No,No,30,Yes,Yes,Fiber optic,No,Yes,No,No,No,Yes,One year,Yes,Mailed check,32.65,1029.11,No
CUST-03890,Female,0,No,No,9,Yes,Yes,Fiber optic,No,No,No,No,Yes,No,Month-to-month,No,Credit card (automatic),70.07,587.46,Yes
CUST-03891,Female,0,Yes,No,0,Yes,No,Fiber optic,No,Yes,No,Yes,No,Yes,One year,Yes,Bank transfer (automatic),50.99,18.0,No
CUST-03892,Female,0,Yes,No,62,Yes,Yes,No,No internet service,No internet service,No internet service,No internet service,No internet service,No internet service,Month-to-month,No,Credit card (automatic),18.6,1157.98,No
CUST-03893,Male,0,Yes,Yes,1,Yes,No,No,No internet service,No internet service,No internet service,No internet service,No internet service,No internet service,Two year,No,Credit card (automatic),29.48,30.01,No
CUST-03894,Male,0,No,No,31,Yes,No,DSL,Yes,No,Yes,No,Yes,No,One year,No,Bank transfer (automatic),28.78,874.1,No
CUST-03895,Female,0,Yes,No,72,Yes,No,Fiber optic,No,No,Yes,Yes,No,Yes,Month-to-month,No,Bank transfer (automatic),59.19,4252.33,No
CUST-03896,Female,1,No,No,2,Yes,Yes,DSL,No,No,Yes,Yes,No,No,Two year,Yes,Credit card (automatic),54.09,174.41,No
CUST-03897,Female,0,No,No,72,Yes,No,Fiber optic,Yes,No,No,Yes,No,Yes,One year,Yes,Credit card (automatic),60.7,4430.13,No
CUST-03898,Male,0,No,Yes,33,Yes,Yes,DSL,No,No,No,No,Yes,No,Month-to-month,Yes,Mailed check,42.84,1466.86,No
CUST-03899,Male,0,Yes,No,8,Yes,No,Fiber optic,No,No,No,No,Yes,No,Month-to-month,Yes,Mailed check,85.11,728.68,No
CUST-03900,Female,0,No,No,62,Yes,Yes,No,No internet service,No internet service,No internet service,No internet service,No internet service,No internet service,One year,Yes,Bank transfer (automatic),40.0,2436.54,No
CUST-03901,Female,0,No,No,45,Yes,No,Fiber optic,Yes,No,Yes,No,No,No,One year,No,Electronic check,80.33,3574.37,No
CUST-03902,Female,0,Yes,No,17,No,No phone service,DSL,Yes,No,No,Yes,Yes,No,Month-to-month,No,Credit card (automatic),21.71,361.71,No
CUST-03903,Female,0,Yes,No,34,Yes,Yes,DSL,No,No,No,No,Yes,Yes,Month-to-month,Yes,Bank transfer (automatic),51.74,1753.55,Yes
CUST-03904,Male,0,Yes,No,0,Yes,Yes,No,No internet service,No internet service,No internet service,No internet service,No internet service,No internet service,One year,Yes,Electronic check,46.74,18.0,No
CUST-03905,Female,1,No,No,31,No,No phone service,Fiber optic,No,No,No,Yes,No,No,Month-to-month,Yes,Credit card (automatic),52.11,1643.42,No
CUST-03906,Female,0,Yes,Yes,5,Yes,No,Fiber optic,No,No,No,No,No,No,Month-to-month,No,Electronic check,85.03,458.59,Yes
CUST-03907,Female,0,Yes,No,13,Yes,Yes,Fiber optic,Yes,No,No,Yes,No,Yes,Two year,No,Credit card (automatic),68.22,823.81,Yes
CUST-03908,Female,1,Yes,No,1,Yes,Yes,Fiber optic,No,No,No,No,No,No,Two year,Yes,Electronic check,74.87,124.86,No
CUST-03909,Male,0,Yes,No,7,Yes,No,Fiber optic,Yes,No,No,Yes,Yes,No,Month-to-month,Yes,Credit card (automatic),74.31,524.3,No
CUST-03910,Female,0,Yes,No,43,Yes,No,Fiber optic,No,No,No,Yes,No,No,Month-to-month,No,Electronic check,97.43,4216.47,Yes
CUST-03911,Male,0,No,Yes,5,Yes,Yes,Fiber optic,No,Yes,No,Yes,No,No,Two year,No,Electronic check,65.52,386.23,Yes
CUST-03912,Female,0,Yes,No,10,Yes,Yes,DSL,No,No,Yes,No,No,Yes,One year,No,Mailed check,51.98,563.32,No
CUST-03913,Male,0,No,No,20,Yes,No,Fiber optic,No,Yes,No,No,No,Yes,Month-to-month,No,Credit card (automatic),86.57,1763.18,Yes
CUST-03914,Female,0,Yes,No,13,Yes,Yes,Fiber optic,No,No,Yes,No,No,No,Month-to-month,Yes,Bank transfer (automatic),61.75,853.72,No
CUST-03915,Female,0,Yes,No,56,No,No phone service,DSL,No,No,Yes,No,No,No,Month-to-month,No,Electronic check,65.43,3645.1,No
CUST-03916,Male,0,No,No,1,Yes,No,Fiber optic,No,No,No,No,Yes,No,Two year,No,Credit card (automatic),67.06,116.53,No
CUST-03917,Male,0,No,No,0,Yes,No,Fiber optic,No,Yes,Yes,No,No,Yes,Month-to-month,No,Electronic check,72.91,18.0,Yes
CUST-03918,Female,1,No,No,7,No,No phone service,No,No internet service,No internet service,No internet service,No internet service,No internet service,No internet service,Month-to-month,Yes,Bank transfer (automatic),40.84,264.39,No
CUST-03919,Male,1,Yes,No,1,Yes,Yes,Fiber optic,Yes,No,No,No,No,Yes,Month-to-month,No,Electronic check,63.39,18.0,Yes
CUST-03920,Female,0,No,No,3,Yes,No,Fiber optic,No,No,No,No,No,No,Two year,No,Credit card (automatic),64.94,263.51,No
CUST-03921,Female,0,No,No,71,Yes,No,Fiber optic,No,No,No,No,No,No,Month-to-month,Yes,Credit card (automatic),55.55,3935.39,No
CUST-03922,Female,0,Yes,No,54,Yes,No,No,No internet service,No internet service,No internet service,No internet service,No internet service,No internet service,Month-to-month,Yes,Mailed check,31.5,1671.98,No
CUST-03923,Male,0,No,No,34,Yes,No,No,No internet service,No internet service,No internet service,No internet service,No internet service,No internet service,Two year,Yes,Mailed check,41.09,1405.26,No
CUST-03924,Male,0,Yes,Yes,0,Yes,No,DSL,No,No,No,No,No,Yes,Month-to-month,Yes,Credit card (automatic),51.98,18.0,No
CUST-03925,Female,0,Yes,No,69,Yes,No,DSL,Yes,No,Yes,No,Yes,No,Month-to-month,Yes,Electronic check,62.94,4239.65,No
CUST-03926,Female,0,No,No,72,Yes,Yes,Fiber optic,Yes,No,No,No,No,No,One year,No,Bank transfer (automatic),61.63,4451.52,No
CUST-03927,Female,0,No,No,72,Yes,No,Fiber optic,Yes,No,No,No,No,Yes,Month-to-month,No,Credit card (automatic),85.8,6248.17,Yes
CUST-03928,Male,0,No,No,72,Yes,No,Fiber optic,Yes,No,Yes,No,No,No,One year,Yes,Bank transfer (automatic),39.78,2877.82,Yes
CUST-03929,Female,0,No,No,64,Yes,No,Fiber optic,Yes,Yes,No,Yes,Yes,No,Two year,No,Electronic check,53.83,3423.27,No
CUST-03930,Female,0,Yes,No,2,Yes,Yes,Fiber optic,No,Yes,No,No,Yes,No,Two year,Yes,Electronic check,73.44,137.17,No
CUST-03931,Female,0,No,Yes,11,Yes,No,Fiber optic,No,No,Yes,No,No,No,Two year,No,Mailed check,88.38,977.78,No
CUST-03932,Male,0,No,Yes,55,Yes,Yes,Fiber optic,No,No,No,No,Yes,No,Two year,Yes,Credit card (automatic),56.25,3125.22,No
CUST-03933,Female,1,Yes,No,1,Yes,Yes,DSL,No,No,No,Yes,No,No,Two year,Yes,Electronic check,80.47,93.71,No
CUST-03934,Female,0,Yes,No,9,Yes,No,No,No internet service,No internet service,No internet service,No internet service,No internet service,No internet service,Month-to-month,Yes,Electronic check,54.83,426.65,No
CUST-03935,Male,0,No,Yes,25,Yes,No,Fiber optic,No,No,Yes,No,No,Yes,One year,Yes,Credit card (automatic),73.59,1836.78,Yes
CUST-03936,Female,0,Yes,Yes,0,Yes,No,DSL,No,No,No,Yes,No,Yes,Month-to-month,Yes,Mailed check,61.3,44.75,Yes
CUST-03937,Female,0,No,Yes,61,No,No phone service,No,No internet service,No internet service,No internet service,No internet service,No internet service,No internet service,Month-to-month,Yes,Bank transfer (automatic),50.16,3069.7,No
CUST-03938,Male,0,No,Yes,8,Yes,No,Fiber optic,No,No,No,Yes,Yes,Yes,Month-to-month,No,Bank transfer (automatic),60.67,405.57,Yes
CUST-03939,Female,0,No,No,72,No,No phone service,Fiber optic,No,No,Yes,Yes,No,No,One year,Yes,Bank transfer (automatic),67.72,4861.43,No
CUST-03940,Female,0,No,No,56,Yes,Yes,Fiber optic,No,No,Yes,No,No,Yes,Month-to-month,Yes,Electronic check,55.89,3092.3,Yes
CUST-03941,Female,0,No,No,20,Yes,No,DSL,No,No,No,Yes,Yes,Yes,Month-to-month,Yes,Bank transfer (automatic),44.54,889.58,Yes
CUST-03942,Male,1,No,No,36,Yes,Yes,Fiber optic,No,Yes,No,No,Yes,No,Month-to-month,Yes,Credit card (automatic),80.82,2922.15,No
CUST-03943,Female,1,Yes,Yes,60,Yes,No,DSL,No,No,No,No,Yes,No,Two year,No,Electronic check,68.9,4123.78,No
CUST-03944,Female,0,No,No,36,No,No phone service,No,No internet service,No internet service,No internet service,No internet service,No internet service,No internet service,One year,Yes,Mailed check,28.28,994.89,Yes
CUST-03945,Male,0,No,No,59,Yes,No,DSL,No,No,Yes,No,No,Yes,Month-to-month,No,Credit card (automatic),44.94,2719.67,No
CUST-03946,Female,0,No,Yes,54,Yes,No,DSL,No,Yes,No,Yes,No,Yes,Two year,No,Bank transfer (automatic),77.12,4137.31,No
CUST-03947,Male,0,No,Yes,26,Yes,No,DSL,No,No,No,No,Yes,Yes,Month-to-month,Yes,Electronic check,51.6,1340.79,Yes
CUST-03948,Male,0,No,No,37,Yes,Yes,Fiber optic,No,Yes,Yes,No,No,No,Month-to-month,No,Electronic check,74.01,2648.25,No
CUST-03949,Female,0,No,Yes,11,Yes,Yes,DSL,No,No,Yes,No,Yes,No,Month-to-month,Yes,Electronic check,47.63,573.51,Yes
CUST-03950,Male,0,No,Yes,59,Yes,Yes,Fiber optic,Yes,Yes,No,No,No,No,One year,Yes,Bank transfer (automatic),96.01,5646.24,No
CUST-03951,Male,0,No,No,3,Yes,No,Fiber optic,No,No,No,Yes,Yes,No,Two year,Yes,Bank transfer (automatic),59.13,136.48,No
CUST-03952,Male,0,No,No,17,Yes,No,DSL,No,No,No,No,Yes,No,Month-to-month,Yes,Bank transfer (automatic),67.34,1075.22,Yes
CUST-03953,Female,0,Yes,Yes,72,Yes,Yes,No,No internet service,No internet service,No internet service,No internet service,No internet service,No internet service,One year,Yes,Mailed check,57.3,4116.76,No
CUST-03954,Male,0,Yes,No,2,Yes,Yes,No,No internet service,No internet service,No internet service,No internet service,No internet service,No internet service,Two year,Yes,Mailed check,19.26,107.03,No
CUST-03955,Female,0,No,Yes,8,No,No phone service,DSL,No,No,No,Yes,No,No,One year,No,Electronic check,27.04,253.39,No
CUST-03956,Female,0,Yes,No,29,No,No phone service,DSL,No,Yes,No,Yes,No,Yes,Two year,No,Credit card (automatic),34.66,994.7,No
CUST-03957,Female,0,Yes,No,45,No,No phone service,Fiber optic,No,Yes,No,No,No,No,Month-to-month,Yes,Electronic check,80.34,3584.4,Yes
CUST-03958,Female,1,Yes,No,72,Yes,No,DSL,No,Yes,No,No,Yes,Yes,Month-to-month,No,Mailed check,46.1,3388.8,No
CUST-03959,Male,0,No,No,67,Yes,No,Fiber optic,No,Yes,Yes,No,Yes,No,Month-to-month,No,Credit card (automatic),87.8,5839.49,No
CUST-03960,Male,1,No,No,34,Yes,Yes,Fiber optic,No,Yes,No,Yes,Yes,Yes,One year,Yes,Electronic check,51.03,1743.03,Yes
CUST-03961,Female,0,No,No,14,Yes,Yes,Fiber optic,Yes,Yes,No,Yes,Yes,No,Month-to-month,No,Mailed check,55.15,765.12,No
CUST-03962,Female,0,No,No,48,Yes,No,Fiber optic,Yes,Yes,Yes,No,No,No,One year,Yes,Electronic check,60.26,2970.88,No
CUST-03963,Female,0,No,No,29,No,No phone service,No,No internet service,No internet service,No internet service,No internet service,No internet service,No internet service,One year,Yes,Bank transfer (automatic),60.5,1747.25,No
CUST-03964,Male,0,Yes,No,0,Yes,Yes,Fiber optic,No,No,No,Yes,Yes,Yes,Month-to-month,Yes,Bank transfer (automatic),92.31,118.81,No
CUST-03965,Male,0,Yes,No,38,Yes,Yes,DSL,No,No,Yes,No,Yes,No,Month-to-month,Yes,Mailed check,31.26,1201.91,No
CUST-03966,Female,0,Yes,Yes,71,Yes,No,DSL,No,No,No,No,Yes,No,One year,Yes,Bank transfer (automatic),64.04,4482.75,No
CUST-03967,Female,0,Yes,No,0,Yes,Yes,Fiber optic,No,No,No,No,Yes,No,Month-to-month,Yes,Credit card (automatic),46.47,51.36,No
CUST-03968,Male,0,No,Yes,43,No,No phone service,Fiber optic,No,No,No,No,No,No,Month-to-month,Yes,Bank transfer (automatic),48.28,2151.0,No
CUST-03969,Female,1,Yes,No,45,Yes,No,Fiber optic,No,No,No,Yes,No,Yes,Two year,No,Credit card (automatic),75.68,3416.68,No
CUST-03970,Female,1,No,No,3,Yes,Yes,Fiber optic,No,Yes,No,Yes,Yes,Yes,Two year,Yes,Mailed check,69.05,250.68,No
CUST-03971,Male,0,No,No,53,Yes,No,Fiber optic,No,No,No,Yes,No,Yes,One year,No,Mailed check,83.78,4544.14,No
CUST-03972,Female,0,Yes,Yes,42,Yes,No,No,No internet service,No internet service,No internet service,No internet service,No internet service,No internet service,Month-to-month,Yes,Electronic check,42.23,1806.91,Yes
CUST-03973,Male,1,No,No,51,Yes,No,Fiber optic,No,Yes,No,No,Yes,Yes,Month-to-month,Yes,Bank transfer (automatic),85.5,4282.91,Yes
CUST-03974,Male,0,No,No,2,Yes,No,DSL,No,No,Yes,Yes,Yes,Yes,Two year,Yes,Credit card (automatic),73.49,99.33,No
CUST-03975,Male,0,No,No,65,Yes,Yes,No,No internet service,No internet service,No internet service,No internet service,No internet service,No internet service,Two year,Yes,Mailed check,35.43,2302.9,No
CUST-03976,Female,0,No,No,2,Yes,Yes,No,No internet service,No internet service,No internet service,No internet service,No internet service,No internet service,Two year,Yes,Mailed check,41.08,70.39,No
CUST-03977,Female,0,No,Yes,68,Yes,Yes,DSL,No,Yes,No,No,Yes,Yes,One year,No,Electronic check,70.66,4764.56,No
CUST-03978,Female,0,No,No,7,Yes,No,Fiber optic,No,Yes,Yes,No,Yes,Yes,Month-to-month,Yes,Credit card (automatic),72.09,566.96,Yes
CUST-03979,Female,0,No,No,32,No,No phone service,Fiber optic,No,No,No,No,No,Yes,Month-to-month,Yes,Electronic check,83.57,2657.6,Yes
CUST-03980,Male,0,Yes,Yes,72,Yes,Yes,DSL,No,No,Yes,No,No,Yes,Month-to-month,No,Electronic check,66.81,4916.23,No
CUST-03981,Male,0,No,No,65,Yes,Yes,DSL,No,Yes,Yes,No,No,No,Month-to-month,Yes,Mailed check,29.57,1908.16,Yes
CUST-03982,Male,0,No,No,8,Yes,Yes,DSL,No,No,Yes,No,No,No,Two year,No,Mailed check,58.08,499.74,No
CUST-03983,Female,0,Yes,No,61,Yes,No,Fiber optic,Yes,No,No,Yes,Yes,No,Month-to-month,Yes,Credit card (automatic),83.83,5196.33,Yes
CUST-03984,Female,0,Yes,No,0,Yes,No,DSL,No,No,Yes,No,No,Yes,Month-to-month,Yes,Bank transfer (automatic),64.5,40.09,No
CUST-03985,Female,1,Yes,Yes,72,Yes,No,DSL,Yes,No,No,No,No,No,One year,Yes,Credit card (automatic),65.59,4745.57,No
CUST-03986,Male,1,Yes,No,0,No,No phone service,DSL,No,Yes,No,Yes,No,No,Month-to-month,No,Bank transfer (automatic),57.92,51.03,No
CUST-03987,Male,0,Yes,No,0,Yes,Yes,Fiber optic,No,Yes,Yes,No,No,No,Two year,No,Electronic check,99.56,56.56,Yes
CUST-03988,Male,0,Yes,No,4,Yes,No,No,No internet service,No internet service,No internet service,No internet service,No internet service,No internet service,Month-to-month,Yes,Credit card (automatic),50.41,224.03,No
CUST-03989,Male,0,No,No,13,No,No phone service,Fiber optic,No,Yes,Yes,No,Yes,No,One year,Yes,Bank transfer (automatic),51.11,690.4,No
CUST-03990,Male,0,No,No,1,Yes,No,DSL,No,No,No,No,No,No,Month-to-month,Yes,Bank transfer (automatic),46.63,101.04,Yes
CUST-03991,Female,0,No,No,0,Yes,Yes,No,No internet service,No internet service,No internet service,No internet service,No internet service,No internet service,Month-to-month,Yes,Bank transfer (automatic),40.7,18.0,No
CUST-03992,Female,0,Yes,No,69,Yes,No,No,No internet service,No internet service,No internet service,No internet service,No internet service,No internet service,Month-to-month,Yes,Mailed check,63.49,4340.45,No
CUST-03993,Male,0,No,No,64,Yes,Yes,DSL,No,No,Yes,Yes,Yes,No,Month-to-month,No,Bank transfer (automatic),42.98,2848.85,No
CUST-03994,Male,0,Yes,No,52,No,No phone service,No,No internet service,No internet service,No internet service,No internet service,No internet service,No internet service,Month-to-month,Yes,Electronic check,67.28,3499.48,No
CUST-03995,Female,1,Yes,No,50,Yes,No,Fiber optic,No,No,No,No,No,Yes,One year,No,Electronic check,75.04,3708.82,Yes
CUST-03996,Male,0,No,No,59,Yes,No,DSL,No,No,No,No,No,No,Month-to-month,Yes,Electronic check,24.11,1448.27,No
CUST-03997,Male,0,No,No,47,Yes,Yes,Fiber optic,Yes,No,No,No,Yes,Yes,Two year,No,Credit card (automatic),88.08,4056.8,No
CUST-03998,Female,0,No,No,6,No,No phone service,Fiber optic,Yes,Yes,No,No,Yes,Yes,Month-to-month,Yes,Electronic check,90.61,573.88,Yes
CUST-03999,Female,0,No,No,2,Yes,Yes,No,No internet service,No internet service,No internet service,No internet service,No internet service,No internet service,Two year,No,Credit card (automatic),39.4,67.42,No
CUST-04000,Female,0,No,No,0,No,No phone service,Fiber optic,Yes,No,No,No,Yes,No,Two year,No,Credit card (automatic),69.12,18.0,No
CUST-04001,Male,0,No,No,7,Yes,No,Fiber optic,No,No,No,No,No,Yes,Month-to-month,No,Credit card (automatic),85.4,601.48,Yes
CUST-04002,Female,0,No,No,4,No,No phone service,No,No internet service,No internet service,No internet service,No internet service,No internet service,No internet service,One year,Yes,Electronic check,62.43,203.21,No
CUST-04003,Male,0,Yes,Yes,41,Yes,Yes,DSL,No,Yes,Yes,No,Yes,Yes,Month-to-month,Yes,Bank transfer (automatic),51.85,2137.25,No
CUST-04004,Male,0,Yes,Yes,8,Yes,No,Fiber optic,No,No,No,No,No,No,Month-to-month,Yes,Electronic check,85.1,665.51,Yes
CUST-04005,Female,0,No,No,31,Yes,Yes,Fiber optic,No,No,No,Yes,No,No,Two year,Yes,Electronic check,66.4,2013.65,No
CUST-04006,Female,0,No,Yes,0,Yes,No,DSL,No,Yes,No,No,Yes,No,Two year,No,Credit card (automatic),72.42,24.62,No
CUST-04007,Male,0,Yes,No,35,Yes,No,Fiber optic,No,No,No,No,Yes,No,Month-to-month,Yes,Electronic check,50.27,1685.44,Yes
CUST-04008,Female,0,Yes,Yes,9,Yes,No,No,No internet service,No internet service,No internet service,No internet service,No internet service,No internet service,Month-to-month,Yes,Bank transfer (automatic),67.87,568.37,Yes
CUST-04009,Male,0,Yes,Yes,0,Yes,No,Fiber optic,No,No,No,No,No,Yes,One year,Yes,Mailed check,45.9,18.0,No
CUST-04010,Male,0,No,No,0,Yes,Yes,Fiber optic,No,No,Yes,No,No,Yes,Month-to-month,Yes,Mailed check,51.38,18.0,No
CUST-04011,Male,0,Yes,No,5,Yes,No,DSL,No,No,No,No,No,No,One year,No,Credit card (automatic),71.21,331.36,No
CUST-04012,Female,0,No,No,68,Yes,No,Fiber optic,No,Yes,No,No,No,No,Month-to-month,Yes,Credit card (automatic),71.33,4806.63,No
CUST-04013,Female,0,Yes,No,30,Yes,Yes,Fiber optic,No,No,No,No,Yes,No,Month-to-month,No,Credit card (automatic),78.67,2315.04,No
CUST-04014,Male,1,Yes,Yes,39,Yes,Yes,No,No internet service,No internet service,No internet service,No internet service,No internet service,No internet service,Month-to-month,No,Credit card (automatic),27.15,1089.34,No
CUST-04015,Male,0,Yes,Yes,10,Yes,Yes,No,No internet service,No internet service,No internet service,No internet service,No internet service,No internet service,Month-to-month,Yes,Mailed check,32.37,331.5,No
CUST-04016,Male,0,No,No,46,Yes,No,DSL,Yes,No,Yes,No,Yes,Yes,Month-to-month,No,Mailed check,49.2,2311.1,Yes
CUST-04017,Male,0,Yes,No,21,Yes,Yes,No,No internet service,No internet service,No internet service,No internet service,No internet service,No internet service,One year,Yes,Credit card (automatic),21.62,383.02,No
CUST-04018,Male,0,Yes,No,19,Yes,No,No,No internet service,No internet service,No internet service,No internet service,No internet service,No internet service,Month-to-month,No,Mailed check,61.98,1208.83,Yes
CUST-04019,Male,1,No,No,10,No,No phone service,DSL,No,No,No,No,No,Yes,Two year,No,Credit card (automatic),54.24,541.23,No
CUST-04020,Female,0,No,No,50,Yes,No,Fiber optic,Yes,No,No,Yes,No,Yes,Month-to-month,Yes,Electronic check,53.34,2651.75,No
CUST-04021,Male,0,Yes,No,72,Yes,Yes,DSL,No,No,No,No,No,No,Month-to-month,No,Mailed check,59.01,4255.03,No
CUST-04022,Male,1,No,Yes,57,Yes,No,Fiber optic,Yes,No,No,Yes,No,No,Two year,Yes,Electronic check,56.27,3218.21,No
CUST-04023,Female,0,Yes,Yes,2,Yes,No,DSL,No,No,Yes,No,No,No,Month-to-month,Yes,Credit card (automatic),60.09,121.64,Yes
CUST-04024,Male,0,No,Yes,50,Yes,No,Fiber optic,No,No,Yes,No,Yes,No,Two year,Yes,Mailed check,64.3,3155.66,No
CUST-04025,Male,0,Yes,No,42,Yes,Yes,DSL,No,Yes,Yes,No,Yes,No,Month-to-month,Yes,Credit card (automatic),44.37,1829.29,Yes
CUST-04026,Male,0,No,No,49,Yes,No,No,No internet service,No internet service,No internet service,No internet service,No internet service,No internet service,Month-to-month,No,Mailed check,41.74,2060.21,Yes
CUST-04027,Male,0,No,Yes,72,Yes,Yes,DSL,Yes,No,No,Yes,No,No,Two year,Yes,Bank transfer (automatic),88.2,6354.79,No
CUST-04028,Male,0,No,Yes,55,Yes,No,DSL,No,Yes,No,No,Yes,Yes,Month-to-month,Yes,Electronic check,58.58,3181.17,Yes
CUST-04029,Female,1,No,Yes,5,No,No phone service,DSL,No,Yes,Yes,No,No,No,Month-to-month,No,Electronic check,44.13,264.51,No
CUST-04030,Male,0,Yes,No,22,No,No phone service,Fiber optic,Yes,No,No,Yes,Yes,No,Month-to-month,Yes,Credit card (automatic),85.0,1871.85,No
CUST-04031,Female,0,No,No,1,Yes,No,Fiber optic,No,No,Yes,No,No,Yes,Month-to-month,No,Electronic check,96.19,115.26,Yes
CUST-04032,Female,0,Yes,No,47,Yes,No,Fiber optic,Yes,No,Yes,Yes,No,No,One year,Yes,Electronic check,72.62,3484.64,No
CUST-04033,Male,0,Yes,No,42,No,No phone service,Fiber optic,No,No,No,No,No,Yes,Month-to-month,No,Electronic check,78.69,3320.75,Yes
CUST-04034,Male,1,No,Yes,3,Yes,No,No,No internet service,No internet service,No internet service,No internet service,No internet service,No internet service,Two year,Yes,Bank transfer (automatic),22.79,47.67,No
CUST-04035,Male,0,No,No,0,Yes,Yes,Fiber optic,No,No,No,No,No,No,Two year,Yes,Mailed check,59.76,18.0,No
CUST-04036,Male,0,No,No,0,Yes,No,Fiber optic,No,No,Yes,No,No,Yes,Two year,No,Credit card (automatic),50.64,18.0,Yes
CUST-04037,Female,1,No,Yes,0,Yes,Yes,Fiber optic,No,No,Yes,No,No,No,Two year,No,Mailed check,85.33,18.0,No
CUST-04038,Female,1,No,No,3,Yes,Yes,No,No internet service,No internet service,No internet service,No internet service,No internet service,No internet service,Two year,Yes,Credit card (automatic),18.0,18.0,No
CUST-04039,Male,1,No,No,24,Yes,Yes,DSL,No,No,No,No,Yes,Yes,Month-to-month,Yes,Electronic check,64.84,1552.33,Yes
CUST-04040,Male,0,No,Yes,27,Yes,Yes,DSL,No,No,No,Yes,Yes,No,Two year,Yes,Mailed check,28.48,653.13,No
CUST-04041,Male,0,No,No,72,Yes,Yes,Fiber optic,No,No,No,No,No,No,Month-to-month,No,Mailed check,82.36,5921.03,Yes
CUST-04042,Female,0,Yes,No,27,Yes,Yes,Fiber optic,Yes,No,No,Yes,Yes,No,Two year,Yes,Bank transfer (automatic),91.11,2457.88,No
CUST-04043,Female,0,No,No,47,Yes,Yes,DSL,Yes,No,No,No,Yes,Yes,Two year,Yes,Bank transfer (automatic),44.97,2125.12,No
CUST-04044,Male,1,No,No,10,Yes,No,No,No internet service,No internet service,No internet service,No internet service,No internet service,No internet service,One year,Yes,Mailed check,35.06,376.93,Yes
CUST-04045,Male,0,No,Yes,32,Yes,Yes,DSL,No,No,No,No,Yes,No,Two year,Yes,Bank transfer (automatic),60.89,1964.82,No
CUST-04046,Male,0,Yes,No,14,Yes,No,Fiber optic,No,No,No,No,Yes,No,Two year,No,Mailed check,61.0,884.14,No
CUST-04047,Male,1,Yes,Yes,14,Yes,No,DSL,No,No,No,No,No,Yes,Two year,Yes,Bank transfer (automatic),72.19,968.13,No
CUST-04048,Male,1,Yes,Yes,59,Yes,No,No,No internet service,No internet service,No internet service,No internet service,No internet service,No internet service,One year,Yes,Credit card (automatic),40.83,2379.44,No
CUST-04049,Male,0,Yes,Yes,7,Yes,Yes,Fiber optic,No,No,No,No,No,Yes,Two year,No,Electronic check,81.38,716.92,No
CUST-04050,Male,1,No,No,50,Yes,Yes,DSL,No,No,No,No,No,No,Month-to-month,No,Bank transfer (automatic),61.45,3117.92,Yes
CUST-04051,Male,0,Yes,No,72,Yes,No,DSL,Yes,No,Yes,No,No,No,Two year,Yes,Credit card (automatic),56.96,4152.53,No
CUST-04052,Male,0,Yes,No,28,Yes,No,DSL,No,Yes,Yes,No,Yes,No,One year,Yes,Bank transfer (automatic),55.44,1473.36,No
CUST-04053,Female,0,No,No,32,Yes,Yes,Fiber optic,Yes,No,Yes,Yes,Yes,Yes,Two year,Yes,Electronic check,65.99,2170.79,No
CUST-04054,Female,1,Yes,No,54,Yes,Yes,DSL,Yes,No,No,No,Yes,No,Month-to-month,Yes,Mailed check,48.57,2527.78,No
CUST-04055,Male,1,Yes,No,6,Yes,No,Fiber optic,No,No,No,No,No,No,Month-to-month,No,Electronic check,95.62,486.88,Yes
CUST-04056,Male,0,No,No,4,Yes,No,Fiber optic,No,Yes,Yes,Yes,No,No,Month-to-month,Yes,Credit card (automatic),51.11,245.47,Yes
CUST-04057,Female,0,No,Yes,12,Yes,Yes,Fiber optic,No,Yes,No,No,Yes,No,One year,No,Mailed check,88.74,1142.92,Yes
CUST-04058,Female,0,No,Yes,5,Yes,Yes,DSL,No,No,No,No,Yes,No,Month-to-month,Yes,Electronic check,34.1,108.63,No
CUST-04059,Male,0,No,No,46,Yes,No,Fiber optic,No,No,No,No,Yes,Yes,Month-to-month,Yes,Mailed check,85.04,3852.23,Yes
CUST-04060,Female,1,No,No,72,Yes,No,No,No internet service,No internet service,No internet service,No internet service,No internet service,No internet service,Month-to-month,No,Bank transfer (automatic),74.15,5311.24,No
CUST-04061,Male,0,Yes,Yes,31,No,No phone service,Fiber optic,Yes,Yes,Yes,No,Yes,Yes,Two year,Yes,Mailed check,91.22,2702.06,No
CUST-04062,Male,0,No,No,26,Yes,No,No,No internet service,No internet service,No internet service,No internet service,No internet service,No internet service,One year,No,Electronic check,18.0,477.43,No
CUST-04063,Female,0,No,No,67,Yes,No,DSL,Yes,No,Yes,No,No,No,One year,Yes,Mailed check,55.54,3747.58,No
CUST-04064,Female,0,No,No,0,Yes,Yes,DSL,Yes,No,Yes,No,No,No,Month-to-month,Yes,Electronic check,57.43,18.0,No
CUST-04065,Female,0,Yes,Yes,43,Yes,Yes,No,No internet service,No internet service,No internet service,No internet service,No internet service,No internet service,Month-to-month,No,Credit card (automatic),69.27,2861.74,No
CUST-04066,Male,1,Yes,Yes,53,Yes,Yes,Fiber optic,No,Yes,No,No,Yes,No,Two year,Yes,Bank transfer (automatic),52.74,2756.55,No
CUST-04067,Female,0,Yes,No,45,Yes,Yes,Fiber optic,Yes,No,No,No,No,Yes,Two year,No,Electronic check,67.27,3093.09,No
CUST-04068,Male,0,No,No,72,Yes,No,Fiber optic,Yes,Yes,No,No,No,No,Two year,No,Bank transfer (automatic),48.96,3564.49,No
CUST-04069,Female,0,No,No,11,Yes,No,Fiber optic,Yes,Yes,Yes,No,Yes,Yes,Two year,Yes,Mailed check,70.46,772.19,No
CUST-04070,Male,1,Yes,Yes,42,Yes,No,No,No internet service,No internet service,No internet service,No internet service,No internet service,No internet service,Month-to-month,Yes,Electronic check,36.83,1540.85,No
CUST-04071,Male,0,No,Yes,4,Yes,Yes,DSL,Yes,No,Yes,No,No,No,Month-to-month,No,Electronic check,56.54,208.32,No
CUST-04072,Female,0,No,No,64,Yes,No,DSL,Yes,Yes,No,No,Yes,No,One year,No,Electronic check,46.95,3046.4,No
CUST-04073,Female,0,No,Yes,33,Yes,Yes,No,No internet service,No internet service,No internet service,No internet service,No internet service,No internet service,Month-to-month,No,Mailed check,23.3,805.99,No
CUST-04074,Female,1,Yes,No,0,Yes,Yes,DSL,No,No,No,No,No,No,Two year,Yes,Credit card (automatic),74.52,18.0,No
CUST-04075,Male,0,No,No,16,Yes,No,Fiber optic,No,No,No,No,No,Yes,One year,No,Mailed check,43.75,685.58,Yes
CUST-04076,Male,0,No,No,28,Yes,Yes,DSL,Yes,No,No,No,Yes,No,One year,Yes,Bank transfer (automatic),60.01,1656.9,No
CUST-04077,Female,0,No,Yes,57,Yes,Yes,Fiber optic,No,No,No,No,No,No,Two year,No,Electronic check,62.63,3626.34,No
CUST-04078,Female,0,No,No,27,Yes,Yes,Fiber optic,No,Yes,No,No,No,No,One year,Yes,Mailed check,77.02,2133.57,Yes
CUST-04079,Male,1,No,No,32,Yes,Yes,DSL,No,No,No,No,Yes,No,Month-to-month,Yes,Bank transfer (automatic),78.49,2471.28,Yes
CUST-04080,Female,1,Yes,No,3,Yes,Yes,DSL,Yes,No,Yes,No,No,No,Month-to-month,Yes,Credit card (automatic),30.68,117.64,No
CUST-04081,Female,0,No,No,41,Yes,No,Fiber optic,No,No,No,No,No,No,Two year,No,Mailed check,55.67,2315.55,No
CUST-04082,Male,0,Yes,No,3,Yes,Yes,Fiber optic,Yes,No,Yes,No,No,No,Month-to-month,No,Electronic check,67.79,198.14,Yes
CUST-04083,Female,1,No,Yes,31,No,No phone service,Fiber optic,No,No,No,No,Yes,Yes,Month-to-month,No,Mailed check,53.44,1658.47,No
CUST-04084,Female,1,No,No,72,Yes,Yes,Fiber optic,No,Yes,No,Yes,Yes,No,One year,Yes,Electronic check,82.68,6020.36,No
CUST-04085,Female,0,No,No,54,Yes,Yes,DSL,Yes,No,No,Yes,Yes,No,One year,Yes,Mailed check,54.8,2933.48,No
CUST-04086,Female,0,No,No,4,Yes,No,Fiber optic,Yes,No,No,Yes,Yes,No,One year,Yes,Electronic check,68.25,333.51,No
CUST-04087,Male,0,Yes,No,72,Yes,No,No,No internet service,No internet service,No internet service,No internet service,No internet service,No internet service,One year,No,Mailed check,29.69,2192.14,No
CUST-04088,Female,1,Yes,No,70,Yes,No,Fiber optic,No,Yes,No,Yes,Yes,Yes,Month-to-month,No,Mailed check,40.0,2811.82,Yes
CUST-04089,Female,0,No,Yes,8,Yes,No,No,No internet service,No internet service,No internet service,No internet service,No internet service,No internet service,Two year,Yes,Credit card (automatic),54.3,393.26,No
CUST-04090,Female,0,Yes,Yes,3,Yes,No,No,No internet service,No internet service,No internet service,No internet service,No internet service,No internet service,One year,No,Bank transfer (automatic),35.45,131.69,No
CUST-04091,Female,0,Yes,No,46,Yes,Yes,DSL,No,Yes,Yes,No,No,Yes,Month-to-month,Yes,Electronic check,88.64,4091.64,Yes
CUST-04092,Male,0,No,No,5,Yes,No,DSL,No,Yes,No,No,Yes,No,Two year,No,Credit card (automatic),70.86,270.6,No
CUST-04093,Male,0,Yes,Yes,26,Yes,Yes,DSL,No,No,No,No,No,No,Month-to-month,No,Credit card (automatic),49.88,1326.55,Yes
CUST-04094,Male,0,Yes,No,1,Yes,No,DSL,No,Yes,Yes,Yes,No,Yes,Two year,Yes,Bank transfer (automatic),54.04,20.57,No
CUST-04095,Female,0,Yes,No,3,Yes,No,Fiber optic,Yes,No,No,No,Yes,Yes,Month-to-month,Yes,Electronic check,55.72,191.69,Yes
CUST-04096,Female,0,No,No,72,Yes,No,DSL,No,No,No,No,No,Yes,Month-to-month,Yes,Bank transfer (automatic),54.29,3976.9,No
CUST-04097,Female,0,Yes,Yes,24,Yes,Yes,No,No internet service,No internet service,No internet service,No internet service,No internet service,No internet service,Month-to-month,No,Mailed check,38.02,820.15,No
CUST-04098,Male,1,No,Yes,4,Yes,No,Fiber optic,No,No,Yes,No,Yes,Yes,One year,Yes,Electronic check,72.38,235.65,Yes
CUST-04099,Female,0,No,No,59,Yes,No,No,No internet service,No internet service,No internet service,No internet service,No internet service,No internet service,Month-to-month,Yes,Bank transfer (automatic),57.11,3308.28,No
CUST-04100,Male,0,Yes,No,40,Yes,No,Fiber optic,Yes,No,Yes,No,No,Yes,Month-to-month,Yes,Credit card (automatic),98.64,3895.79,No
CUST-04101,Male,0,No,Yes,3,Yes,No,DSL,Yes,No,No,No,No,Yes,Month-to-month,No,Electronic check,49.3,154.03,No
CUST-04102,Female,0,Yes,No,31,Yes,No,DSL,Yes,Yes,No,No,No,Yes,Month-to-month,Yes,Mailed check,34.37,1043.42,No
CUST-04103,Male,0,No,No,4,No,No phone service,Fiber optic,No,Yes,No,No,Yes,Yes,Month-to-month,Yes,Bank transfer (automatic),66.75,188.88,Yes
CUST-04104,Male,0,Yes,No,72,Yes,No,DSL,No,Yes,Yes,No,No,No,Month-to-month,Yes,Credit card (automatic),54.59,3847.62,No
CUST-04105,Male,1,Yes,No,48,Yes,Yes,No,No internet service,No internet service,No internet service,No internet service,No internet service,No internet service,Month-to-month,Yes,Electronic check,52.73,2407.33,No
CUST-04106,Male,1,Yes,No,3,Yes,No,DSL,No,No,No,No,No,No,Two year,Yes,Bank transfer (automatic),72.89,248.36,No
CUST-04107,Male,0,Yes,No,31,No,No phone service,Fiber optic,Yes,Yes,No,No,No,Yes,Month-to-month,Yes,Bank transfer (automatic),55.55,1685.28,No
CUST-04108,Female,0,No,No,20,Yes,No,Fiber optic,No,No,No,Yes,No,No,Month-to-month,Yes,Bank transfer (automatic),72.89,1392.45,No
CUST-04109,Female,0,Yes,Yes,57,Yes,No,Fiber optic,Yes,No,Yes,No,No,No,Month-to-month,No,Mailed check,101.5,5746.7,No
CUST-04110,Male,0,No,No,43,Yes,No,No,No internet service,No internet service,No internet service,No internet service,No internet service,No internet service,One year,No,Mailed check,50.11,2152.16,No
CUST-04111,Male,1,Yes,No,72,Yes,No,DSL,No,No,No,Yes,Yes,No,One year,Yes,Mailed check,39.44,2808.61,No
CUST-04112,Male,0,No,No,8,Yes,Yes,No,No internet service,No internet service,No internet service,No internet service,No internet service,No internet service,Month-to-month,Yes,Credit card (automatic),21.57,214.23,No
CUST-04113,Male,0,No,No,0,Yes,No,Fiber optic,No,No,Yes,Yes,No,Yes,Month-to-month,Yes,Credit card (automatic),64.77,18.0,No
CUST-04114,Female,0,Yes,No,36,Yes,Yes,Fiber optic,Yes,No,Yes,No,No,No,Month-to-month,Yes,Bank transfer (automatic),85.51,3061.32,Yes
CUST-04115,Male,0,No,Yes,36,Yes,No,No,No internet service,No internet service,No internet service,No internet service,No internet service,No internet service,Two year,Yes,Mailed check,43.15,1493.59,No
CUST-04116,Male,1,No,No,56,Yes,Yes,No,No internet service,No internet service,No internet service,No internet service,No internet service,No internet service,Month-to-month,No,Electronic check,33.35,1919.45,No
CUST-04117,Male,0,No,Yes,34,Yes,No,DSL,Yes,Yes,No,No,Yes,Yes,Two year,No,Electronic check,29.26,1027.6,No
CUST-04118,Male,0,No,Yes,3,Yes,Yes,DSL,No,No,Yes,No,No,Yes,Two year,Yes,Mailed check,84.61,149.85,No
CUST-04119,Male,0,No,No,50,No,No phone service,No,No internet service,No internet service,No internet service,No internet service,No internet service,No internet service,One year,Yes,Mailed check,18.0,941.35,No
CUST-04120,Male,1,Yes,No,67,Yes,No,Fiber optic,Yes,No,Yes,Yes,No,Yes,Month-to-month,Yes,Electronic check,70.7,4762.28,No
CUST-04121,Female,0,No,No,1,Yes,No,Fiber optic,No,No,No,No,No,Yes,Two year,No,Electronic check,52.52,73.99,No
CUST-04122,Female,0,Yes,No,46,Yes,No,DSL,Yes,No,No,No,No,No,Month-to-month,No,Mailed check,49.87,2327.9,No
CUST-04123,Female,0,No,No,60,Yes,Yes,Fiber optic,Yes,No,No,No,Yes,Yes,Month-to-month,No,Bank transfer (automatic),70.38,4234.84,No
CUST-04124,Male,0,No,No,2,Yes,Yes,DSL,Yes,No,Yes,No,Yes,Yes,Month-to-month,Yes,Electronic check,67.19,207.83,Yes
CUST-04125,Female,0,No,No,2,Yes,No,DSL,No,Yes,No,No,Yes,Yes,Month-to-month,No,Credit card (automatic),31.96,51.45,Yes
CUST-04126,Female,0,No,Yes,36,Yes,Yes,Fiber optic,No,Yes,No,Yes,Yes,No,Two year,Yes,Bank transfer (automatic),62.8,2108.11,No
CUST-04127,Male,0,Yes,No,5,Yes,No,DSL,No,No,No,Yes,Yes,Yes,Month-to-month,No,Mailed check,31.49,180.37,No
CUST-04128,Male,0,No,No,0,Yes,Yes,Fiber optic,No,No,Yes,No,No,No,Two year,Yes,Bank transfer (automatic),49.43,47.48,No
CUST-04129,Female,0,Yes,Yes,6,Yes,Yes,Fiber optic,No,No,No,No,Yes,No,Two year,Yes,Electronic check,63.07,377.49,No
CUST-04130,Male,0,No,Yes,1,Yes,No,Fiber optic,No,Yes,No,Yes,No,No,One year,Yes,Bank transfer (automatic),78.78,47.17,No
CUST-04131,Male,0,No,Yes,0,Yes,No,DSL,No,No,Yes,No,No,No,One year,Yes,Bank transfer (automatic),69.81,49.65,No
CUST-04132,Female,0,Yes,No,0,Yes,No,DSL,No,No,Yes,No,No,No,Two year,Yes,Credit card (automatic),61.32,18.0,No
CUST-04133,Female,0,No,No,25,Yes,Yes,Fiber optic,No,No,No,No,No,No,Two year,No,Mailed check,71.15,1678.11,No
CUST-04134,Female,0,Yes,No,17,Yes,Yes,Fiber optic,No,No,No,No,No,Yes,Month-to-month,No,Bank transfer (automatic),77.83,1304.73,No
CUST-04135,Female,0,No,Yes,4,Yes,Yes,DSL,No,Yes,Yes,No,No,Yes,Month-to-month,Yes,Bank transfer (automatic),46.81,123.51,No
CUST-04136,Female,0,No,No,60,Yes,No,Fiber optic,No,No,No,No,Yes,Yes,Two year,Yes,Electronic check,62.56,3755.9,No
CUST-04137,Female,0,No,No,50,Yes,No,Fiber optic,Yes,Yes,No,Yes,No,No,Month-to-month,Yes,Credit card (automatic),52.72,2588.71,Yes
CUST-04138,Male,0,No,No,72,No,No phone service,DSL,Yes,No,Yes,Yes,No,No,One year,Yes,Bank transfer (automatic),53.6,3939.01,No
CUST-04139,Female,0,Yes,No,17,Yes,No,Fiber optic,No,No,No,No,Yes,No,Two year,Yes,Mailed check,52.56,794.11,No
CUST-04140,Female,1,Yes,No,11,Yes,Yes,Fiber optic,No,No,No,No,No,Yes,Month-to-month,No,Electronic check,97.27,1179.13,Yes
CUST-04141,Female,0,Yes,No,0,Yes,No,Fiber optic,No,Yes,Yes,No,No,No,Month-to-month,Yes,Mailed check,60.82,116.4,No
CUST-04142,Female,1,Yes,No,27,Yes,Yes,No,No internet service,No internet service,No internet service,No internet service,No internet service,No internet service,Two year,Yes,Bank transfer (automatic),18.0,449.88,No
CUST-04143,Male,0,Yes,No,9,Yes,No,DSL,No,No,No,Yes,Yes,No,One year,No,Electronic check,66.07,559.28,No
CUST-04144,Male,0,No,No,10,Yes,No,Fiber optic,No,No,No,Yes,No,No,Month-to-month,Yes,Bank transfer (automatic),83.09,864.45,Yes
CUST-04145,Male,0,No,No,24,Yes,Yes,DSL,No,No,Yes,No,No,No,Month-to-month,Yes,Electronic check,54.68,1375.46,No
CUST-04146,Male,0,Yes,Yes,56,Yes,No,No,No internet service,No internet service,No internet service,No internet service,No internet service,No internet service,Two year,No,Electronic check,45.21,2485.96,No
CUST-04147,Male,0,No,No,41,Yes,Yes,DSL,No,No,Yes,No,Yes,No,Month-to-month,Yes,Credit card (automatic),45.9,1856.1,No
CUST-04148,Female,0,No,No,46,Yes,No,No,No internet service,No internet service,No internet service,No internet service,No internet service,No internet service,Month-to-month,Yes,Electronic check,40.5,1940.57,Yes
CUST-04149,Female,1,Yes,No,37,Yes,Yes,Fiber optic,No,No,No,Yes,Yes,No,Month-to-month,Yes,Bank transfer (automatic),76.99,2881.58,Yes
CUST-04150,Male,0,No,No,0,Yes,No,No,No internet service,No internet service,No internet service,No internet service,No internet service,No internet service,Month-to-month,Yes,Bank transfer (automatic),45.33,18.0,Yes
CUST-04151,Male,1,Yes,No,10,Yes,No,Fiber optic,No,Yes,No,Yes,Yes,No,Month-to-month,No,Credit card (automatic),75.21,739.73,No
CUST-04152,Female,0,No,No,41,Yes,No,DSL,No,Yes,Yes,No,No,Yes,Month-to-month,Yes,Mailed check,27.66,1221.83,No
CUST-04153,Female,0,No,No,48,Yes,No,Fiber optic,No,Yes,Yes,No,No,Yes,Two year,Yes,Electronic check,61.05,2916.32,No
CUST-04154,Female,0,Yes,No,2,Yes,No,DSL,Yes,No,No,No,No,No,One year,Yes,Electronic check,56.25,69.89,No
CUST-04155,Male,0,Yes,Yes,2,Yes,Yes,DSL,No,No,No,Yes,Yes,No,One year,No,Credit card (automatic),35.98,84.94,Yes
CUST-04156,Male,1,No,Yes,4,Yes,Yes,DSL,Yes,Yes,Yes,No,No,No,Two year,No,Credit card (automatic),39.34,191.24,No
CUST-04157,Female,1,Yes,No,47,Yes,Yes,Fiber optic,No,Yes,Yes,No,No,Yes,One year,No,Mailed check,76.8,3559.22,No
CUST-04158,Male,1,No,No,58,Yes,Yes,DSL,No,Yes,Yes,No,No,No,Month-to-month,Yes,Electronic check,31.76,1851.24,Yes
CUST-04159,Male,1,No,No,46,Yes,Yes,Fiber optic,Yes,No,No,No,No,No,Two year,Yes,Electronic check,55.22,2537.49,No
CUST-04160,Male,0,Yes,No,53,Yes,Yes,Fiber optic,No,No,Yes,No,No,No,Two year,No,Credit card (automatic),89.12,4744.91,No
CUST-04161,Male,0,No,No,26,Yes,No,DSL,No,No,No,Yes,No,No,Month-to-month,No,Mailed check,41.6,1141.1,Yes
CUST-04162,Male,1,No,No,52,Yes,No,DSL,Yes,No,No,Yes,No,No,Month-to-month,Yes,Bank transfer (automatic),51.18,2675.56,No
CUST-04163,Female,0,Yes,No,12,Yes,Yes,Fiber optic,No,No,No,No,Yes,No,One year,No,Bank transfer (automatic),33.2,440.72,No
CUST-04164,Male,0,No,No,56,Yes,No,DSL,Yes,Yes,No,No,Yes,No,One year,Yes,Mailed check,69.21,3839.46,No
CUST-04165,Female,0,No,No,68,Yes,Yes,DSL,No,No,Yes,Yes,Yes,No,Month-to-month,No,Electronic check,61.47,4185.47,Yes
CUST-04166,Female,0,No,Yes,11,Yes,No,DSL,No,Yes,No,No,No,No,Month-to-month,Yes,Bank transfer (automatic),54.72,550.68,Yes
CUST-04167,Male,0,Yes,No,64,Yes,Yes,DSL,Yes,No,No,Yes,Yes,Yes,Month-to-month,Yes,Mailed check,41.85,2621.28,No
CUST-04168,Male,0,Yes,Yes,9,Yes,Yes,Fiber optic,No,No,No,No,No,No,Month-to-month,No,Electronic check,90.52,853.67,No
CUST-04169,Female,0,No,Yes,14,Yes,Yes,DSL,No,No,No,No,No,No,Month-to-month,Yes,Mailed check,92.71,1293.6,No
CUST-04170,Female,0,No,No,57,Yes,No,No,No internet service,No internet service,No internet service,No internet service,No internet service,No internet service,One year,Yes,Credit card (automatic),69.58,3994.39,No
CUST-04171,Male,0,Yes,No,56,Yes,No,Fiber optic,Yes,Yes,No,No,No,No,Two year,No,Mailed check,80.49,4495.23,No
CUST-04172,Male,0,No,No,30,Yes,No,No,No internet service,No internet service,No internet service,No internet service,No internet service,No internet service,Two year,No,Credit card (automatic),46.7,1354.93,No
CUST-04173,Female,0,No,No,0,Yes,Yes,Fiber optic,No,No,Yes,Yes,No,Yes,Month-to-month,Yes,Mailed check,61.5,113.5,No
CUST-04174,Male,0,Yes,No,52,No,No phone service,DSL,No,No,No,No,No,Yes,Month-to-month,Yes,Electronic check,76.5,3931.28,No
CUST-04175,Male,0,No,No,8,Yes,Yes,DSL,No,No,No,No,No,No,One year,Yes,Mailed check,53.26,409.04,No
CUST-04176,Male,0,No,No,0,Yes,Yes,DSL,No,Yes,Yes,No,No,No,One year,Yes,Electronic check,18.0,108.55,No
CUST-04177,Male,0,No,No,36,Yes,Yes,Fiber optic,Yes,Yes,No,No,No,No,Two year,Yes,Electronic check,66.09,2368.72,No
CUST-04178,Female,0,No,No,43,Yes,Yes,Fiber optic,No,No,Yes,No,Yes,Yes,Two year,Yes,Electronic check,69.83,2987.72,No
CUST-04179,Male,0,No,Yes,13,Yes,No,DSL,No,No,No,Yes,No,Yes,Month-to-month,No,Electronic check,42.16,532.79,No
CUST-04180,Male,0,No,No,3,Yes,No,Fiber optic,No,No,No,No,Yes,No,Month-to-month,No,Electronic check,92.81,186.38,Yes
CUST-04181,Female,0,No,No,36,Yes,No,DSL,No,No,No,No,No,No,One year,No,Credit card (automatic),42.35,1483.02,No
CUST-04182,Male,0,Yes,No,49,Yes,Yes,Fiber optic,No,No,No,No,Yes,Yes,Month-to-month,No,Mailed check,73.64,3646.37,No
CUST-04183,Male,0,Yes,No,35,Yes,Yes,DSL,No,No,No,Yes,Yes,Yes,Month-to-month,No,Credit card (automatic),18.0,596.31,No
CUST-04184,Female,0,No,No,56,Yes,No,DSL,Yes,No,Yes,No,No,Yes,Month-to-month,Yes,Electronic check,34.91,1847.83,No
CUST-04185,Male,0,No,No,43,No,No phone service,Fiber optic,Yes,No,No,No,Yes,No,One year,Yes,Electronic check,58.74,2455.87,No
CUST-04186,Female,0,Yes,No,48,No,No phone service,No,No internet service,No internet service,No internet service,No internet service,No internet service,No internet service,Month-to-month,Yes,Electronic check,18.0,889.35,No
CUST-04187,Male,0,Yes,No,53,Yes,Yes,Fiber optic,No,Yes,No,No,Yes,Yes,Month-to-month,Yes,Electronic check,48.47,2560.75,Yes
CUST-04188,Male,0,Yes,Yes,72,Yes,No,Fiber optic,No,Yes,Yes,No,Yes,No,Two year,No,Electronic check,73.6,5407.97,No
CUST-04189,Male,0,No,No,62,Yes,No,Fiber optic,Yes,No,Yes,No,No,No,One year,No,Electronic check,61.61,3748.67,Yes
CUST-04190,Female,0,No,No,72,Yes,Yes,Fiber optic,No,No,No,Yes,No,Yes,Two year,Yes,Bank transfer (automatic),102.65,7391.03,No
CUST-04191,Male,0,No,Yes,20,Yes,No,DSL,Yes,No,No,No,Yes,No,Month-to-month,Yes,Credit card (automatic),57.73,1126.59,Yes
CUST-04192,Male,0,Yes,No,9,Yes,No,Fiber optic,No,No,No,No,No,No,Month-to-month,Yes,Bank transfer (automatic),47.46,415.05,Yes
CUST-04193,Female,0,No,No,50,Yes,Yes,DSL,Yes,Yes,Yes,Yes,No,No,One year,Yes,Bank transfer (automatic),70.08,3426.67,No
CUST-04194,Male,0,Yes,No,1,Yes,Yes,Fiber optic,No,No,No,Yes,No,Yes,Month-to-month,Yes,Electronic check,73.88,29.32,Yes
CUST-04195,Female,0,Yes,No,64,Yes,No,DSL,No,Yes,No,Yes,No,Yes,Two year,Yes,Bank transfer (automatic),54.32,3532.97,No
CUST-04196,Male,0,Yes,Yes,63,Yes,No,No,No internet service,No internet service,No internet service,No internet service,No internet service,No internet service,Two year,Yes,Bank transfer (automatic),59.71,3748.57,No
CUST-04197,Female,0,No,Yes,50,Yes,No,DSL,Yes,No,No,No,Yes,No,Month-to-month,Yes,Mailed check,38.97,2005.07,No
CUST-04198,Male,0,No,No,34,Yes,Yes,DSL,No,No,No,Yes,Yes,No,Two year,No,Bank transfer (automatic),53.18,1789.47,No
CUST-04199,Female,0,Yes,Yes,49,Yes,Yes,Fiber optic,Yes,No,No,Yes,Yes,Yes,Month-to-month,Yes,Mailed check,56.08,2771.04,No
CUST-04200,Male,1,Yes,No,3,Yes,No,Fiber optic,No,No,Yes,No,Yes,Yes,Month-to-month,Yes,Electronic check,78.5,209.8,No
CUST-04201,Female,0,No,No,32,Yes,No,No,No internet service,No internet service,No internet service,No internet service,No internet service,No internet service,Month-to-month,Yes,Electronic check,26.77,845.53,No
CUST-04202,Female,0,Yes,No,33,Yes,Yes,DSL,No,No,No,Yes,Yes,No,Two year,Yes,Electronic check,54.73,1756.21,No
CUST-04203,Male,1,No,No,10,Yes,Yes,DSL,No,Yes,Yes,No,No,Yes,One year,Yes,Electronic check,69.97,704.94,Yes
CUST-04204,Male,0,Yes,Yes,49,Yes,Yes,Fiber optic,Yes,No,No,No,No,Yes,One year,No,Bank transfer (automatic),56.72,2867.28,No
CUST-04205,Male,0,Yes,No,46,Yes,No,DSL,No,No,No,No,No,Yes,Month-to-month,Yes,Credit card (automatic),74.64,3441.26,No
CUST-04206,Female,0,Yes,No,6,Yes,No,DSL,Yes,No,Yes,No,No,Yes,Month-to-month,Yes,Electronic check,45.64,353.65,No
CUST-04207,Female,0,No,No,46,Yes,Yes,DSL,No,No,No,No,No,Yes,Month-to-month,Yes,Bank transfer (automatic),37.4,1752.48,No
CUST-04208,Female,0,Yes,No,66,Yes,No,DSL,Yes,No,No,Yes,No,Yes,One year,Yes,Bank transfer (automatic),56.88,3759.8,No
CUST-04209,Male,0,Yes,Yes,71,Yes,No,Fiber optic,No,No,No,No,No,No,One year,No,Electronic check,71.99,5057.55,Yes
CUST-04210,Female,0,No,No,56,Yes,No,Fiber optic,No,Yes,No,No,Yes,No,Month-to-month,Yes,Mailed check,92.17,5137.58,Yes
CUST-04211,Male,0,Yes,Yes,32,Yes,Yes,DSL,No,No,No,No,No,Yes,Month-to-month,Yes,Bank transfer (automatic),45.95,1513.93,Yes
CUST-04212,Female,0,No,No,21,Yes,No,DSL,No,No,Yes,No,No,No,Two year,Yes,Electronic check,68.18,1365.64,No
CUST-04213,Male,0,Yes,Yes,35,Yes,Yes,DSL,No,No,No,No,No,Yes,Month-to-month,No,Electronic check,54.49,1891.05,Yes
CUST-04214,Female,0,No,No,0,Yes,No,No,No internet service,No internet service,No internet service,No internet service,No internet service,No internet service,One year,Yes,Mailed check,59.39,33.61,No
CUST-04215,Female,0,Yes,Yes,60,Yes,Yes,Fiber optic,No,No,No,No,Yes,Yes,Month-to-month,Yes,Electronic check,56.55,3402.6,No
CUST-04216,Female,0,No,No,5,Yes,No,No,No internet service,No internet service,No internet service,No internet service,No internet service,No internet service,Two year,No,Bank transfer (automatic),39.55,343.01,No
CUST-04217,Male,0,No,Yes,1,Yes,No,No,No internet service,No internet service,No internet service,No internet service,No internet service,No internet service,Month-to-month,No,Electronic check,45.83,75.33,Yes
CUST-04218,Male,0,No,Yes,19,Yes,Yes,Fiber optic,Yes,No,Yes,No,No,Yes,One year,No,Electronic check,85.5,1625.48,No
CUST-04219,Female,0,No,Yes,31,Yes,No,No,No internet service,No internet service,No internet service,No internet service,No internet service,No internet service,Month-to-month,Yes,Electronic check,52.32,1594.89,No
CUST-04220,Male,0,Yes,Yes,43,Yes,No,DSL,No,No,Yes,No,No,Yes,Two year,Yes,Electronic check,35.03,1478.66,No
CUST-04221,Male,0,Yes,No,64,Yes,No,DSL,No,Yes,No,No,Yes,Yes,Two year,Yes,Mailed check,41.95,2661.76,Yes
CUST-04222,Female,1,No,No,45,Yes,Yes,Fiber optic,Yes,No,Yes,No,Yes,Yes,Month-to-month,Yes,Bank transfer (automatic),69.1,3128.41,No
CUST-04223,Female,0,No,Yes,57,Yes,Yes,DSL,Yes,No,No,Yes,Yes,No,Two year,Yes,Credit card (automatic),39.22,2374.18,No
CUST-04224,Female,0,No,No,57,Yes,No,Fiber optic,Yes,No,No,Yes,No,No,Month-to-month,No,Credit card (automatic),89.16,5071.64,No
CUST-04225,Female,0,No,No,30,Yes,Yes,No,No internet service,No internet service,No internet service,No internet service,No internet service,No internet service,One year,Yes,Bank transfer (automatic),34.38,1033.85,No
CUST-04226,Male,0,No,Yes,36,Yes,No,No,No internet service,No internet service,No internet service,No internet service,No internet service,No internet service,Two year,No,Bank transfer (automatic),27.23,967.27,No
CUST-04227,Male,0,No,No,12,Yes,Yes,Fiber optic,Yes,No,Yes,No,No,No,Month-to-month,Yes,Electronic check,59.32,694.55,Yes
CUST-04228,Female,0,No,No,51,Yes,No,Fiber optic,No,No,No,Yes,No,No,Month-to-month,Yes,Electronic check,80.8,4042.58,No
CUST-04229,Male,1,No,No,20,Yes,No,Fiber optic,No,No,No,No,No,Yes,Month-to-month,Yes,Electronic check,64.47,1252.02,Yes
CUST-04230,Male,0,Yes,No,30,Yes,No,Fiber optic,No,No,Yes,No,No,No,Month-to-month,Yes,Electronic check,86.75,2573.29,No
CUST-04231,Male,1,No,No,22,Yes,No,Fiber optic,Yes,No,No,No,No,Yes,Two year,No,Mailed check,39.69,952.77,No
CUST-04232,Female,1,No,No,55,Yes,No,Fiber optic,No,No,No,No,Yes,Yes,Month-to-month,No,Mailed check,68.16,3684.53,No
CUST-04233,Female,0,Yes,No,26,Yes,No,Fiber optic,No,No,No,No,Yes,No,Month-to-month,Yes,Credit card (automatic),104.94,2732.22,Yes
CUST-04234,Male,1,No,No,22,No,No phone service,Fiber optic,Yes,Yes,No,No,No,No,Month-to-month,Yes,Credit card (automatic),77.03,1727.82,Yes
CUST-04235,Male,0,No,No,20,Yes,No,DSL,No,No,Yes,Yes,Yes,Yes,Month-to-month,Yes,Electronic check,55.09,1112.0,No
CUST-04236,Male,0,Yes,No,2,Yes,No,Fiber optic,No,No,No,No,No,Yes,Two year,Yes,Credit card (automatic),50.2,45.07,Yes
CUST-04237,Female,0,No,No,9,Yes,No,Fiber optic,No,No,No,No,Yes,Yes,Month-to-month,No,Credit card (automatic),49.26,436.77,Yes
CUST-04238,Male,0,Yes,No,52,Yes,No,DSL,No,No,Yes,No,Yes,No,One year,No,Bank transfer (automatic),60.31,2998.78,No
CUST-04239,Female,0,Yes,Yes,72,No,No phone service,No,No internet service,No internet service,No internet service,No internet service,No internet service,No internet service,Month-to-month,No,Mailed check,61.84,4504.0,No
CUST-04240,Male,1,No,Yes,18,Yes,No,Fiber optic,No,Yes,Yes,Yes,No,No,Month-to-month,Yes,Credit card (automatic),56.22,1033.95,Yes
CUST-04241,Male,0,No,Yes,0,Yes,No,Fiber optic,Yes,No,No,Yes,Yes,No,Two year,No,Electronic check,52.13,18.0,No
CUST-04242,Male,0,No,Yes,56,Yes,No,DSL,Yes,Yes,No,No,No,No,Month-to-month,No,Electronic check,51.78,2951.54,No
CUST-04243,Female,0,Yes,No,2,Yes,No,DSL,No,No,Yes,No,No,No,Month-to-month,Yes,Bank transfer (automatic),83.12,155.22,No
CUST-04244,Male,0,No,No,65,Yes,Yes,No,No internet service,No internet service,No internet service,No internet service,No internet service,No internet service,Month-to-month,Yes,Mailed check,62.06,4050.58,No
CUST-04245,Male,0,Yes,Yes,7,Yes,No,Fiber optic,No,No,No,No,No,No,One year,No,Mailed check,46.24,324.78,No
CUST-04246,Male,0,No,No,18,Yes,No,DSL,No,No,Yes,No,Yes,Yes,Month-to-month,Yes,Mailed check,54.31,957.02,No
CUST-04247,Male,1,Yes,Yes,2,Yes,No,Fiber optic,No,No,Yes,Yes,No,No,Two year,Yes,Credit card (automatic),70.46,106.18,No
CUST-04248,Male,0,No,No,0,Yes,No,Fiber optic,No,Yes,Yes,Yes,No,Yes,Two year,Yes,Mailed check,66.59,62.81,Yes
CUST-04249,Female,0,Yes,No,72,Yes,No,No,No internet service,No internet service,No internet service,No internet service,No internet service,No internet service,One year,No,Electronic check,27.74,1990.91,No
CUST-04250,Male,0,Yes,Yes,69,Yes,Yes,DSL,No,Yes,Yes,Yes,Yes,No,Month-to-month,Yes,Mailed check,70.19,4812.37,Yes
CUST-04251,Male,0,Yes,No,38,Yes,No,Fiber optic,Yes,No,No,No,No,No,Month-to-month,Yes,Bank transfer (automatic),74.3,2808.53,No
CUST-04252,Male,1,No,No,47,Yes,Yes,DSL,No,No,No,No,No,Yes,Month-to-month,No,Electronic check,73.99,3493.46,Yes
CUST-04253,Female,0,No,No,21,Yes,No,DSL,No,No,No,No,No,No,Month-to-month,Yes,Mailed check,54.12,1145.24,No
CUST-04254,Male,0,No,No,11,Yes,Yes,Fiber optic,No,No,Yes,Yes,No,No,Two year,Yes,Electronic check,61.82,725.26,No
CUST-04255,Male,0,Yes,No,72,Yes,Yes,DSL,No,Yes,Yes,No,No,Yes,Month-to-month,Yes,Bank transfer (automatic),59.67,4316.73,No
CUST-04256,Male,1,Yes,Yes,6,Yes,No,DSL,Yes,Yes,No,No,No,No,Two year,No,Bank transfer (automatic),47.26,292.13,No
CUST-04257,Male,0,No,No,64,Yes,No,Fiber optic,No,No,No,No,No,No,Month-to-month,Yes,Mailed check,83.83,5384.81,No
CUST-04258,Male,0,Yes,Yes,34,Yes,Yes,Fiber optic,No,Yes,Yes,No,No,No,Month-to-month,No,Bank transfer (automatic),89.2,3066.32,No
CUST-04259,Female,0,No,No,9,Yes,No,No,No internet service,No internet service,No internet service,No internet service,No internet service,No internet service,Month-to-month,Yes,Bank transfer (automatic),29.17,190.24,Yes
CUST-04260,Male,0,No,No,41,Yes,Yes,Fiber optic,No,No,No,Yes,Yes,No,Month-to-month,No,Credit card (automatic),54.65,2222.46,No
CUST-04261,Male,0,No,No,49,Yes,Yes,DSL,Yes,Yes,Yes,No,No,No,One year,Yes,Bank transfer (automatic),76.61,3685.16,Yes
CUST-04262,Male,0,No,No,39,Yes,Yes,DSL,No,No,No,No,No,Yes,Two year,Yes,Credit card (automatic),66.27,2544.1,No
CUST-04263,Male,0,Yes,No,0,Yes,Yes,Fiber optic,Yes,No,No,Yes,No,Yes,One year,Yes,Electronic check,61.28,18.0,No
CUST-04264,Female,1,Yes,No,6,Yes,No,DSL,No,No,No,No,No,No,Month-to-month,No,Credit card (automatic),31.28,176.18,No
CUST-04265,Female,0,No,No,30,Yes,No,DSL,No,No,No,No,No,Yes,Two year,Yes,Bank transfer (automatic),52.42,1551.27,No
CUST-04266,Female,1,Yes,No,4,Yes,No,No,No internet service,No internet service,No internet service,No internet service,No internet service,No internet service,Month-to-month,Yes,Electronic check,40.62,138.98,Yes
CUST-04267,Male,0,No,Yes,27,Yes,No,Fiber optic,No,No,No,No,No,No,Month-to-month,Yes,Bank transfer (automatic),63.86,1662.03,No
CUST-04268,Female,0,No,No,6,Yes,Yes,DSL,Yes,No,Yes,Yes,No,No,Month-to-month,No,Credit card (automatic),61.32,321.34,Yes
CUST-04269,Male,0,Yes,No,69,Yes,No,DSL,No,Yes,No,No,No,Yes,Two year,No,Bank transfer (automatic),23.76,1539.1,No
CUST-04270,Female,0,No,Yes,38,Yes,No,No,No internet service,No internet service,No internet service,No internet service,No internet service,No internet service,Month-to-month,Yes,Bank transfer (automatic),46.78,1743.92,Yes
CUST-04271,Female,0,Yes,No,16,Yes,No,Fiber optic,No,No,No,No,No,No,Month-to-month,Yes,Credit card (automatic),80.36,1273.81,Yes
CUST-04272,Female,0,No,No,1,Yes,No,DSL,No,No,No,No,No,Yes,Month-to-month,No,Electronic check,51.89,40.1,Yes
CUST-04273,Female,0,Yes,No,9,Yes,Yes,Fiber optic,No,Yes,Yes,Yes,No,No,One year,Yes,Credit card (automatic),85.78,810.49,No
CUST-04274,Male,0,No,No,4,Yes,Yes,No,No internet service,No internet service,No internet service,No internet service,No internet service,No internet service,Month-to-month,Yes,Electronic check,32.96,177.03,No
CUST-04275,Male,0,Yes,No,55,Yes,Yes,DSL,No,No,No,No,Yes,No,Month-to-month,Yes,Credit card (automatic),58.52,3200.68,No
CUST-04276,Female,1,Yes,No,55,Yes,No,Fiber optic,Yes,No,No,No,No,No,Two year,Yes,Mailed check,94.7,5185.18,No
CUST-04277,Male,0,Yes,No,54,Yes,Yes,No,No internet service,No internet service,No internet service,No internet service,No internet service,No internet service,One year,No,Credit card (automatic),54.43,3016.91,No
CUST-04278,Female,0,Yes,Yes,51,No,No phone service,Fiber optic,No,No,No,No,No,No,Month-to-month,No,Electronic check,47.13,2399.17,No
CUST-04279,Female,0,No,No,0,Yes,No,No,No internet service,No internet service,No internet service,No internet service,No internet service,No internet service,One year,Yes,Credit card (automatic),71.87,18.0,Yes
CUST-04280,Female,0,Yes,No,67,Yes,No,DSL,Yes,No,No,Yes,No,No,Two year,No,Bank transfer (automatic),58.55,3933.9,No
CUST-04281,Male,0,Yes,No,41,Yes,No,Fiber optic,No,No,No,No,No,No,One year,Yes,Credit card (automatic),76.36,3178.5,Yes
CUST-04282,Female,0,Yes,No,5,Yes,Yes,Fiber optic,No,No,Yes,No,Yes,No,Month-to-month,Yes,Electronic check,67.47,366.07,No
CUST-04283,Male,0,Yes,Yes,71,No,No phone service,Fiber optic,Yes,No,Yes,No,Yes,No,Month-to-month,Yes,Bank transfer (automatic),88.53,6306.09,Yes
CUST-04284,Male,0,Yes,No,0,Yes,Yes,Fiber optic,No,No,Yes,Yes,Yes,No,Month-to-month,Yes,Bank transfer (automatic),78.44,18.0,No
CUST-04285,Male,0,Yes,No,72,Yes,No,Fiber optic,No,No,No,No,No,No,Month-to-month,Yes,Bank transfer (automatic),63.6,4557.98,No
CUST-04286,Female,0,No,Yes,1,Yes,Yes,Fiber optic,No,No,Yes,Yes,No,Yes,One year,Yes,Credit card (automatic),64.52,186.07,No
CUST-04287,Female,1,No,No,0,Yes,No,Fiber optic,No,No,No,No,No,No,Month-to-month,Yes,Electronic check,68.16,18.0,No
CUST-04288,Female,0,No,No,41,Yes,No,Fiber optic,No,Yes,No,No,No,No,Two year,Yes,Mailed check,65.52,2667.64,No
CUST-04289,Female,0,Yes,Yes,5,Yes,Yes,No,No internet service,No internet service,No internet service,No internet service,No internet service,No internet service,Two year,Yes,Bank transfer (automatic),59.36,304.07,No
CUST-04290,Male,0,No,No,1,Yes,Yes,No,No internet service,No internet service,No internet service,No internet service,No internet service,No internet service,Month-to-month,Yes,Mailed check,67.04,41.62,No
CUST-04291,Male,0,No,No,35,Yes,No,Fiber optic,Yes,No,No,Yes,Yes,No,Month-to-month,Yes,Electronic check,73.28,2514.15,Yes
CUST-04292,Female,0,No,No,1,No,No phone service,Fiber optic,No,No,Yes,No,Yes,No,Month-to-month,Yes,Mailed check,68.35,31.87,Yes
CUST-04293,Male,0,Yes,Yes,67,Yes,No,No,No internet service,No internet service,No internet service,No internet service,No internet service,No internet service,One year,Yes,Bank transfer (automatic),58.19,3867.4,No
CUST-04294,Male,0,Yes,Yes,24,Yes,Yes,Fiber optic,Yes,Yes,No,Yes,No,Yes,Month-to-month,No,Credit card (automatic),88.65,2162.36,Yes
CUST-04295,Female,0,Yes,No,72,Yes,Yes,Fiber optic,No,No,No,No,No,No,Month-to-month,Yes,Electronic check,66.42,4775.73,Yes
CUST-04296,Female,0,Yes,No,30,Yes,No,Fiber optic,No,No,No,No,No,Yes,Two year,No,Mailed check,47.8,1413.59,No
CUST-04297,Male,1,No,Yes,72,Yes,Yes,DSL,Yes,Yes,No,Yes,Yes,No,Month-to-month,No,Electronic check,40.03,2897.27,No
CUST-04298,Female,0,Yes,No,61,Yes,No,DSL,No,No,Yes,Yes,No,No,Month-to-month,Yes,Bank transfer (automatic),41.09,2417.81,No
CUST-04299,Male,0,Yes,Yes,2,Yes,Yes,DSL,No,Yes,Yes,No,Yes,Yes,Two year,Yes,Bank transfer (automatic),59.47,94.41,No
CUST-04300,Male,0,Yes,No,72,Yes,No,Fiber optic,No,Yes,No,No,No,Yes,One year,No,Bank transfer (automatic),87.39,6247.96,No
CUST-04301,Male,0,Yes,No,18,Yes,Yes,Fiber optic,No,No,Yes,No,Yes,No,Two year,No,Electronic check,49.07,864.68,No
CUST-04302,Female,0,Yes,Yes,26,Yes,No,No,No internet service,No internet service,No internet service,No internet service,No internet service,No internet service,One year,No,Mailed check,56.66,1410.62,No
CUST-04303,Male,1,Yes,No,4,Yes,No,No,No internet service,No internet service,No internet service,No internet service,No internet service,No internet service,One year,Yes,Bank transfer (automatic),58.3,272.83,No
CUST-04304,Male,0,No,No,15,Yes,Yes,DSL,No,Yes,No,No,No,Yes,Month-to-month,Yes,Electronic check,79.66,1146.86,Yes
CUST-04305,Female,0,Yes,No,67,No,No phone service,Fiber optic,No,No,No,No,No,Yes,Month-to-month,Yes,Electronic check,67.11,4424.54,No
CUST-04306,Female,0,No,No,26,Yes,Yes,No,No internet service,No internet service,No internet service,No internet service,No internet service,No internet service,Two year,Yes,Bank transfer (automatic),69.15,1772.99,No
CUST-04307,Female,0,No,Yes,46,Yes,No,DSL,Yes,Yes,No,No,No,No,Two year,Yes,Credit card (automatic),53.91,2456.79,No
CUST-04308,Female,0,No,Yes,62,Yes,Yes,DSL,No,Yes,No,No,No,Yes,Month-to-month,No,Bank transfer (automatic),51.25,3190.31,No
CUST-04309,Female,1,No,No,27,Yes,No,No,No internet service,No internet service,No internet service,No internet service,No internet service,No internet service,One year,Yes,Mailed check,33.26,963.82,No
CUST-04310,Female,0,Yes,No,24,Yes,No,DSL,No,No,Yes,No,Yes,Yes,Month-to-month,No,Mailed check,53.0,1270.87,No
CUST-04311,Female,0,No,Yes,40,Yes,Yes,Fiber optic,No,No,Yes,No,Yes,No,Two year,Yes,Mailed check,59.66,2410.95,No
CUST-04312,Female,0,No,No,32,Yes,No,Fiber optic,No,No,Yes,No,Yes,Yes,One year,Yes,Mailed check,67.29,2117.81,No
CUST-04313,Male,0,No,Yes,0,Yes,No,Fiber optic,No,No,Yes,No,No,No,One year,No,Electronic check,64.57,18.0,Yes
CUST-04314,Male,0,Yes,Yes,69,Yes,No,No,No internet service,No internet service,No internet service,No internet service,No internet service,No internet service,One year,No,Electronic check,18.0,1264.87,No
CUST-04315,Female,0,No,No,33,No,No phone service,Fiber optic,No,No,No,No,No,Yes,Two year,Yes,Credit card (automatic),80.85,2747.3,No
CUST-04316,Male,0,Yes,No,4,Yes,No,Fiber optic,No,Yes,No,No,No,Yes,Month-to-month,Yes,Electronic check,73.31,269.44,Yes
CUST-04317,Female,0,No,No,2,Yes,Yes,DSL,Yes,Yes,No,Yes,Yes,Yes,Month-to-month,No,Bank transfer (automatic),48.69,81.1,No
CUST-04318,Male,0,Yes,Yes,9,Yes,No,DSL,No,No,No,No,No,No,Month-to-month,Yes,Credit card (automatic),64.1,618.01,Yes
CUST-04319,Female,1,Yes,No,49,Yes,Yes,Fiber optic,No,No,No,No,Yes,No,One year,No,Bank transfer (automatic),74.22,3668.4,No
CUST-04320,Male,0,No,Yes,26,Yes,No,Fiber optic,No,No,No,No,Yes,No,Month-to-month,Yes,Mailed check,52.32,1335.46,Yes
CUST-04321,Female,0,No,No,26,Yes,No,DSL,No,No,Yes,No,No,No,Two year,No,Mailed check,61.81,1665.44,No
CUST-04322,Male,0,No,No,50,Yes,No,Fiber optic,No,No,No,Yes,Yes,No,Month-to-month,Yes,Mailed check,75.18,3713.06,No
CUST-04323,Male,0,No,No,56,Yes,No,Fiber optic,Yes,Yes,No,Yes,No,No,Month-to-month,Yes,Mailed check,59.02,3309.3,No
CUST-04324,Male,0,No,No,46,Yes,No,No,No internet service,No internet service,No internet service,No internet service,No internet service,No internet service,Two year,No,Electronic check,18.32,783.92,No
CUST-04325,Female,0,Yes,No,26,Yes,No,DSL,No,No,No,No,No,Yes,Month-to-month,Yes,Bank transfer (automatic),100.31,2606.32,Yes
CUST-04326,Male,0,No,Yes,2,Yes,No,No,No internet service,No internet service,No internet service,No internet service,No internet service,No internet service,Month-to-month,Yes,Mailed check,38.12,98.75,No
CUST-04327,Female,0,Yes,Yes,2,Yes,Yes,No,No internet service,No internet service,No internet service,No internet service,No internet service,No internet service,Month-to-month,Yes,Bank transfer (automatic),37.02,47.39,Yes
CUST-04328,Male,0,Yes,No,9,No,No phone service,DSL,Yes,Yes,Yes,No,Yes,Yes,Month-to-month,Yes,Bank transfer (automatic),61.57,543.85,No
CUST-04329,Male,0,No,Yes,0,Yes,No,Fiber optic,Yes,No,Yes,No,No,Yes,Two year,No,Bank transfer (automatic),56.23,18.0,No
CUST-04330,Female,0,Yes,Yes,0,Yes,No,Fiber optic,No,No,No,Yes,No,No,Month-to-month,Yes,Electronic check,57.64,18.0,No
CUST-04331,Male,0,No,Yes,0,No,No phone service,DSL,No,Yes,No,No,No,Yes,Month-to-month,No,Mailed check,74.56,18.0,No
CUST-04332,Male,0,Yes,No,29,No,No phone service,No,No internet service,No internet service,No internet service,No internet service,No internet service,No internet service,Month-to-month,Yes,Bank transfer (automatic),22.53,734.87,No
CUST-04333,Female,0,Yes,No,36,Yes,No,No,No internet service,No internet service,No internet service,No internet service,No internet service,No internet service,Month-to-month,Yes,Mailed check,31.63,1139.31,No
CUST-04334,Female,0,Yes,No,24,Yes,No,Fiber optic,No,No,No,No,No,Yes,Month-to-month,No,Electronic check,68.4,1663.36,Yes
CUST-04335,Female,0,No,No,29,No,No phone service,DSL,No,Yes,No,No,No,No,Month-to-month,Yes,Mailed check,60.23,1680.4,Yes
CUST-04336,Male,0,No,No,49,Yes,No,DSL,Yes,Yes,Yes,No,No,No,Month-to-month,Yes,Bank transfer (automatic),77.26,3799.65,No
CUST-04337,Female,1,Yes,Yes,43,Yes,Yes,Fiber optic,Yes,Yes,Yes,No,Yes,No,One year,Yes,Electronic check,44.61,1860.82,No
CUST-04338,Male,0,Yes,No,21,Yes,No,DSL,Yes,No,No,No,No,Yes,Month-to-month,Yes,Bank transfer (automatic),54.99,1203.41,Yes
CUST-04339,Female,0,Yes,No,38,Yes,No,Fiber optic,No,No,No,No,No,Yes,Two year,Yes,Electronic check,41.9,1602.9,No
CUST-04340,Female,0,Yes,No,32,Yes,Yes,Fiber optic,No,No,Yes,No,No,No,Month-to-month,No,Bank transfer (automatic),54.01,1695.17,Yes
CUST-04341,Male,0,No,No,26,Yes,No,Fiber optic,No,No,Yes,No,No,No,Two year,Yes,Mailed check,64.81,1678.93,No
CUST-04342,Male,0,No,No,27,Yes,No,Fiber optic,No,Yes,No,No,No,No,Two year,Yes,Credit card (automatic),68.79,1894.39,No
CUST-04343,Male,0,Yes,Yes,72,Yes,No,DSL,No,No,No,No,Yes,No,Two year,No,Electronic check,19.35,1387.05,No
CUST-04344,Male,0,Yes,No,14,Yes,No,Fiber optic,No,No,No,Yes,No,No,Month-to-month,No,Electronic check,50.09,677.32,No
CUST-04345,Male,0,No,No,0,Yes,Yes,No,No internet service,No internet service,No internet service,No internet service,No internet service,No internet service,Month-to-month,No,Mailed check,53.06,22.97,Yes
CUST-04346,Female,0,Yes,Yes,58,Yes,No,Fiber optic,Yes,No,No,No,Yes,No,Month-to-month,Yes,Bank transfer (automatic),87.43,5070.08,No
CUST-04347,Male,0,Yes,Yes,49,No,No phone service,Fiber optic,No,No,No,No,No,Yes,Month-to-month,Yes,Credit card (automatic),62.03,3104.86,Yes
CUST-04348,Male,0,No,No,26,No,No phone service,DSL,No,No,Yes,No,Yes,Yes,Month-to-month,Yes,Bank transfer (automatic),48.34,1332.78,Yes
CUST-04349,Female,0,Yes,No,59,Yes,No,Fiber optic,No,No,Yes,No,No,Yes,Month-to-month,No,Credit card (automatic),60.88,3519.02,No
CUST-04350,Male,0,Yes,No,65,Yes,No,No,No internet service,No internet service,No internet service,No internet service,No internet service,No internet service,One year,Yes,Electronic check,64.18,4155.24,No
CUST-04351,Female,0,Yes,Yes,3,Yes,No,Fiber optic,Yes,Yes,Yes,No,No,No,One year,Yes,Electronic check,81.83,367.6,Yes
CUST-04352,Female,0,No,No,2,Yes,No,DSL,No,No,No,No,No,No,Two year,No,Mailed check,79.67,186.82,No
CUST-04353,Female,0,Yes,Yes,42,Yes,No,DSL,Yes,No,No,No,No,No,Two year,Yes,Electronic check,77.47,3295.23,No
CUST-04354,Male,0,No,No,11,Yes,Yes,No,No internet service,No internet service,No internet service,No internet service,No internet service,No internet service,Two year,Yes,Bank transfer (automatic),43.46,492.86,No
CUST-04355,Male,0,Yes,Yes,1,Yes,No,Fiber optic,Yes,No,No,No,No,No,One year,Yes,Mailed check,63.74,77.89,No
CUST-04356,Female,0,Yes,Yes,18,Yes,No,DSL,No,No,No,No,Yes,No,One year,Yes,Bank transfer (automatic),56.68,902.7,No
CUST-04357,Female,1,No,No,55,Yes,No,Fiber optic,No,No,No,No,No,Yes,One year,Yes,Electronic check,64.48,3574.78,No
CUST-04358,Male,1,Yes,Yes,47,Yes,Yes,DSL,Yes,No,No,No,No,Yes,Month-to-month,Yes,Credit card (automatic),67.25,3238.76,No
CUST-04359,Female,0,Yes,No,7,Yes,Yes,No,No internet service,No internet service,No internet service,No internet service,No internet service,No internet service,Month-to-month,Yes,Mailed check,51.83,305.79,Yes
CUST-04360,Female,0,Yes,Yes,9,Yes,No,Fiber optic,No,Yes,No,Yes,Yes,No,One year,Yes,Credit card (automatic),93.41,801.26,No
CUST-04361,Male,0,No,No,72,Yes,Yes,DSL,No,No,No,Yes,Yes,No,Two year,Yes,Mailed check,40.6,2917.47,No
CUST-04362,Female,0,Yes,Yes,72,Yes,Yes,DSL,Yes,Yes,No,No,Yes,No,Month-to-month,Yes,Electronic check,59.83,4224.24,No
CUST-04363,Male,0,No,No,3,Yes,No,DSL,No,No,No,No,No,Yes,Two year,No,Electronic check,47.63,122.22,No
CUST-04364,Female,0,Yes,Yes,4,No,No phone service,Fiber optic,No,No,Yes,No,No,Yes,Month-to-month,Yes,Bank transfer (automatic),79.42,257.54,No
CUST-04365,Female,0,Yes,No,24,Yes,No,Fiber optic,No,No,No,No,No,Yes,One year,No,Credit card (automatic),37.46,921.99,Yes
CUST-04366,Female,0,Yes,Yes,6,No,No phone service,Fiber optic,No,No,Yes,No,Yes,No,Month-to-month,Yes,Credit card (automatic),77.1,471.6,Yes
CUST-04367,Male,0,Yes,No,5,Yes,Yes,DSL,No,No,No,No,No,Yes,Month-to-month,No,Electronic check,40.08,183.37,Yes
CUST-04368,Male,0,No,No,33,Yes,No,No,No internet service,No internet service,No internet service,No internet service,No internet service,No internet service,Two year,Yes,Electronic check,44.08,1431.29,No
CUST-04369,Female,0,Yes,Yes,55,Yes,No,No,No internet service,No internet service,No internet service,No internet service,No internet service,No internet service,Month-to-month,Yes,Mailed check,47.36,2608.72,Yes
CUST-04370,Female,1,No,Yes,21,Yes,No,Fiber optic,No,No,Yes,No,Yes,No,Month-to-month,Yes,Electronic check,58.92,1289.7,No
CUST-04371,Female,0,Yes,Yes,31,Yes,No,Fiber optic,No,No,Yes,Yes,Yes,No,Month-to-month,No,Credit card (automatic),62.52,1909.58,Yes
CUST-04372,Male,0,No,Yes,0,Yes,No,DSL,No,Yes,No,Yes,Yes,No,One year,Yes,Electronic check,60.59,18.0,No
CUST-04373,Male,0,Yes,No,0,Yes,Yes,No,No internet service,No internet service,No internet service,No internet service,No internet service,No internet service,Month-to-month,No,Mailed check,41.4,69.1,Yes
CUST-04374,Female,0,No,No,52,Yes,Yes,DSL,No,Yes,Yes,No,Yes,No,Month-to-month,Yes,Electronic check,58.29,2989.78,No
CUST-04375,Male,0,Yes,No,72,Yes,Yes,No,No internet service,No internet service,No internet service,No internet service,No internet service,No internet service,Two year,No,Electronic check,59.64,4345.92,No
CUST-04376,Female,0,No,No,39,Yes,Yes,Fiber optic,No,No,Yes,No,No,No,One year,Yes,Bank transfer (automatic),63.47,2461.63,No
CUST-04377,Male,1,No,Yes,0,Yes,No,DSL,Yes,No,No,Yes,No,Yes,Two year,Yes,Credit card (automatic),70.66,91.25,No
CUST-04378,Male,0,No,Yes,1,Yes,No,DSL,No,No,Yes,No,No,No,One year,Yes,Mailed check,40.08,18.0,No
CUST-04379,Male,0,Yes,Yes,2,Yes,No,No,No internet service,No internet service,No internet service,No internet service,No internet service,No internet service,Month-to-month,Yes,Credit card (automatic),76.52,116.09,Yes
CUST-04380,Female,0,No,Yes,45,Yes,No,Fiber optic,No,Yes,No,Yes,Yes,No,One year,Yes,Electronic check,52.91,2391.92,No
CUST-04381,Female,1,Yes,No,72,Yes,Yes,Fiber optic,No,No,Yes,No,No,Yes,Month-to-month,Yes,Credit card (automatic),53.71,3878.12,No
CUST-04382,Male,0,Yes,Yes,52,Yes,No,No,No internet service,No internet service,No internet service,No internet service,No internet service,No internet service,One year,Yes,Bank transfer (automatic),61.63,3244.9,No
CUST-04383,Male,1,No,Yes,54,Yes,No,Fiber optic,No,No,Yes,No,Yes,Yes,One year,Yes,Electronic check,81.18,4376.36,No
CUST-04384,Female,0,No,Yes,3,Yes,Yes,No,No internet service,No internet service,No internet service,No internet service,No internet service,No internet service,Two year,No,Electronic check,51.41,219.14,No
CUST-04385,Male,0,Yes,No,2,Yes,No,No,No internet service,No internet service,No internet service,No internet service,No internet service,No internet service,Month-to-month,Yes,Electronic check,44.41,127.85,Yes
CUST-04386,Female,0,No,Yes,11,Yes,Yes,Fiber optic,Yes,Yes,No,No,No,No,One year,Yes,Credit card (automatic),60.91,620.34,No
CUST-04387,Male,0,No,No,5,Yes,No,DSL,No,No,Yes,Yes,Yes,Yes,Month-to-month,Yes,Credit card (automatic),32.68,222.12,No
CUST-04388,Male,0,Yes,No,61,Yes,No,No,No internet service,No internet service,No internet service,No internet service,No internet service,No internet service,Month-to-month,No,Electronic check,53.32,3270.3,No
CUST-04389,Male,1,Yes,No,71,Yes,No,Fiber optic,Yes,No,Yes,Yes,No,No,Month-to-month,No,Electronic check,80.4,5742.37,No
CUST-04390,Female,0,No,No,3,No,No phone service,Fiber optic,No,No,Yes,No,No,Yes,Two year,Yes,Mailed check,82.37,316.96,No
CUST-04391,Male,0,Yes,No,29,Yes,Yes,Fiber optic,No,No,No,Yes,No,No,Month-to-month,No,Credit card (automatic),69.08,1914.95,No
CUST-04392,Female,1,Yes,No,41,Yes,Yes,DSL,Yes,No,No,No,No,Yes,Month-to-month,Yes,Electronic check,82.06,3281.61,No
CUST-04393,Male,1,Yes,No,42,Yes,No,DSL,No,No,Yes,Yes,Yes,No,Month-to-month,No,Credit card (automatic),64.88,2751.43,No
CUST-04394,Male,1,No,No,32,Yes,No,Fiber optic,No,No,No,Yes,No,No,Month-to-month,No,Electronic check,69.88,2113.8,Yes
CUST-04395,Female,1,Yes,No,4,Yes,No,Fiber optic,No,Yes,Yes,No,Yes,Yes,Month-to-month,Yes,Mailed check,72.43,281.42,No
CUST-04396,Female,0,Yes,Yes,48,Yes,No,Fiber optic,No,No,Yes,No,No,Yes,Month-to-month,No,Electronic check,98.68,4745.76,Yes
CUST-04397,Male,1,Yes,No,58,Yes,No,Fiber optic,Yes,Yes,No,No,No,No,Two year,Yes,Bank transfer (automatic),56.32,3246.82,No
CUST-04398,Male,0,Yes,No,40,Yes,No,No,No internet service,No internet service,No internet service,No internet service,No internet service,No internet service,Month-to-month,Yes,Electronic check,33.8,1411.16,Yes
CUST-04399,Male,0,No,No,3,Yes,No,DSL,No,Yes,No,No,No,Yes,Month-to-month,Yes,Credit card (automatic),56.75,179.92,Yes
CUST-04400,Female,0,No,No,3,Yes,No,Fiber optic,Yes,No,No,No,Yes,No,Month-to-month,Yes,Mailed check,65.69,318.6,No
CUST-04401,Male,0,No,No,1,Yes,Yes,DSL,No,No,No,Yes,No,Yes,One year,No,Electronic check,70.73,18.0,No
CUST-04402,Male,0,No,No,72,No,No phone service,No,No internet service,No internet service,No internet service,No internet service,No internet service,No internet service,Month-to-month,No,Electronic check,46.49,3384.96,No
CUST-04403,Male,1,Yes,No,72,No,No phone service,DSL,No,No,Yes,No,No,No,Month-to-month,No,Electronic check,66.24,4804.47,No
CUST-04404,Female,0,No,No,50,Yes,No,Fiber optic,No,Yes,No,Yes,Yes,No,Month-to-month,Yes,Mailed check,85.49,4265.75,No
CUST-04405,Male,0,No,No,1,Yes,No,No,No internet service,No internet service,No internet service,No internet service,No internet service,No internet service,Two year,Yes,Credit card (automatic),43.03,66.92,No
CUST-04406,Female,0,No,Yes,49,Yes,Yes,Fiber optic,No,Yes,No,No,Yes,No,Two year,No,Electronic check,100.59,4926.91,No
CUST-04407,Male,0,No,Yes,47,Yes,No,DSL,Yes,No,No,No,No,No,Month-to-month,No,Credit card (automatic),55.31,2529.08,No
CUST-04408,Male,0,Yes,No,1,Yes,No,No,No internet service,No internet service,No internet service,No internet service,No internet service,No internet service,One year,Yes,Electronic check,54.97,64.56,No
CUST-04409,Male,0,No,Yes,54,Yes,No,DSL,No,No,No,No,No,No,Two year,No,Electronic check,62.73,3472.59,No
CUST-04410,Male,0,Yes,Yes,0,Yes,Yes,Fiber optic,No,Yes,Yes,Yes,No,No,One year,No,Credit card (automatic),59.48,82.87,No
CUST-04411,Male,0,No,No,31,Yes,Yes,DSL,No,No,No,No,Yes,No,One year,Yes,Mailed check,49.33,1481.08,No
CUST-04412,Female,0,Yes,No,72,Yes,Yes,Fiber optic,No,Yes,No,No,Yes,No,Two year,Yes,Mailed check,95.34,6869.14,No
CUST-04413,Male,0,No,Yes,8,Yes,Yes,DSL,No,No,No,No,No,No,Two year,Yes,Bank transfer (automatic),32.08,328.88,No
CUST-04414,Female,0,No,Yes,3,Yes,No,No,No internet service,No internet service,No internet service,No internet service,No internet service,No internet service,Month-to-month,No,Mailed check,63.39,128.86,Yes
CUST-04415,Male,0,No,No,5,Yes,Yes,Fiber optic,Yes,Yes,No,No,Yes,Yes,Month-to-month,Yes,Electronic check,44.8,231.7,No
CUST-04416,Male,0,Yes,No,63,Yes,No,DSL,No,No,Yes,No,Yes,Yes,One year,No,Bank transfer (automatic),65.83,4102.7,No
CUST-04417,Male,0,No,No,21,Yes,No,No,No internet service,No internet service,No internet service,No internet service,No internet service,No internet service,Two year,Yes,Bank transfer (automatic),63.34,1380.22,No
CUST-04418,Male,0,No,Yes,67,Yes,Yes,Fiber optic,No,No,No,No,Yes,No,Month-to-month,Yes,Mailed check,56.48,3797.51,No
CUST-04419,Female,0,No,No,72,No,No phone service,Fiber optic,No,Yes,No,Yes,Yes,No,Two year,No,Mailed check,51.45,3665.59,No
CUST-04420,Male,0,No,No,4,Yes,No,Fiber optic,No,No,Yes,No,Yes,Yes,Month-to-month,No,Electronic check,91.97,346.32,No
CUST-04421,Female,0,No,No,70,Yes,No,Fiber optic,No,No,No,Yes,No,Yes,Month-to-month,Yes,Electronic check,59.73,4234.97,No
CUST-04422,Female,0,No,No,30,No,No phone service,Fiber optic,No,No,No,No,No,No,Month-to-month,No,Electronic check,63.09,1883.2,Yes
CUST-04423,Female,0,Yes,No,0,Yes,No,No,No internet service,No internet service,No internet service,No internet service,No internet service,No internet service,One year,No,Credit card (automatic),40.58,18.0,No
CUST-04424,Male,0,Yes,No,65,Yes,No,DSL,Yes,No,No,No,No,No,Two year,Yes,Electronic check,31.48,2080.28,No
CUST-04425,Male,1,No,No,58,Yes,No,Fiber optic,No,No,Yes,No,No,No,Month-to-month,Yes,Bank transfer (automatic),85.4,4967.27,No
CUST-04426,Female,0,No,No,42,Yes,No,Fiber optic,No,Yes,No,No,No,No,One year,No,Bank transfer (automatic),94.32,3958.87,No
CUST-04427,Male,0,Yes,No,39,Yes,No,No,No internet service,No internet service,No internet service,No internet service,No internet service,No internet service,One year,Yes,Mailed check,48.07,1855.17,No
CUST-04428,Male,1,Yes,No,9,Yes,No,DSL,No,No,Yes,No,No,No,Two year,Yes,Bank transfer (automatic),73.87,679.41,No
CUST-04429,Female,0,Yes,No,19,Yes,No,DSL,No,Yes,No,No,Yes,No,Month-to-month,Yes,Mailed check,53.63,1058.09,Yes
CUST-04430,Female,0,No,No,51,Yes,No,No,No internet service,No internet service,No internet service,No internet service,No internet service,No internet service,One year,Yes,Bank transfer (automatic),49.21,2466.82,No
CUST-04431,Female,1,No,No,19,No,No phone service,No,No internet service,No internet service,No internet service,No internet service,No internet service,No internet service,One year,Yes,Credit card (automatic),59.63,1097.51,Yes
CUST-04432,Male,0,No,No,0,Yes,Yes,Fiber optic,No,Yes,No,No,No,No,Month-to-month,Yes,Electronic check,70.32,18.0,Yes
CUST-04433,Female,0,Yes,No,2,No,No phone service,Fiber optic,Yes,No,Yes,No,Yes,No,Month-to-month,Yes,Credit card (automatic),55.66,107.69,Yes
CUST-04434,Male,0,Yes,No,39,Yes,Yes,DSL,No,No,No,Yes,No,No,Month-to-month,Yes,Mailed check,45.48,1773.29,No
CUST-04435,Female,0,No,Yes,43,Yes,Yes,No,No internet service,No internet service,No internet service,No internet service,No internet service,No internet service,Two year,Yes,Bank transfer (automatic),46.22,1950.38,No
CUST-04436,Female,0,Yes,Yes,72,Yes,No,Fiber optic,Yes,No,No,Yes,Yes,Yes,Month-to-month,Yes,Credit card (automatic),82.13,5944.95,No
CUST-04437,Female,0,Yes,No,30,No,No phone service,Fiber optic,Yes,Yes,No,No,Yes,No,Month-to-month,Yes,Electronic check,70.12,2060.56,No
CUST-04438,Female,1,Yes,Yes,54,Yes,No,No,No internet service,No internet service,No internet service,No internet service,No internet service,No internet service,One year,Yes,Bank transfer (automatic),59.87,3288.85,No
CUST-04439,Male,0,No,No,9,Yes,No,No,No internet service,No internet service,No internet service,No internet service,No internet service,No internet service,One year,Yes,Credit card (automatic),73.0,719.36,No
CUST-04440,Male,0,No,Yes,31,Yes,Yes,DSL,No,No,No,No,No,Yes,Month-to-month,No,Electronic check,66.14,2121.3,No
CUST-04441,Male,0,Yes,No,20,Yes,No,DSL,No,No,Yes,No,No,Yes,Two year,Yes,Mailed check,52.65,1156.56,No
CUST-04442,Male,0,Yes,No,49,Yes,Yes,DSL,Yes,Yes,No,No,No,Yes,One year,Yes,Electronic check,51.11,2483.59,No
CUST-04443,Female,0,No,No,37,Yes,No,No,No internet service,No internet service,No internet service,No internet service,No internet service,No internet service,Month-to-month,No,Bank transfer (automatic),65.39,2482.64,No
CUST-04444,Male,0,Yes,No,0,No,No phone service,Fiber optic,No,Yes,Yes,Yes,No,No,Two year,No,Electronic check,78.01,18.0,No
CUST-04445,Female,0,Yes,No,3,Yes,Yes,Fiber optic,Yes,No,No,Yes,No,No,One year,No,Credit card (automatic),64.68,123.55,No
CUST-04446,Male,1,Yes,Yes,48,No,No phone service,Fiber optic,No,No,No,No,No,Yes,One year,Yes,Electronic check,73.52,3470.15,No
CUST-04447,Male,0,Yes,No,2,Yes,Yes,Fiber optic,No,No,No,No,No,No,Two year,Yes,Bank transfer (automatic),57.92,75.02,No
CUST-04448,Male,0,No,Yes,6,Yes,Yes,DSL,Yes,No,No,No,Yes,No,Month-to-month,Yes,Credit card (automatic),35.09,129.5,No
CUST-04449,Female,0,No,No,33,Yes,Yes,No,No internet service,No internet service,No internet service,No internet service,No internet service,No internet service,Two year,No,Mailed check,38.34,1366.01,No
CUST-04450,Female,0,Yes,No,60,No,No phone service,Fiber optic,No,Yes,No,Yes,Yes,No,Two year,No,Bank transfer (automatic),63.32,3788.61,No
CUST-04451,Female,0,No,No,4,Yes,Yes,No,No internet service,No internet service,No internet service,No internet service,No internet service,No internet service,Month-to-month,Yes,Credit card (automatic),54.08,277.74,No
CUST-04452,Male,0,Yes,No,0,Yes,No,DSL,No,No,Yes,Yes,Yes,Yes,One year,Yes,Electronic check,52.93,64.78,No
CUST-04453,Male,0,No,No,42,No,No phone service,DSL,No,No,No,No,Yes,No,Month-to-month,Yes,Bank transfer (automatic),50.94,2101.88,No
CUST-04454,Female,1,Yes,Yes,5,Yes,No,DSL,No,Yes,Yes,No,No,No,One year,No,Credit card (automatic),50.42,257.71,No
CUST-04455,Female,0,Yes,No,58,No,No phone service,DSL,Yes,No,No,No,No,Yes,One year,Yes,Electronic check,53.44,3030.11,No
CUST-04456,Male,1,No,Yes,31,Yes,Yes,Fiber optic,No,Yes,No,No,Yes,Yes,Month-to-month,Yes,Bank transfer (automatic),73.64,2302.98,Yes
CUST-04457,Female,1,No,No,35,Yes,No,DSL,No,No,Yes,Yes,Yes,No,Month-to-month,Yes,Credit card (automatic),18.0,658.6,Yes
CUST-04458,Male,0,No,No,15,Yes,No,Fiber optic,No,No,Yes,No,Yes,Yes,Month-to-month,No,Credit card (automatic),92.14,1466.18,No
CUST-04459,Male,0,No,No,42,Yes,No,DSL,No,Yes,No,No,No,Yes,Two year,Yes,Mailed check,53.87,2257.0,No
CUST-04460,Female,1,No,No,72,Yes,No,No,No internet service,No internet service,No internet service,No internet service,No internet service,No internet service,Month-to-month,Yes,Mailed check,30.31,2224.5,No
CUST-04461,Male,1,No,Yes,5,Yes,No,DSL,No,No,No,No,Yes,Yes,Month-to-month,No,Electronic check,42.93,183.13,Yes
CUST-04462,Male,1,Yes,Yes,56,Yes,No,Fiber optic,Yes,Yes,No,No,No,Yes,One year,No,Mailed check,71.72,4096.13,No
CUST-04463,Female,0,Yes,No,6,Yes,Yes,No,No internet service,No internet service,No internet service,No internet service,No internet service,No internet service,Month-to-month,Yes,Bank transfer (automatic),18.0,141.89,No
CUST-04464,Female,0,No,Yes,53,Yes,No,No,No internet service,No internet service,No internet service,No internet service,No internet service,No internet service,Month-to-month,Yes,Bank transfer (automatic),63.97,3320.68,No
CUST-04465,Male,1,No,No,39,Yes,Yes,Fiber optic,No,Yes,Yes,Yes,No,No,Month-to-month,Yes,Credit card (automatic),50.64,1920.19,Yes
CUST-04466,Male,1,No,No,30,Yes,Yes,Fiber optic,Yes,Yes,No,No,No,No,Month-to-month,No,Mailed check,92.78,2788.09,Yes
CUST-04467,Female,0,Yes,No,70,Yes,Yes,Fiber optic,No,Yes,No,Yes,Yes,No,One year,No,Bank transfer (automatic),79.53,5578.41,No
CUST-04468,Female,1,Yes,No,62,Yes,No,Fiber optic,No,Yes,Yes,No,No,No,Month-to-month,Yes,Electronic check,71.81,4427.87,Yes
CUST-04469,Female,0,Yes,No,61,Yes,No,No,No internet service,No internet service,No internet service,No internet service,No internet service,No internet service,Two year,No,Electronic check,56.49,3456.04,No
CUST-04470,Female,1,No,No,72,Yes,Yes,Fiber optic,Yes,No,Yes,No,Yes,Yes,One year,Yes,Electronic check,63.9,4492.92,No
CUST-04471,Male,0,Yes,No,5,No,No phone service,Fiber optic,No,Yes,No,No,Yes,No,Two year,No,Bank transfer (automatic),64.06,274.73,No
CUST-04472,Female,1,No,No,43,Yes,No,No,No internet service,No internet service,No internet service,No internet service,No internet service,No internet service,One year,Yes,Credit card (automatic),72.25,3063.97,No
CUST-04473,Male,0,Yes,No,1,Yes,No,DSL,No,No,No,No,Yes,Yes,Month-to-month,Yes,Credit card (automatic),61.76,117.09,Yes
CUST-04474,Male,0,Yes,Yes,39,Yes,No,Fiber optic,No,Yes,Yes,No,Yes,Yes,One year,Yes,Credit card (automatic),87.8,3381.89,No
CUST-04475,Female,0,No,No,28,Yes,No,DSL,No,No,Yes,Yes,No,Yes,Two year,No,Credit card (automatic),60.77,1604.87,No
CUST-04476,Male,0,Yes,No,52,No,No phone service,Fiber optic,No,No,Yes,Yes,No,No,Month-to-month,Yes,Bank transfer (automatic),57.93,3050.97,No
CUST-04477,Female,0,No,No,59,Yes,No,Fiber optic,Yes,Yes,No,No,No,Yes,Two year,No,Mailed check,63.53,3794.98,No
CUST-04478,Male,1,Yes,No,0,Yes,No,Fiber optic,Yes,No,No,No,Yes,No,Two year,No,Credit card (automatic),48.47,18.0,No
CUST-04479,Female,0,No,No,70,Yes,No,DSL,Yes,No,No,No,No,No,Month-to-month,No,Electronic check,27.88,1945.15,No
CUST-04480,Female,1,No,Yes,2,Yes,No,No,No internet service,No internet service,No internet service,No internet service,No internet service,No internet service,Month-to-month,Yes,Electronic check,45.72,18.0,No
CUST-04481,Male,0,No,Yes,1,Yes,No,DSL,Yes,No,No,No,No,No,Month-to-month,Yes,Mailed check,40.75,25.95,Yes
CUST-04482,Male,0,Yes,No,43,Yes,No,Fiber optic,No,Yes,No,Yes,Yes,No,Month-to-month,Yes,Bank transfer (automatic),82.9,3546.01,No
CUST-04483,Female,0,Yes,No,44,Yes,No,DSL,No,No,No,Yes,No,Yes,Month-to-month,Yes,Bank transfer (automatic),45.99,2093.17,No
CUST-04484,Male,0,No,No,47,Yes,No,No,No internet service,No internet service,No internet service,No internet service,No internet service,No internet service,One year,Yes,Bank transfer (automatic),18.11,909.0,No
CUST-04485,Male,0,No,No,23,No,No phone service,Fiber optic,Yes,No,Yes,No,Yes,No,Month-to-month,Yes,Bank transfer (automatic),76.02,1719.75,Yes
CUST-04486,Male,0,No,No,16,Yes,No,No,No internet service,No internet service,No internet service,No internet service,No internet service,No internet service,Month-to-month,Yes,Mailed check,54.5,893.05,No
CUST-04487,Female,1,No,No,2,Yes,Yes,Fiber optic,No,No,No,No,Yes,No,Month-to-month,Yes,Mailed check,84.25,144.97,Yes
CUST-04488,Male,0,No,No,37,Yes,Yes,Fiber optic,No,No,No,Yes,Yes,Yes,Month-to-month,Yes,Electronic check,65.83,2461.95,Yes
CUST-04489,Female,1,No,Yes,14,Yes,No,DSL,No,No,No,No,Yes,Yes,Two year,Yes,Bank transfer (automatic),69.66,975.61,No
CUST-04490,Male,0,No,No,0,Yes,No,Fiber optic,Yes,Yes,No,Yes,No,Yes,One year,Yes,Electronic check,74.48,18.0,No
CUST-04491,Male,0,No,No,29,Yes,No,No,No internet service,No internet service,No internet service,No internet service,No internet service,No internet service,Month-to-month,Yes,Credit card (automatic),46.44,1401.12,Yes
CUST-04492,Male,0,No,Yes,72,Yes,No,Fiber optic,No,Yes,Yes,Yes,No,No,Two year,Yes,Electronic check,73.56,5289.3,Yes
CUST-04493,Female,0,No,No,43,Yes,Yes,DSL,Yes,No,No,Yes,No,No,Month-to-month,No,Mailed check,30.28,1392.04,No
CUST-04494,Male,0,No,Yes,40,Yes,Yes,Fiber optic,Yes,Yes,No,Yes,No,No,Two year,Yes,Mailed check,61.76,2443.11,No
CUST-04495,Male,0,Yes,No,0,No,No phone service,Fiber optic,No,No,Yes,No,No,No,One year,Yes,Electronic check,67.11,32.46,No
CUST-04496,Female,0,Yes,No,2,Yes,No,Fiber optic,No,Yes,No,No,Yes,No,One year,Yes,Bank transfer (automatic),71.87,96.1,No
CUST-04497,Male,0,No,Yes,50,Yes,Yes,Fiber optic,No,No,No,No,No,Yes,Two year,Yes,Credit card (automatic),78.3,3946.84,No
CUST-04498,Male,0,No,No,0,Yes,Yes,Fiber optic,Yes,No,No,No,No,No,Two year,No,Electronic check,96.88,83.2,No
CUST-04499,Male,0,Yes,No,26,Yes,No,No,No internet service,No internet service,No internet service,No internet service,No internet service,No internet service,Month-to-month,No,Credit card (automatic),68.6,1820.66,No
CUST-04500,Male,0,No,Yes,17,Yes,Yes,Fiber optic,No,Yes,No,Yes,No,No,Month-to-month,No,Mailed check,56.81,1052.2,No
CUST-04501,Female,1,No,No,29,Yes,No,DSL,No,No,Yes,No,No,No,Two year,Yes,Electronic check,29.2,796.27,No
CUST-04502,Female,0,No,No,72,Yes,No,Fiber optic,Yes,No,No,Yes,Yes,No,Month-to-month,No,Electronic check,32.39,2364.77,Yes
CUST-04503,Female,0,No,No,47,Yes,No,No,No internet service,No internet service,No internet service,No internet service,No internet service,No internet service,Month-to-month,Yes,Mailed check,61.59,2886.68,No
CUST-04504,Female,0,Yes,No,0,Yes,Yes,DSL,No,No,No,Yes,No,No,One year,No,Electronic check,39.26,18.0,No
CUST-04505,Male,0,Yes,Yes,38,Yes,Yes,DSL,Yes,No,No,No,No,No,One year,No,Bank transfer (automatic),47.9,1817.16,No
CUST-04506,Male,0,Yes,No,4,Yes,Yes,Fiber optic,No,No,Yes,Yes,No,No,One year,Yes,Credit card (automatic),82.44,393.25,No
CUST-04507,Male,1,No,No,72,No,No phone service,Fiber optic,No,Yes,Yes,No,Yes,No,Two year,Yes,Electronic check,75.66,5444.53,No
CUST-04508,Female,0,Yes,Yes,48,Yes,Yes,DSL,No,No,No,Yes,No,Yes,Month-to-month,Yes,Credit card (automatic),92.3,4461.26,No
CUST-04509,Male,0,No,No,3,Yes,Yes,No,No internet service,No internet service,No internet service,No internet service,No internet service,No internet service,Two year,Yes,Electronic check,58.59,133.3,No
CUST-04510,Female,0,No,No,54,Yes,No,DSL,No,No,Yes,No,Yes,No,Month-to-month,No,Credit card (automatic),48.47,2661.64,No
CUST-04511,Male,0,No,No,2,No,No phone service,Fiber optic,No,No,No,No,No,No,Month-to-month,No,Mailed check,55.3,112.9,No
CUST-04512,Female,0,No,No,9,No,No phone service,Fiber optic,No,Yes,No,Yes,Yes,No,Month-to-month,Yes,Electronic check,87.7,786.37,Yes
CUST-04513,Male,0,No,No,65,Yes,Yes,Fiber optic,No,No,No,Yes,No,No,One year,No,Electronic check,60.08,3918.99,No
CUST-04514,Female,1,No,No,2,Yes,No,Fiber optic,No,Yes,No,No,Yes,Yes,One year,Yes,Electronic check,82.24,276.47,Yes
CUST-04515,Female,0,Yes,No,2,No,No phone service,DSL,No,No,Yes,No,Yes,No,Two year,No,Credit card (automatic),82.25,235.79,No
CUST-04516,Female,0,Yes,Yes,64,Yes,Yes,No,No internet service,No internet service,No internet service,No internet service,No internet service,No internet service,Month-to-month,Yes,Electronic check,26.62,1655.91,No
CUST-04517,Male,0,No,No,1,Yes,No,Fiber optic,Yes,No,No,No,Yes,No,Month-to-month,No,Mailed check,58.2,75.1,Yes
CUST-04518,Male,0,Yes,Yes,65,Yes,No,No,No internet service,No internet service,No internet service,No internet service,No internet service,No internet service,Month-to-month,Yes,Electronic check,23.06,1481.04,No
CUST-04519,Female,0,No,Yes,1,Yes,No,DSL,No,No,No,No,Yes,Yes,Month-to-month,No,Electronic check,35.68,37.8,No
CUST-04520,Male,0,Yes,Yes,3,Yes,No,Fiber optic,No,Yes,No,Yes,Yes,No,Month-to-month,No,Electronic check,45.24,113.52,No
CUST-04521,Female,1,No,No,41,Yes,No,No,No internet service,No internet service,No internet service,No internet service,No internet service,No internet service,Month-to-month,Yes,Bank transfer (automatic),40.46,1671.25,Yes
CUST-04522,Female,0,Yes,No,20,Yes,No,Fiber optic,No,No,No,No,No,No,One year,Yes,Bank transfer (automatic),72.98,1535.66,No
CUST-04523,Female,1,No,No,1,Yes,No,No,No internet service,No internet service,No internet service,No internet service,No internet service,No internet service,One year,Yes,Electronic check,47.77,18.0,No
CUST-04524,Female,0,Yes,No,69,Yes,No,Fiber optic,No,No,No,No,Yes,Yes,Month-to-month,Yes,Credit card (automatic),63.59,4371.11,Yes
CUST-04525,Female,0,No,No,51,Yes,No,Fiber optic,Yes,No,Yes,No,No,Yes,Month-to-month,Yes,Mailed check,83.32,4238.49,No
CUST-04526,Male,1,Yes,Yes,0,Yes,No,Fiber optic,Yes,Yes,No,Yes,Yes,No,One year,Yes,Bank transfer (automatic),118.0,18.0,No
CUST-04527,Male,0,No,Yes,43,Yes,No,DSL,No,Yes,No,Yes,Yes,No,Two year,Yes,Electronic check,52.92,2252.25,No
CUST-04528,Male,0,Yes,Yes,71,Yes,Yes,Fiber optic,Yes,Yes,No,Yes,Yes,No,Month-to-month,Yes,Mailed check,61.61,4316.17,No
CUST-04529,Male,0,No,No,64,Yes,No,Fiber optic,No,No,No,Yes,No,Yes,Month-to-month,Yes,Credit card (automatic),59.4,3847.64,Yes
CUST-04530,Female,0,No,Yes,3,Yes,Yes,No,No internet service,No internet service,No internet service,No internet service,No internet service,No internet service,Month-to-month,No,Mailed check,20.42,18.0,No
CUST-04531,Male,1,No,No,61,Yes,Yes,No,No internet service,No internet service,No internet service,No internet service,No internet service,No internet service,Month-to-month,Yes,Mailed check,35.8,2293.78,No
CUST-04532,Male,0,No,No,71,Yes,Yes,No,No internet service,No internet service,No internet service,No internet service,No internet service,No internet service,One year,No,Mailed check,46.81,3312.81,No
CUST-04533,Female,1,No,No,68,Yes,No,Fiber optic,No,No,No,No,No,No,Month-to-month,No,Electronic check,69.81,4701.9,Yes
CUST-04534,Female,0,No,No,11,Yes,No,No,No internet service,No internet service,No internet service,No internet service,No internet service,No internet service,Month-to-month,No,Electronic check,70.94,727.55,No
CUST-04535,Male,0,Yes,No,47,Yes,No,Fiber optic,No,No,Yes,No,No,No,Month-to-month,No,Bank transfer (automatic),81.67,3868.24,Yes
CUST-04536,Female,0,No,Yes,0,Yes,No,Fiber optic,Yes,Yes,No,No,No,No,Month-to-month,No,Bank transfer (automatic),84.82,18.0,No
CUST-04537,Male,0,Yes,No,9,Yes,Yes,DSL,Yes,No,No,No,Yes,No,Two year,No,Electronic check,53.98,588.89,No
CUST-04538,Female,1,No,Yes,38,Yes,No,Fiber optic,No,No,No,No,Yes,No,Month-to-month,No,Mailed check,54.16,2038.6,No
CUST-04539,Female,0,Yes,No,40,Yes,No,DSL,No,Yes,No,Yes,No,No,Month-to-month,Yes,Electronic check,67.64,2757.01,Yes
CUST-04540,Female,0,Yes,Yes,4,Yes,No,No,No internet service,No internet service,No internet service,No internet service,No internet service,No internet service,Two year,No,Bank transfer (automatic),58.23,220.3,No
CUST-04541,Female,0,No,No,2,Yes,No,Fiber optic,No,No,No,Yes,Yes,No,Month-to-month,Yes,Bank transfer (automatic),58.38,76.35,Yes
CUST-04542,Female,0,Yes,No,65,Yes,Yes,No,No internet service,No internet service,No internet service,No internet service,No internet service,No internet service,One year,No,Credit card (automatic),18.0,1208.33,No
CUST-04543,Female,1,Yes,No,12,No,No phone service,No,No internet service,No internet service,No internet service,No internet service,No internet service,No internet service,Month-to-month,Yes,Bank transfer (automatic),19.49,306.48,No
CUST-04544,Female,0,Yes,No,3,Yes,Yes,Fiber optic,No,No,Yes,Yes,Yes,No,Month-to-month,Yes,Bank transfer (automatic),93.48,224.44,No
CUST-04545,Male,0,No,Yes,54,Yes,No,DSL,No,No,No,No,No,No,Month-to-month,No,Bank transfer (automatic),60.95,3217.26,No
CUST-04546,Female,0,Yes,No,5,Yes,No,Fiber optic,No,No,Yes,No,No,Yes,Two year,Yes,Mailed check,66.42,317.73,Yes
CUST-04547,Female,0,Yes,No,45,No,No phone service,Fiber optic,No,No,No,Yes,Yes,No,Two year,No,Credit card (automatic),79.71,3434.0,No
CUST-04548,Female,1,No,Yes,14,Yes,Yes,Fiber optic,No,No,No,No,No,Yes,Month-to-month,No,Mailed check,55.93,788.42,No
CUST-04549,Female,0,No,Yes,28,Yes,No,Fiber optic,Yes,No,No,No,No,Yes,Two year,Yes,Mailed check,46.67,1251.26,No
CUST-04550,Female,0,Yes,Yes,25,Yes,No,No,No internet service,No internet service,No internet service,No internet service,No internet service,No internet service,Two year,No,Credit card (automatic),35.9,871.6,No
CUST-04551,Male,0,No,Yes,2,Yes,Yes,DSL,Yes,No,No,No,No,Yes,Month-to-month,Yes,Credit card (automatic),98.84,196.87,Yes
CUST-04552,Male,0,Yes,No,42,Yes,Yes,Fiber optic,Yes,No,No,No,No,No,One year,No,Mailed check,82.53,3548.77,No
CUST-04553,Male,1,No,Yes,38,Yes,Yes,No,No internet service,No internet service,No internet service,No internet service,No internet service,No internet service,Month-to-month,No,Credit card (automatic),50.38,1927.25,No
CUST-04554,Female,0,Yes,No,0,No,No phone service,Fiber optic,Yes,No,Yes,No,Yes,No,Two year,Yes,Mailed check,60.95,103.48,No
CUST-04555,Female,0,Yes,Yes,22,Yes,No,No,No internet service,No internet service,No internet service,No internet service,No internet service,No internet service,Month-to-month,Yes,Mailed check,51.87,1191.82,Yes
CUST-04556,Male,0,Yes,No,53,Yes,No,Fiber optic,No,Yes,No,No,No,Yes,Month-to-month,Yes,Credit card (automatic),79.21,4217.72,Yes
CUST-04557,Male,1,No,Yes,40,Yes,No,Fiber optic,No,Yes,Yes,No,No,Yes,Two year,Yes,Bank transfer (automatic),82.74,3416.37,No
CUST-04558,Female,1,Yes,No,26,Yes,No,No,No internet service,No internet service,No internet service,No internet service,No internet service,No internet service,One year,Yes,Electronic check,45.07,1195.96,No
CUST-04559,Female,0,No,No,31,Yes,Yes,DSL,No,Yes,Yes,No,No,Yes,Month-to-month,No,Mailed check,54.96,1719.02,No
CUST-04560,Female,0,No,No,37,Yes,Yes,Fiber optic,No,No,No,No,No,No,Month-to-month,No,Credit card (automatic),84.97,3178.71,Yes
CUST-04561,Male,0,No,No,4,Yes,No,DSL,No,Yes,No,No,No,No,Two year,No,Electronic check,51.54,330.73,No
CUST-04562,Male,0,No,No,48,Yes,No,No,No internet service,No internet service,No internet service,No internet service,No internet service,No internet service,Month-to-month,No,Mailed check,42.0,2034.47,Yes
CUST-04563,Male,0,Yes,No,0,Yes,No,DSL,No,Yes,No,No,No,No,Month-to-month,No,Electronic check,53.62,18.0,No
CUST-04564,Male,0,Yes,No,57,Yes,Yes,DSL,No,No,No,No,No,No,Two year,Yes,Bank transfer (automatic),47.3,2606.85,No
CUST-04565,Female,1,Yes,No,42,Yes,Yes,DSL,Yes,No,No,No,Yes,No,Month-to-month,No,Mailed check,59.74,2528.65,No
CUST-04566,Male,0,No,Yes,19,Yes,No,Fiber optic,No,No,Yes,No,No,No,Two year,Yes,Mailed check,46.48,833.57,No
CUST-04567,Female,0,Yes,Yes,25,Yes,Yes,DSL,No,Yes,Yes,No,Yes,No,One year,Yes,Bank transfer (automatic),52.33,1222.3,No
CUST-04568,Female,0,No,Yes,0,Yes,Yes,DSL,Yes,No,Yes,No,Yes,No,Month-to-month,Yes,Electronic check,44.11,18.0,No
CUST-04569,Male,0,No,No,58,Yes,No,Fiber optic,Yes,Yes,No,Yes,No,No,Two year,Yes,Credit card (automatic),80.11,4722.61,No
CUST-04570,Male,0,No,Yes,29,Yes,No,Fiber optic,Yes,Yes,Yes,No,No,Yes,One year,No,Electronic check,70.99,2108.85,No
CUST-04571,Female,0,No,Yes,66,Yes,No,Fiber optic,No,Yes,No,No,Yes,Yes,One year,No,Electronic check,98.42,6533.65,No
CUST-04572,Male,1,Yes,No,23,No,No phone service,Fiber optic,No,No,No,Yes,No,No,Month-to-month,Yes,Mailed check,70.66,1682.61,Yes
CUST-04573,Male,0,Yes,No,2,Yes,Yes,Fiber optic,No,Yes,Yes,No,Yes,No,Month-to-month,No,Mailed check,77.9,67.78,No
CUST-04574,Female,1,No,No,0,Yes,No,No,No internet service,No internet service,No internet service,No internet service,No internet service,No internet service,Month-to-month,Yes,Mailed check,18.0,18.0,Yes
CUST-04575,Female,0,Yes,No,72,Yes,No,Fiber optic,No,No,No,No,Yes,No,Month-to-month,No,Credit card (automatic),71.31,5148.43,Yes
CUST-04576,Female,0,No,Yes,43,Yes,No,Fiber optic,No,No,No,Yes,No,No,Month-to-month,Yes,Electronic check,61.21,2575.75,Yes
CUST-04577,Male,0,No,No,2,Yes,Yes,Fiber optic,Yes,No,No,No,Yes,Yes,One year,Yes,Bank transfer (automatic),61.28,141.4,No
CUST-04578,Male,1,Yes,Yes,2,Yes,No,No,No internet service,No internet service,No internet service,No internet service,No internet service,No internet service,Two year,Yes,Bank transfer (automatic),48.17,74.33,No
CUST-04579,Male,0,Yes,Yes,64,Yes,No,No,No internet service,No internet service,No internet service,No internet service,No internet service,No internet service,Two year,Yes,Electronic check,71.0,4622.08,No
CUST-04580,Male,0,Yes,No,2,Yes,Yes,Fiber optic,No,Yes,No,Yes,No,No,Two year,No,Mailed check,75.2,68.35,No
CUST-04581,Male,0,Yes,Yes,54,Yes,Yes,Fiber optic,Yes,No,Yes,Yes,No,Yes,Month-to-month,No,Credit card (automatic),51.08,2664.04,No
CUST-04582,Female,0,No,No,39,Yes,No,DSL,No,No,No,Yes,No,Yes,Two year,Yes,Electronic check,26.35,1079.76,No
CUST-04583,Male,0,No,No,68,Yes,No,No,No internet service,No internet service,No internet service,No internet service,No internet service,No internet service,Two year,No,Electronic check,47.77,3256.89,No
CUST-04584,Female,0,Yes,Yes,8,Yes,No,DSL,No,No,No,Yes,No,Yes,Two year,Yes,Electronic check,47.69,440.97,No
CUST-04585,Female,0,No,Yes,47,Yes,No,Fiber optic,Yes,No,No,No,No,Yes,Two year,No,Mailed check,48.66,2239.85,No
CUST-04586,Female,0,Yes,Yes,21,Yes,Yes,Fiber optic,No,No,Yes,No,Yes,No,Month-to-month,Yes,Mailed check,73.54,1646.55,Yes
CUST-04587,Male,0,No,Yes,2,Yes,Yes,DSL,No,No,No,No,No,No,Two year,Yes,Bank transfer (automatic),75.62,191.63,No
CUST-04588,Male,0,No,No,33,Yes,No,Fiber optic,No,No,No,No,No,Yes,Month-to-month,Yes,Credit card (automatic),39.17,1282.03,Yes
CUST-04589,Female,0,Yes,No,24,No,No phone service,Fiber optic,No,No,No,No,Yes,No,Month-to-month,No,Bank transfer (automatic),85.88,2061.09,Yes
CUST-04590,Male,0,No,Yes,72,No,No phone service,DSL,No,Yes,No,No,No,No,One year,No,Mailed check,45.51,3261.07,No
CUST-04591,Female,1,No,Yes,61,Yes,No,DSL,No,No,No,No,No,No,One year,No,Electronic check,55.11,3320.68,No
CUST-04592,Male,0,Yes,No,72,Yes,No,Fiber optic,Yes,No,No,Yes,No,No,Month-to-month,Yes,Electronic check,87.05,6253.23,Yes
CUST-04593,Male,0,Yes,No,44,Yes,Yes,Fiber optic,Yes,No,Yes,No,Yes,Yes,Two year,Yes,Bank transfer (automatic),56.64,2502.83,No
CUST-04594,Female,1,No,No,2,Yes,Yes,Fiber optic,No,No,Yes,Yes,No,No,Month-to-month,Yes,Bank transfer (automatic),72.65,137.22,Yes
CUST-04595,Female,0,Yes,Yes,6,Yes,No,No,No internet service,No internet service,No internet service,No internet service,No internet service,No internet service,Two year,Yes,Electronic check,30.33,99.16,No
CUST-04596,Male,0,Yes,No,72,No,No phone service,DSL,Yes,No,No,Yes,No,No,Month-to-month,Yes,Bank transfer (automatic),61.58,4479.53,No
CUST-04597,Female,0,Yes,Yes,60,Yes,No,Fiber optic,Yes,No,Yes,Yes,No,No,Month-to-month,No,Mailed check,69.71,4054.66,No
CUST-04598,Male,0,No,No,45,Yes,No,Fiber optic,Yes,Yes,No,No,No,No,One year,Yes,Credit card (automatic),42.85,1834.86,No
CUST-04599,Female,0,Yes,No,54,Yes,No,DSL,No,No,Yes,No,No,No,One year,Yes,Mailed check,39.14,2138.42,No
CUST-04600,Female,0,No,No,23,Yes,No,No,No internet service,No internet service,No internet service,No internet service,No internet service,No internet service,Month-to-month,Yes,Mailed check,66.11,1506.55,No
CUST-04601,Female,0,Yes,Yes,22,Yes,No,DSL,Yes,No,Yes,No,No,Yes,Two year,Yes,Bank transfer (automatic),67.75,1527.71,No
CUST-04602,Female,0,Yes,No,21,Yes,No,Fiber optic,No,No,Yes,No,No,No,Month-to-month,Yes,Bank transfer (automatic),73.82,1539.41,Yes
CUST-04603,Male,1,No,Yes,28,Yes,No,DSL,No,No,Yes,No,Yes,No,Month-to-month,No,Credit card (automatic),74.56,2161.09,Yes
CUST-04604,Female,0,Yes,No,0,No,No phone service,Fiber optic,No,No,No,No,No,No,Two year,Yes,Mailed check,66.28,18.0,No
CUST-04605,Male,0,No,Yes,71,Yes,No,No,No internet service,No internet service,No internet service,No internet service,No internet service,No internet service,Month-to-month,No,Credit card (automatic),39.5,2828.09,Yes
CUST-04606,Male,0,Yes,No,58,No,No phone service,Fiber optic,No,No,No,No,Yes,Yes,Month-to-month,Yes,Credit card (automatic),60.84,3599.16,No
CUST-04607,Male,0,No,Yes,72,Yes,Yes,Fiber optic,No,No,Yes,No,No,No,Two year,Yes,Credit card (automatic),42.4,3073.84,Yes
CUST-04608,Male,0,Yes,No,1,Yes,No,DSL,No,Yes,Yes,No,Yes,Yes,Month-to-month,Yes,Electronic check,40.53,86.23,No
CUST-04609,Female,0,No,No,34,Yes,Yes,DSL,No,Yes,Yes,Yes,No,No,Month-to-month,Yes,Mailed check,54.19,1860.06,Yes
CUST-04610,Male,1,Yes,No,0,Yes,Yes,Fiber optic,No,Yes,Yes,No,No,No,Two year,No,Bank transfer (automatic),77.1,41.24,Yes
CUST-04611,Male,0,No,Yes,7,Yes,Yes,DSL,Yes,No,No,No,No,No,One year,No,Mailed check,70.92,439.52,No
CUST-04612,Male,0,Yes,No,37,Yes,No,Fiber optic,Yes,Yes,No,No,No,No,Month-to-month,Yes,Mailed check,68.33,2542.45,No
CUST-04613,Female,0,Yes,Yes,2,Yes,Yes,No,No internet service,No internet service,No internet service,No internet service,No internet service,No internet service,Month-to-month,Yes,Credit card (automatic),54.11,96.97,No
CUST-04614,Female,0,No,No,49,Yes,No,Fiber optic,No,Yes,No,Yes,No,Yes,Month-to-month,No,Bank transfer (automatic),84.49,4124.04,Yes
CUST-04615,Female,0,Yes,Yes,7,Yes,Yes,Fiber optic,No,No,No,Yes,No,Yes,Two year,Yes,Credit card (automatic),79.38,458.2,No
CUST-04616,Male,0,Yes,Yes,5,No,No phone service,No,No internet service,No internet service,No internet service,No internet service,No internet service,No internet service,Month-to-month,Yes,Mailed check,35.74,218.28,Yes
CUST-04617,Male,0,No,Yes,9,Yes,Yes,No,No internet service,No internet service,No internet service,No internet service,No internet service,No internet service,Month-to-month,Yes,Electronic check,34.7,351.06,No
CUST-04618,Female,0,No,Yes,2,Yes,No,DSL,No,No,Yes,Yes,Yes,No,Month-to-month,No,Bank transfer (automatic),64.04,183.32,No
CUST-04619,Female,0,No,Yes,8,Yes,Yes,No,No internet service,No internet service,No internet service,No internet service,No internet service,No internet service,Month-to-month,Yes,Mailed check,76.0,585.8,No
CUST-04620,Female,0,No,No,38,Yes,No,Fiber optic,Yes,Yes,Yes,No,No,Yes,Month-to-month,No,Bank transfer (automatic),96.54,3618.26,Yes
CUST-04621,Female,0,Yes,Yes,25,Yes,No,No,No internet service,No internet service,No internet service,No internet service,No internet service,No internet service,Month-to-month,Yes,Bank transfer (automatic),38.78,1016.81,No
CUST-04622,Female,0,Yes,No,45,Yes,No,Fiber optic,Yes,No,No,No,No,Yes,Two year,No,Bank transfer (automatic),75.2,3353.72,No
CUST-04623,Female,0,No,No,1,Yes,No,No,No internet service,No internet service,No internet service,No internet service,No internet service,No internet service,Month-to-month,Yes,Bank transfer (automatic),49.18,23.95,Yes
CUST-04624,Male,0,Yes,No,35,Yes,No,No,No internet service,No internet service,No internet service,No internet service,No internet service,No internet service,Month-to-month,No,Credit card (automatic),26.69,948.94,No
CUST-04625,Male,0,Yes,No,45,Yes,No,Fiber optic,No,Yes,No,Yes,No,No,One year,No,Bank transfer (automatic),61.57,2721.76,Yes
CUST-04626,Male,0,Yes,No,60,Yes,No,Fiber optic,No,No,Yes,Yes,No,No,Month-to-month,No,Mailed check,67.78,4032.38,Yes
CUST-04627,Male,0,Yes,No,57,Yes,Yes,DSL,No,No,Yes,Yes,No,Yes,Two year,Yes,Bank transfer (automatic),68.1,3876.98,No
CUST-04628,Male,0,Yes,No,3,Yes,No,DSL,No,No,No,No,No,Yes,Month-to-month,Yes,Bank transfer (automatic),53.22,222.44,Yes
CUST-04629,Female,0,Yes,No,8,Yes,No,Fiber optic,No,No,No,No,No,Yes,Month-to-month,Yes,Electronic check,61.03,452.49,Yes
CUST-04630,Male,0,No,Yes,0,Yes,No,Fiber optic,No,Yes,No,No,No,No,Month-to-month,No,Mailed check,75.93,18.0,No
CUST-04631,Male,0,No,No,6,Yes,No,Fiber optic,No,Yes,No,No,Yes,No,Month-to-month,Yes,Credit card (automatic),60.45,437.75,Yes
CUST-04632,Male,1,No,Yes,51,Yes,No,Fiber optic,No,Yes,No,No,No,No,Two year,No,Electronic check,62.86,3210.51,No
CUST-04633,Male,0,Yes,No,18,Yes,Yes,DSL,No,No,No,No,No,Yes,Month-to-month,No,Electronic check,102.9,1868.2,No
CUST-04634,Male,1,Yes,No,0,Yes,Yes,DSL,No,Yes,No,Yes,No,No,Two year,No,Bank transfer (automatic),40.94,31.68,No
CUST-04635,Male,1,No,Yes,1,Yes,Yes,DSL,No,Yes,No,Yes,No,No,Month-to-month,Yes,Credit card (automatic),68.77,39.92,Yes
CUST-04636,Female,0,Yes,Yes,35,Yes,No,Fiber optic,Yes,No,No,Yes,Yes,Yes,One year,Yes,Bank transfer (automatic),63.23,2282.18,No
CUST-04637,Female,0,Yes,No,21,Yes,No,Fiber optic,Yes,No,No,No,No,Yes,Two year,Yes,Electronic check,76.06,1624.08,No
CUST-04638,Male,0,No,Yes,51,Yes,Yes,DSL,Yes,No,Yes,No,No,No,Month-to-month,Yes,Bank transfer (automatic),65.24,3327.45,No
CUST-04639,Female,0,No,Yes,72,Yes,Yes,DSL,Yes,No,No,No,No,No,Month-to-month,Yes,Credit card (automatic),33.73,2413.59,No
CUST-04640,Female,0,Yes,No,8,Yes,No,DSL,No,No,No,Yes,Yes,Yes,One year,Yes,Electronic check,50.42,356.44,No
CUST-04641,Female,0,No,No,68,No,No phone service,Fiber optic,No,Yes,No,No,Yes,No,One year,Yes,Mailed check,38.58,2624.17,No
CUST-04642,Male,0,No,No,67,Yes,No,No,No internet service,No internet service,No internet service,No internet service,No internet service,No internet service,Two year,No,Bank transfer (automatic),31.11,2088.43,No
CUST-04643,Female,0,No,No,2,Yes,Yes,No,No internet service,No internet service,No internet service,No internet service,No internet service,No internet service,One year,No,Bank transfer (automatic),65.56,112.01,No
CUST-04644,Male,0,Yes,No,71,Yes,No,Fiber optic,Yes,Yes,Yes,No,Yes,No,Month-to-month,No,Credit card (automatic),59.63,4284.11,No
CUST-04645,Male,0,No,No,69,Yes,No,Fiber optic,No,No,No,No,No,No,Two year,Yes,Electronic check,58.22,4020.66,No
CUST-04646,Male,1,No,No,2,Yes,Yes,Fiber optic,No,Yes,No,No,Yes,No,Month-to-month,Yes,Credit card (automatic),90.06,210.8,Yes
CUST-04647,Female,0,Yes,No,0,Yes,Yes,Fiber optic,No,Yes,Yes,No,No,No,Month-to-month,No,Bank transfer (automatic),118.0,18.0,Yes
CUST-04648,Male,0,No,No,56,Yes,No,No,No internet service,No internet service,No internet service,No internet service,No internet service,No internet service,Two year,Yes,Electronic check,38.48,2194.71,No
CUST-04649,Male,1,No,No,72,Yes,No,DSL,No,Yes,No,Yes,Yes,No,Month-to-month,No,Bank transfer (automatic),44.63,3209.4,Yes
CUST-04650,Male,0,Yes,Yes,66,Yes,No,Fiber optic,Yes,No,No,No,No,No,Month-to-month,Yes,Bank transfer (automatic),65.75,4366.27,Yes
CUST-04651,Male,0,Yes,Yes,16,Yes,Yes,No,No internet service,No internet service,No internet service,No internet service,No internet service,No internet service,Two year,Yes,Mailed check,55.69,807.92,No
CUST-04652,Female,0,Yes,Yes,25,Yes,No,Fiber optic,No,Yes,No,No,No,Yes,Two year,No,Mailed check,90.1,2232.37,No
CUST-04653,Male,0,No,No,4,Yes,No,Fiber optic,No,No,Yes,No,No,Yes,Month-to-month,Yes,Bank transfer (automatic),53.58,208.91,Yes
CUST-04654,Male,1,Yes,No,8,Yes,No,No,No internet service,No internet service,No internet service,No internet service,No internet service,No internet service,Month-to-month,Yes,Credit card (automatic),71.48,607.83,No
CUST-04655,Male,0,No,No,30,No,No phone service,DSL,No,No,No,No,Yes,Yes,One year,Yes,Bank transfer (automatic),63.2,1887.99,No
CUST-04656,Male,0,Yes,No,55,Yes,Yes,No,No internet service,No internet service,No internet service,No internet service,No internet service,No internet service,One year,No,Electronic check,32.97,1789.83,No
CUST-04657,Male,0,No,No,22,Yes,No,DSL,No,Yes,Yes,Yes,Yes,Yes,Two year,Yes,Credit card (automatic),57.24,1280.83,No
CUST-04658,Female,0,No,No,25,Yes,Yes,Fiber optic,No,No,No,Yes,Yes,No,Two year,Yes,Credit card (automatic),78.62,1951.03,No
CUST-04659,Male,0,No,No,62,Yes,No,DSL,Yes,No,Yes,Yes,No,No,Month-to-month,Yes,Electronic check,53.51,3380.94,No
CUST-04660,Male,0,No,Yes,39,Yes,No,Fiber optic,No,Yes,No,Yes,No,No,Month-to-month,No,Electronic check,63.31,2490.55,Yes
CUST-04661,Female,0,Yes,No,63,Yes,No,DSL,No,Yes,No,Yes,No,No,Month-to-month,Yes,Credit card (automatic),88.09,5551.68,Yes
CUST-04662,Female,0,Yes,No,67,Yes,No,Fiber optic,No,Yes,No,No,No,No,Month-to-month,Yes,Electronic check,82.78,5508.19,Yes
CUST-04663,Male,0,No,Yes,72,No,No phone service,Fiber optic,No,No,No,Yes,No,Yes,Month-to-month,Yes,Mailed check,60.13,4267.96,Yes
CUST-04664,Male,1,Yes,Yes,3,Yes,No,Fiber optic,No,Yes,No,No,No,No,One year,No,Credit card (automatic),67.17,181.14,No
CUST-04665,Male,0,No,Yes,72,Yes,No,No,No internet service,No internet service,No internet service,No internet service,No internet service,No internet service,Two year,Yes,Electronic check,70.89,5132.01,No
CUST-04666,Female,0,No,Yes,72,Yes,Yes,No,No internet service,No internet service,No internet service,No internet service,No internet service,No internet service,One year,Yes,Bank transfer (automatic),50.38,3654.25,No
CUST-04667,Male,0,No,Yes,63,Yes,No,Fiber optic,No,No,No,No,No,No,One year,No,Mailed check,57.04,3616.38,No
CUST-04668,Male,0,Yes,No,2,Yes,No,Fiber optic,No,Yes,No,No,No,Yes,Two year,No,Bank transfer (automatic),70.56,130.88,Yes
CUST-04669,Female,0,No,No,31,Yes,No,DSL,No,Yes,Yes,No,No,No,Month-to-month,Yes,Mailed check,49.77,1589.3,No
CUST-04670,Male,1,Yes,No,60,Yes,Yes,DSL,Yes,Yes,No,Yes,Yes,Yes,Month-to-month,Yes,Credit card (automatic),41.21,2451.58,No
CUST-04671,Male,0,No,Yes,4,Yes,No,DSL,No,No,No,No,Yes,No,Month-to-month,Yes,Credit card (automatic),78.3,260.11,Yes
CUST-04672,Female,1,No,No,8,Yes,No,Fiber optic,Yes,Yes,Yes,No,No,Yes,Month-to-month,No,Electronic check,57.58,424.65,No
CUST-04673,Male,1,No,No,34,Yes,Yes,DSL,No,No,Yes,No,No,Yes,Month-to-month,Yes,Credit card (automatic),82.12,2801.03,No
CUST-04674,Female,0,No,No,37,Yes,No,DSL,No,No,No,No,No,No,One year,Yes,Bank transfer (automatic),41.41,1534.53,No
CUST-04675,Female,0,Yes,No,63,Yes,No,Fiber optic,Yes,Yes,No,Yes,No,Yes,One year,Yes,Mailed check,74.98,4793.49,No
CUST-04676,Male,0,No,No,61,Yes,No,DSL,Yes,Yes,Yes,No,Yes,No,One year,Yes,Electronic check,72.99,4503.56,No
CUST-04677,Female,0,No,No,30,Yes,No,DSL,Yes,No,No,Yes,Yes,Yes,Month-to-month,No,Bank transfer (automatic),50.87,1471.5,No
CUST-04678,Female,0,Yes,No,12,Yes,No,Fiber optic,No,Yes,Yes,No,No,Yes,One year,No,Mailed check,62.32,718.83,No
CUST-04679,Female,0,No,No,15,No,No phone service,DSL,Yes,No,No,No,No,No,One year,Yes,Credit card (automatic),55.52,832.28,No
CUST-04680,Male,1,No,Yes,12,Yes,Yes,Fiber optic,No,No,Yes,No,No,Yes,Month-to-month,No,Bank transfer (automatic),63.94,704.43,Yes
CUST-04681,Male,0,No,Yes,2,Yes,No,No,No internet service,No internet service,No internet service,No internet service,No internet service,No internet service,Month-to-month,Yes,Mailed check,65.33,106.81,No
CUST-04682,Male,0,No,No,4,Yes,Yes,Fiber optic,No,No,Yes,No,No,No,Month-to-month,Yes,Credit card (automatic),46.42,209.58,No
CUST-04683,Female,0,Yes,Yes,25,Yes,No,DSL,No,Yes,Yes,No,Yes,No,One year,Yes,Electronic check,40.51,1034.61,No
CUST-04684,Male,0,No,No,0,Yes,No,No,No internet service,No internet service,No internet service,No internet service,No internet service,No internet service,One year,Yes,Electronic check,75.77,21.24,No
CUST-04685,Female,0,Yes,Yes,47,Yes,Yes,Fiber optic,Yes,No,Yes,No,No,Yes,One year,No,Mailed check,69.73,3278.6,No
CUST-04686,Female,0,No,No,72,Yes,Yes,Fiber optic,No,No,No,No,No,Yes,Month-to-month,No,Mailed check,78.87,5747.77,No
CUST-04687,Female,0,Yes,Yes,48,Yes,No,Fiber optic,No,Yes,Yes,No,Yes,Yes,Month-to-month,Yes,Mailed check,85.4,4032.44,Yes
CUST-04688,Male,1,No,No,21,Yes,Yes,Fiber optic,No,No,Yes,Yes,Yes,Yes,Month-to-month,Yes,Mailed check,74.05,1602.56,No
CUST-04689,Male,0,Yes,No,37,Yes,Yes,Fiber optic,No,No,No,No,Yes,No,Two year,Yes,Mailed check,74.46,2777.82,No
CUST-04690,Female,1,Yes,No,35,Yes,Yes,DSL,Yes,No,No,Yes,Yes,No,Month-to-month,No,Bank transfer (automatic),66.29,2330.22,No
CUST-04691,Male,0,Yes,Yes,47,Yes,No,Fiber optic,Yes,No,Yes,No,Yes,No,Month-to-month,Yes,Mailed check,70.67,3322.29,No
CUST-04692,Male,0,No,No,57,Yes,No,DSL,No,No,Yes,No,No,No,Month-to-month,No,Electronic check,32.98,1884.01,No
CUST-04693,Female,0,Yes,No,60,Yes,Yes,Fiber optic,Yes,No,No,No,Yes,No,One year,Yes,Bank transfer (automatic),81.71,4804.8,No
CUST-04694,Female,0,Yes,Yes,2,Yes,No,No,No internet service,No internet service,No internet service,No internet service,No internet service,No internet service,Two year,No,Credit card (automatic),73.19,130.68,No
CUST-04695,Female,1,Yes,Yes,44,Yes,No,Fiber optic,No,No,No,Yes,No,No,Month-to-month,Yes,Electronic check,83.94,3729.66,Yes
CUST-04696,Female,0,Yes,No,17,Yes,No,DSL,No,No,No,No,Yes,Yes,Month-to-month,Yes,Credit card (automatic),28.89,419.5,Yes
CUST-04697,Male,0,No,No,9,Yes,Yes,Fiber optic,No,No,Yes,Yes,Yes,Yes,Two year,Yes,Bank transfer (automatic),85.59,824.69,No
CUST-04698,Male,0,No,No,2,Yes,No,No,No internet service,No internet service,No internet service,No internet service,No internet service,No internet service,One year,No,Mailed check,55.13,133.31,No
CUST-04699,Male,0,Yes,Yes,20,Yes,Yes,DSL,No,Yes,Yes,No,Yes,No,Month-to-month,Yes,Bank transfer (automatic),53.83,1160.93,Yes
CUST-04700,Male,0,Yes,No,1,Yes,No,Fiber optic,No,No,Yes,No,No,Yes,Two year,No,Electronic check,52.98,40.02,No
CUST-04701,Female,0,Yes,No,51,Yes,Yes,DSL,No,No,No,Yes,No,Yes,Month-to-month,No,Electronic check,44.83,2287.08,No
CUST-04702,Male,1,Yes,No,1,Yes,No,No,No internet service,No internet service,No internet service,No internet service,No internet service,No internet service,Two year,Yes,Electronic check,51.92,38.24,No
CUST-04703,Female,0,Yes,No,1,Yes,No,DSL,Yes,No,No,Yes,Yes,Yes,Month-to-month,No,Bank transfer (automatic),48.31,18.0,No
CUST-04704,Female,0,Yes,No,69,Yes,Yes,Fiber optic,No,No,No,No,No,No,Two year,No,Bank transfer (automatic),97.79,6757.69,No
CUST-04705,Female,0,Yes,No,0,Yes,Yes,Fiber optic,No,No,Yes,No,Yes,Yes,Two year,No,Electronic check,39.0,31.15,No
CUST-04706,Male,0,Yes,No,43,Yes,Yes,Fiber optic,Yes,No,No,No,No,No,One year,Yes,Electronic check,70.51,3133.87,No
CUST-04707,Male,1,No,No,49,Yes,Yes,No,No internet service,No internet service,No internet service,No internet service,No internet service,No internet service,One year,Yes,Bank transfer (automatic),20.7,1008.76,No
CUST-04708,Female,0,Yes,Yes,11,Yes,No,No,No internet service,No internet service,No internet service,No internet service,No internet service,No internet service,Two year,Yes,Electronic check,20.38,177.84,No
CUST-04709,Female,0,No,No,67,Yes,Yes,Fiber optic,No,Yes,No,Yes,No,No,Month-to-month,No,Mailed check,45.09,3008.63,Yes
CUST-04710,Male,0,No,No,27,Yes,Yes,Fiber optic,No,No,No,No,Yes,Yes,Two year,No,Electronic check,39.71,1052.19,No
CUST-04711,Male,1,No,Yes,7,Yes,No,Fiber optic,Yes,No,No,Yes,Yes,No,One year,No,Electronic check,67.34,558.57,Yes
CUST-04712,Female,0,Yes,No,1,Yes,Yes,DSL,No,No,No,No,Yes,No,Month-to-month,Yes,Electronic check,43.08,18.0,No
CUST-04713,Female,1,No,No,3,Yes,No,DSL,Yes,Yes,No,No,No,Yes,Month-to-month,Yes,Credit card (automatic),32.76,146.61,No
CUST-04714,Male,0,No,Yes,15,Yes,Yes,DSL,Yes,Yes,Yes,Yes,Yes,No,One year,Yes,Bank transfer (automatic),47.76,731.99,No
CUST-04715,Male,1,No,No,70,Yes,Yes,DSL,No,No,No,Yes,Yes,Yes,Month-to-month,No,Bank transfer (automatic),51.36,3653.63,No
CUST-04716,Female,0,No,Yes,72,No,No phone service,Fiber optic,Yes,No,No,No,No,No,Two year,No,Electronic check,71.27,5113.44,No
CUST-04717,Female,0,Yes,No,58,Yes,Yes,DSL,No,No,Yes,No,No,No,Month-to-month,No,Mailed check,51.04,2901.6,No
CUST-04718,Female,0,No,No,20,Yes,Yes,DSL,Yes,Yes,No,No,No,Yes,Month-to-month,Yes,Bank transfer (automatic),51.72,1132.63,No
CUST-04719,Male,0,No,No,36,No,No phone service,No,No internet service,No internet service,No internet service,No internet service,No internet service,No internet service,One year,Yes,Electronic check,54.22,1976.34,No
CUST-04720,Male,1,Yes,No,7,Yes,Yes,DSL,No,No,No,No,Yes,No,One year,No,Bank transfer (automatic),38.6,352.68,No
CUST-04721,Female,1,Yes,No,46,Yes,Yes,DSL,No,No,No,No,No,Yes,Month-to-month,No,Bank transfer (automatic),79.9,3761.55,No
CUST-04722,Female,0,No,No,62,Yes,No,Fiber optic,No,No,Yes,No,Yes,No,Month-to-month,Yes,Mailed check,75.05,4626.15,Yes
CUST-04723,Female,1,Yes,No,0,Yes,No,No,No internet service,No internet service,No internet service,No internet service,No internet service,No internet service,Month-to-month,No,Mailed check,62.38,30.02,No
CUST-04724,Male,0,No,No,35,Yes,No,No,No internet service,No internet service,No internet service,No internet service,No internet service,No internet service,Month-to-month,Yes,Electronic check,46.5,1665.0,Yes
CUST-04725,Male,0,Yes,No,72,Yes,No,DSL,No,Yes,No,Yes,No,Yes,One year,Yes,Mailed check,62.69,4515.65,No
CUST-04726,Male,0,No,No,32,Yes,Yes,Fiber optic,No,Yes,Yes,No,No,No,Month-to-month,Yes,Bank transfer (automatic),54.98,1803.18,No
CUST-04727,Male,0,Yes,No,20,No,No phone service,Fiber optic,No,Yes,No,No,No,No,Month-to-month,Yes,Electronic check,48.92,1040.43,Yes
CUST-04728,Female,0,No,No,4,Yes,No,Fiber optic,No,No,Yes,Yes,No,Yes,Month-to-month,Yes,Bank transfer (automatic),58.63,199.57,Yes
CUST-04729,Male,0,No,No,55,Yes,No,Fiber optic,No,Yes,Yes,No,No,No,One year,Yes,Electronic check,51.99,2947.02,No
CUST-04730,Female,0,No,No,45,Yes,Yes,DSL,No,No,No,No,No,Yes,Two year,No,Credit card (automatic),64.77,2925.48,No
CUST-04731,Female,0,Yes,Yes,63,Yes,No,No,No internet service,No internet service,No internet service,No internet service,No internet service,No internet service,Month-to-month,Yes,Bank transfer (automatic),44.65,2808.65,No
CUST-04732,Female,0,Yes,No,1,No,No phone service,Fiber optic,No,Yes,No,No,No,No,Two year,Yes,Credit card (automatic),52.54,37.93,No
CUST-04733,Female,0,Yes,Yes,65,Yes,Yes,Fiber optic,No,No,No,Yes,Yes,No,Month-to-month,Yes,Mailed check,83.93,5394.94,No
CUST-04734,Male,0,Yes,No,3,Yes,No,Fiber optic,No,No,No,No,No,No,One year,No,Electronic check,78.49,312.9,No
CUST-04735,Female,0,No,Yes,54,Yes,No,Fiber optic,No,No,No,No,No,Yes,Two year,Yes,Electronic check,45.54,2454.56,No
CUST-04736,Male,0,Yes,No,72,Yes,No,No,No internet service,No internet service,No internet service,No internet service,No internet service,No internet service,Two year,Yes,Electronic check,60.37,4290.83,No
CUST-04737,Male,0,Yes,Yes,38,Yes,No,DSL,No,Yes,No,Yes,No,Yes,Month-to-month,Yes,Electronic check,70.04,2707.21,No
CUST-04738,Male,0,No,No,48,Yes,Yes,DSL,Yes,No,No,No,No,No,One year,Yes,Bank transfer (automatic),29.53,1364.02,No
CUST-04739,Male,0,Yes,No,66,Yes,No,Fiber optic,Yes,No,No,No,Yes,No,Month-to-month,Yes,Electronic check,60.18,3951.0,No
CUST-04740,Female,0,Yes,No,1,Yes,Yes,DSL,No,No,Yes,Yes,Yes,No,Month-to-month,No,Mailed check,47.3,52.69,No
CUST-04741,Male,0,No,No,15,Yes,No,DSL,No,No,Yes,No,Yes,No,One year,Yes,Electronic check,41.07,508.42,No
CUST-04742,Male,1,Yes,No,52,Yes,No,DSL,No,No,No,Yes,Yes,No,Two year,Yes,Credit card (automatic),81.16,4256.15,No
CUST-04743,Male,0,No,Yes,14,Yes,Yes,Fiber optic,No,No,No,No,No,Yes,Two year,Yes,Electronic check,68.38,972.3,Yes
CUST-04744,Male,1,No,No,4,Yes,Yes,No,No internet service,No internet service,No internet service,No internet service,No internet service,No internet service,Month-to-month,No,Credit card (automatic),18.0,18.0,No
CUST-04745,Female,1,Yes,No,29,Yes,No,Fiber optic,Yes,No,No,No,Yes,No,Month-to-month,Yes,Bank transfer (automatic),63.65,1960.16,Yes
CUST-04746,Male,0,No,No,40,No,No phone service,Fiber optic,No,No,Yes,No,Yes,No,One year,No,Bank transfer (automatic),65.2,2574.17,No
CUST-04747,Female,0,No,No,64,Yes,Yes,No,No internet service,No internet service,No internet service,No internet service,No internet service,No internet service,Month-to-month,No,Electronic check,34.19,2083.7,No
CUST-04748,Male,0,Yes,No,40,No,No phone service,No,No internet service,No internet service,No internet service,No internet service,No internet service,No internet service,One year,No,Bank transfer (automatic),49.77,1975.27,No
CUST-04749,Female,0,No,No,1,Yes,Yes,DSL,No,No,Yes,No,No,Yes,Month-to-month,No,Mailed check,34.36,18.0,No
CUST-04750,Male,0,Yes,No,60,Yes,No,DSL,No,No,No,No,Yes,Yes,Month-to-month,Yes,Bank transfer (automatic),78.83,4745.54,Yes
CUST-04751,Male,1,No,No,7,Yes,Yes,Fiber optic,Yes,No,No,Yes,Yes,No,Month-to-month,Yes,Electronic check,72.75,475.52,No
CUST-04752,Male,0,No,No,6,Yes,Yes,No,No internet service,No internet service,No internet service,No internet service,No internet service,No internet service,Month-to-month,Yes,Electronic check,45.48,269.98,No
CUST-04753,Female,0,Yes,No,18,Yes,Yes,No,No internet service,No internet service,No internet service,No internet service,No internet service,No internet service,One year,Yes,Electronic check,38.32,726.73,No
CUST-04754,Female,0,Yes,No,28,Yes,Yes,DSL,No,No,No,No,Yes,No,One year,No,Mailed check,80.1,2235.85,No
CUST-04755,Male,0,Yes,Yes,60,Yes,Yes,No,No internet service,No internet service,No internet service,No internet service,No internet service,No internet service,Month-to-month,Yes,Electronic check,34.62,2035.19,No
CUST-04756,Female,0,No,No,43,Yes,No,DSL,Yes,No,No,No,No,No,Month-to-month,Yes,Electronic check,53.03,2288.78,No
CUST-04757,Female,1,No,No,38,Yes,No,Fiber optic,No,No,No,No,No,No,One year,No,Mailed check,78.91,2977.18,No
CUST-04758,Male,0,Yes,Yes,20,No,No phone service,No,No internet service,No internet service,No internet service,No internet service,No internet service,No internet service,Month-to-month,No,Credit card (automatic),41.62,862.05,Yes
CUST-04759,Male,0,Yes,No,57,Yes,Yes,Fiber optic,No,No,No,No,Yes,Yes,One year,Yes,Credit card (automatic),74.8,4213.12,No
CUST-04760,Female,0,No,Yes,2,Yes,No,Fiber optic,No,Yes,Yes,No,Yes,Yes,Month-to-month,Yes,Credit card (automatic),88.94,159.89,No
CUST-04761,Female,0,Yes,No,3,Yes,Yes,DSL,No,No,Yes,No,Yes,No,One year,Yes,Bank transfer (automatic),64.54,212.36,No
CUST-04762,Female,0,Yes,No,56,Yes,Yes,No,No internet service,No internet service,No internet service,No internet service,No internet service,No internet service,Two year,Yes,Mailed check,43.44,2452.67,No
CUST-04763,Male,0,Yes,Yes,60,Yes,No,DSL,No,No,No,No,No,No,One year,Yes,Bank transfer (automatic),50.1,3053.25,No
CUST-04764,Male,0,No,Yes,36,Yes,No,Fiber optic,No,No,Yes,No,No,No,Two year,Yes,Mailed check,84.46,3007.3,No
CUST-04765,Male,0,Yes,No,12,Yes,Yes,DSL,No,No,No,Yes,No,No,Month-to-month,Yes,Bank transfer (automatic),51.23,549.98,No
CUST-04766,Male,1,No,Yes,72,No,No phone service,DSL,No,No,Yes,No,No,Yes,Two year,No,Mailed check,43.6,3224.38,No
CUST-04767,Female,0,No,Yes,50,Yes,No,DSL,No,No,Yes,No,Yes,No,Month-to-month,Yes,Credit card (automatic),59.82,2943.52,No
CUST-04768,Male,0,Yes,No,30,Yes,No,DSL,No,No,No,No,No,Yes,Month-to-month,No,Electronic check,74.39,2204.81,No
CUST-04769,Male,0,No,No,2,Yes,No,DSL,No,No,No,Yes,No,No,Month-to-month,Yes,Bank transfer (automatic),64.55,153.25,No
CUST-04770,Male,1,Yes,No,2,Yes,No,DSL,No,No,No,No,Yes,Yes,Month-to-month,No,Mailed check,37.4,82.94,No
CUST-04771,Male,0,Yes,No,2,Yes,Yes,No,No internet service,No internet service,No internet service,No internet service,No internet service,No internet service,Month-to-month,Yes,Credit card (automatic),46.31,103.55,Yes
CUST-04772,Female,0,No,No,61,Yes,No,DSL,No,No,Yes,Yes,No,Yes,One year,No,Mailed check,66.95,4037.65,No
CUST-04773,Male,0,Yes,No,72,Yes,Yes,Fiber optic,Yes,Yes,No,No,Yes,Yes,Month-to-month,Yes,Electronic check,65.42,4676.15,Yes
CUST-04774,Female,0,No,Yes,66,Yes,No,Fiber optic,No,No,Yes,Yes,Yes,Yes,Two year,No,Electronic check,67.21,4446.58,No
CUST-04775,Male,0,No,No,12,Yes,No,No,No internet service,No internet service,No internet service,No internet service,No internet service,No internet service,One year,Yes,Bank transfer (automatic),98.32,1217.17,Yes
CUST-04776,Male,0,Yes,No,2,Yes,No,Fiber optic,No,No,No,No,Yes,Yes,Month-to-month,Yes,Electronic check,95.19,149.18,Yes
CUST-04777,Male,0,No,No,66,Yes,Yes,DSL,No,Yes,Yes,No,No,No,One year,Yes,Bank transfer (automatic),55.86,3675.46,No
CUST-04778,Female,0,No,Yes,6,Yes,No,DSL,No,No,Yes,No,Yes,Yes,One year,No,Bank transfer (automatic),68.88,405.52,No
CUST-04779,Male,0,Yes,No,34,No,No phone service,DSL,No,No,Yes,No,No,No,Month-to-month,Yes,Electronic check,50.17,1686.86,No
CUST-04780,Male,0,No,No,42,Yes,No,Fiber optic,No,No,No,No,No,No,One year,No,Electronic check,66.67,2741.63,Yes
CUST-04781,Female,0,No,Yes,72,Yes,Yes,Fiber optic,No,No,Yes,Yes,No,No,Month-to-month,Yes,Bank transfer (automatic),78.98,5707.47,Yes
CUST-04782,Female,0,Yes,No,20,No,No phone service,No,No internet service,No internet service,No internet service,No internet service,No internet service,No internet service,Month-to-month,No,Credit card (automatic),59.5,1141.31,No
CUST-04783,Male,0,Yes,Yes,0,Yes,Yes,No,No internet service,No internet service,No internet service,No internet service,No internet service,No internet service,Month-to-month,Yes,Credit card (automatic),55.45,43.84,Yes
CUST-04784,Female,0,Yes,No,72,Yes,No,No,No internet service,No internet service,No internet service,No internet service,No internet service,No internet service,Month-to-month,Yes,Credit card (automatic),42.24,3002.44,No
CUST-04785,Female,0,Yes,No,4,Yes,Yes,DSL,No,No,No,No,No,No,One year,Yes,Electronic check,86.81,437.78,No
CUST-04786,Male,0,Yes,Yes,1,Yes,No,Fiber optic,No,No,Yes,No,No,No,Month-to-month,Yes,Mailed check,50.02,72.8,Yes
CUST-04787,Female,0,No,No,20,No,No phone service,DSL,No,No,No,No,No,No,Month-to-month,Yes,Credit card (automatic),60.56,1141.34,Yes
CUST-04788,Male,1,No,Yes,0,No,No phone service,No,No internet service,No internet service,No internet service,No internet service,No internet service,No internet service,Month-to-month,Yes,Credit card (automatic),28.34,18.0,No
CUST-04789,Male,1,No,No,14,No,No phone service,Fiber optic,No,Yes,Yes,Yes,No,No,Two year,No,Electronic check,62.86,873.05,No
CUST-04790,Female,0,Yes,No,14,Yes,Yes,Fiber optic,No,No,No,Yes,No,No,One year,No,Mailed check,65.35,905.16,No
CUST-04791,Male,0,Yes,No,72,Yes,No,Fiber optic,No,No,Yes,No,Yes,Yes,Two year,Yes,Electronic check,100.04,7283.0,No
CUST-04792,Female,0,Yes,Yes,16,Yes,Yes,Fiber optic,Yes,Yes,Yes,Yes,No,Yes,One year,Yes,Bank transfer (automatic),61.55,1070.35,No
CUST-04793,Female,0,Yes,No,42,Yes,No,Fiber optic,No,Yes,No,Yes,No,No,Month-to-month,No,Bank transfer (automatic),87.58,3661.13,No
CUST-04794,Male,0,No,No,1,Yes,Yes,No,No internet service,No internet service,No internet service,No internet service,No internet service,No internet service,One year,Yes,Credit card (automatic),42.92,118.97,No
CUST-04795,Male,1,Yes,No,0,Yes,Yes,Fiber optic,No,No,No,No,No,Yes,Month-to-month,Yes,Electronic check,64.31,18.0,Yes
CUST-04796,Male,1,No,No,38,Yes,No,Fiber optic,No,No,Yes,No,No,No,One year,Yes,Electronic check,76.86,2865.27,Yes
CUST-04797,Female,0,Yes,No,43,Yes,Yes,Fiber optic,No,Yes,Yes,No,No,No,Month-to-month,No,Mailed check,32.38,1440.69,No
CUST-04798,Male,0,No,No,56,Yes,Yes,DSL,No,No,Yes,No,Yes,Yes,Two year,No,Bank transfer (automatic),48.99,2717.91,No
CUST-04799,Male,0,No,No,32,Yes,Yes,Fiber optic,No,No,Yes,No,No,Yes,Month-to-month,No,Credit card (automatic),79.93,2588.54,No
CUST-04800,Female,0,No,No,46,No,No phone service,DSL,No,No,No,No,Yes,No,Two year,No,Electronic check,89.76,4149.1,No
CUST-04801,Female,0,No,Yes,36,Yes,No,Fiber optic,No,No,No,No,Yes,Yes,Month-to-month,No,Mailed check,77.47,2760.88,Yes
CUST-04802,Female,1,No,No,4,Yes,No,DSL,No,No,Yes,Yes,No,No,Month-to-month,No,Credit card (automatic),26.73,132.47,No
CUST-04803,Male,1,No,No,68,No,No phone service,No,No internet service,No internet service,No internet service,No internet service,No internet service,No internet service,Month-to-month,No,Electronic check,35.58,2496.28,No
CUST-04804,Female,0,Yes,No,38,Yes,No,Fiber optic,No,No,No,No,Yes,Yes,Two year,Yes,Mailed check,51.94,1963.95,No
CUST-04805,Female,0,Yes,No,66,Yes,No,DSL,No,Yes,Yes,No,No,Yes,Month-to-month,No,Electronic check,63.39,4202.74,No
CUST-04806,Female,0,No,No,11,No,No phone service,Fiber optic,Yes,No,No,No,No,No,Two year,No,Electronic check,82.31,874.2,No
CUST-04807,Male,0,Yes,Yes,11,Yes,No,No,No internet service,No internet service,No internet service,No internet service,No internet service,No internet service,Two year,Yes,Electronic check,23.33,292.93,No
CUST-04808,Female,0,No,No,41,Yes,No,DSL,No,Yes,No,No,No,Yes,Month-to-month,No,Electronic check,73.81,2970.69,Yes
CUST-04809,Male,0,Yes,No,23,Yes,Yes,Fiber optic,No,No,Yes,No,No,Yes,One year,Yes,Electronic check,56.29,1310.17,No
CUST-04810,Female,0,No,Yes,19,Yes,No,No,No internet service,No internet service,No internet service,No internet service,No internet service,No internet service,Month-to-month,No,Credit card (automatic),32.54,580.67,Yes
CUST-04811,Male,0,Yes,Yes,72,Yes,No,DSL,No,Yes,No,No,No,No,Month-to-month,Yes,Bank transfer (automatic),33.98,2428.52,Yes
CUST-04812,Male,0,No,Yes,1,Yes,Yes,No,No internet service,No internet service,No internet service,No internet service,No internet service,No internet service,Two year,No,Electronic check,37.09,18.0,No
CUST-04813,Female,0,Yes,No,46,Yes,No,No,No internet service,No internet service,No internet service,No internet service,No internet service,No internet service,Month-to-month,Yes,Mailed check,46.02,2065.52,No
CUST-04814,Female,0,Yes,No,67,Yes,No,Fiber optic,No,No,Yes,Yes,Yes,No,Month-to-month,Yes,Bank transfer (automatic),85.92,5681.38,No
CUST-04815,Female,0,No,Yes,2,No,No phone service,Fiber optic,No,No,No,No,No,Yes,Month-to-month,Yes,Electronic check,43.64,60.1,Yes
CUST-04816,Male,0,Yes,No,63,Yes,No,No,No internet service,No internet service,No internet service,No internet service,No internet service,No internet service,One year,Yes,Electronic check,27.11,1723.53,No
CUST-04817,Female,0,Yes,No,3,Yes,Yes,DSL,No,No,No,No,No,Yes,Month-to-month,Yes,Mailed check,71.36,169.1,No
CUST-04818,Male,0,No,No,71,Yes,No,DSL,No,No,No,Yes,Yes,No,Two year,No,Credit card (automatic),50.34,3515.46,No
CUST-04819,Female,0,No,No,9,Yes,Yes,DSL,No,Yes,Yes,No,No,Yes,Month-to-month,No,Electronic check,39.62,323.27,No
CUST-04820,Female,0,Yes,No,52,Yes,Yes,Fiber optic,No,No,No,No,Yes,No,One year,Yes,Mailed check,79.1,4126.36,Yes
CUST-04821,Female,0,No,No,59,Yes,No,Fiber optic,Yes,No,Yes,No,No,No,Two year,No,Electronic check,61.84,3580.5,No
CUST-04822,Female,0,Yes,No,30,Yes,No,No,No internet service,No internet service,No internet service,No internet service,No internet service,No internet service,Two year,No,Electronic check,31.59,929.32,No
CUST-04823,Female,0,Yes,No,62,Yes,No,DSL,No,No,No,No,Yes,No,Two year,No,Bank transfer (automatic),53.61,3393.33,No
CUST-04824,Female,0,No,No,0,Yes,No,Fiber optic,Yes,Yes,No,Yes,Yes,Yes,Month-to-month,Yes,Electronic check,78.14,18.0,No
CUST-04825,Male,0,Yes,No,71,Yes,No,Fiber optic,No,No,Yes,Yes,Yes,Yes,Month-to-month,Yes,Mailed check,50.78,3645.3,Yes
CUST-04826,Male,0,Yes,No,46,Yes,No,DSL,Yes,No,No,No,Yes,Yes,One year,No,Credit card (automatic),70.74,3198.19,No
CUST-04827,Male,0,Yes,No,1,Yes,No,No,No internet service,No internet service,No internet service,No internet service,No internet service,No internet service,Month-to-month,No,Bank transfer (automatic),43.07,118.47,No
CUST-04828,Female,0,No,Yes,4,Yes,Yes,DSL,No,No,Yes,No,No,Yes,Two year,No,Mailed check,53.68,102.6,Yes
CUST-04829,Female,1,No,No,49,Yes,No,DSL,Yes,No,No,Yes,No,No,Month-to-month,Yes,Mailed check,42.96,1983.06,No
CUST-04830,Male,1,Yes,Yes,29,Yes,No,DSL,No,No,No,No,Yes,No,Two year,Yes,Electronic check,46.3,1363.39,No
CUST-04831,Male,0,No,Yes,24,Yes,No,No,No internet service,No internet service,No internet service,No internet service,No internet service,No internet service,Month-to-month,No,Mailed check,33.92,800.83,Yes
CUST-04832,Male,0,No,No,19,Yes,Yes,Fiber optic,No,No,Yes,No,No,No,One year,No,Bank transfer (automatic),86.34,1642.29,Yes
CUST-04833,Male,0,Yes,Yes,1,Yes,No,No,No internet service,No internet service,No internet service,No internet service,No internet service,No internet service,Month-to-month,No,Mailed check,47.58,18.0,No
CUST-04834,Male,0,No,No,6,Yes,Yes,Fiber optic,No,No,Yes,Yes,No,No,Two year,Yes,Bank transfer (automatic),62.46,406.22,No
CUST-04835,Female,0,Yes,No,49,Yes,Yes,No,No internet service,No internet service,No internet service,No internet service,No internet service,No internet service,Two year,Yes,Bank transfer (automatic),32.45,1516.08,No
CUST-04836,Female,0,Yes,No,36,Yes,Yes,Fiber optic,No,No,No,No,No,Yes,One year,Yes,Electronic check,70.24,2581.1,No
CUST-04837,Male,1,Yes,No,72,Yes,No,No,No internet service,No internet service,No internet service,No internet service,No internet service,No internet service,Month-to-month,No,Bank transfer (automatic),52.43,3877.13,Yes
CUST-04838,Male,0,Yes,Yes,29,Yes,No,No,No internet service,No internet service,No internet service,No internet service,No internet service,No internet service,One year,Yes,Mailed check,39.73,1054.28,No
CUST-04839,Female,0,No,Yes,53,Yes,No,Fiber optic,Yes,No,Yes,No,Yes,Yes,Two year,Yes,Mailed check,70.45,3765.86,No
CUST-04840,Female,1,No,No,58,Yes,No,DSL,No,Yes,No,Yes,No,No,Two year,Yes,Mailed check,56.09,3346.35,No
CUST-04841,Female,0,No,Yes,5,Yes,No,No,No internet service,No internet service,No internet service,No internet service,No internet service,No internet service,One year,Yes,Credit card (automatic),36.65,200.74,No
CUST-04842,Male,0,Yes,No,72,Yes,Yes,Fiber optic,Yes,No,No,No,No,Yes,Month-to-month,No,Credit card (automatic),70.22,5031.92,Yes
CUST-04843,Male,0,Yes,Yes,50,Yes,No,Fiber optic,Yes,Yes,No,Yes,No,Yes,Two year,Yes,Bank transfer (automatic),100.74,4991.39,No
CUST-04844,Male,1,Yes,No,67,Yes,Yes,Fiber optic,No,Yes,No,No,No,No,Month-to-month,Yes,Bank transfer (automatic),73.83,4963.42,Yes
CUST-04845,Female,0,Yes,Yes,72,Yes,No,Fiber optic,No,Yes,Yes,No,No,No,Month-to-month,Yes,Credit card (automatic),69.42,5028.31,No
CUST-04846,Female,0,No,No,72,Yes,Yes,Fiber optic,No,No,No,No,Yes,No,Two year,Yes,Electronic check,51.89,3684.14,No
CUST-04847,Female,0,No,Yes,58,Yes,Yes,Fiber optic,Yes,No,No,No,No,Yes,Two year,No,Electronic check,89.6,5239.14,No
CUST-04848,Male,0,No,No,34,Yes,No,Fiber optic,No,No,No,No,No,Yes,Month-to-month,Yes,Credit card (automatic),57.9,1977.92,No
CUST-04849,Male,0,No,Yes,4,Yes,No,No,No internet service,No internet service,No internet service,No internet service,No internet service,No internet service,Month-to-month,Yes,Credit card (automatic),49.94,85.82,No
CUST-04850,Female,0,Yes,Yes,16,Yes,No,Fiber optic,Yes,No,No,No,No,No,Month-to-month,No,Credit card (automatic),41.44,688.4,No
CUST-04851,Female,0,Yes,Yes,71,Yes,No,Fiber optic,No,Yes,No,No,Yes,Yes,One year,Yes,Credit card (automatic),55.81,3862.81,No
CUST-04852,Female,0,Yes,No,4,Yes,Yes,DSL,No,No,No,No,No,No,Month-to-month,No,Electronic check,44.93,154.05,Yes
CUST-04853,Male,0,No,No,33,Yes,No,Fiber optic,No,Yes,No,No,No,No,Two year,Yes,Electronic check,61.53,2091.05,Yes
CUST-04854,Male,0,Yes,No,60,Yes,Yes,DSL,No,Yes,Yes,No,Yes,No,Month-to-month,Yes,Electronic check,49.92,3009.41,No
CUST-04855,Male,0,Yes,No,42,Yes,No,Fiber optic,No,No,No,No,Yes,Yes,Two year,Yes,Electronic check,93.11,3872.15,Yes
CUST-04856,Female,0,No,No,0,Yes,Yes,No,No internet service,No internet service,No internet service,No internet service,No internet service,No internet service,One year,No,Electronic check,44.0,33.26,No
CUST-04857,Female,0,Yes,Yes,27,Yes,Yes,DSL,No,No,Yes,No,Yes,No,Two year,No,Mailed check,74.38,1984.05,No
CUST-04858,Female,0,No,No,4,Yes,No,Fiber optic,Yes,Yes,No,No,No,No,Month-to-month,Yes,Bank transfer (automatic),57.93,282.75,Yes
CUST-04859,Male,0,Yes,No,7,Yes,No,DSL,Yes,No,No,Yes,Yes,No,Month-to-month,Yes,Bank transfer (automatic),35.07,209.76,No
CUST-04860,Female,0,No,Yes,57,Yes,Yes,No,No internet service,No internet service,No internet service,No internet service,No internet service,No internet service,Two year,Yes,Credit card (automatic),67.44,3819.9,Yes
CUST-04861,Male,0,Yes,Yes,9,Yes,No,DSL,No,No,No,No,No,No,Month-to-month,Yes,Electronic check,43.38,405.9,Yes
CUST-04862,Female,0,No,No,10,No,No phone service,No,No internet service,No internet service,No internet service,No internet service,No internet service,No internet service,Month-to-month,Yes,Electronic check,49.26,561.8,No
CUST-04863,Female,0,No,Yes,62,Yes,Yes,Fiber optic,Yes,No,Yes,No,Yes,No,Month-to-month,No,Credit card (automatic),67.5,4190.05,No
CUST-04864,Female,0,Yes,Yes,0,Yes,No,No,No internet service,No internet service,No internet service,No internet service,No internet service,No internet service,Month-to-month,No,Mailed check,27.98,21.35,No
CUST-04865,Female,1,No,No,36,Yes,No,Fiber optic,No,No,Yes,No,No,No,Two year,No,Electronic check,54.49,1960.36,Yes
CUST-04866,Female,0,No,Yes,54,Yes,No,Fiber optic,No,Yes,No,No,Yes,Yes,One year,No,Electronic check,49.2,2724.64,No
CUST-04867,Male,0,No,No,39,Yes,Yes,Fiber optic,No,No,No,Yes,No,Yes,Month-to-month,No,Mailed check,59.39,2228.92,Yes
CUST-04868,Male,0,No,No,71,Yes,No,Fiber optic,Yes,No,No,No,No,No,Month-to-month,Yes,Bank transfer (automatic),74.27,5197.36,Yes
CUST-04869,Female,0,No,No,2,Yes,No,DSL,No,No,No,No,No,Yes,Two year,No,Mailed check,58.78,70.1,No
CUST-04870,Female,0,Yes,No,0,Yes,No,No,No internet service,No internet service,No internet service,No internet service,No internet service,No internet service,Month-to-month,No,Bank transfer (automatic),39.89,45.49,Yes
CUST-04871,Male,0,Yes,No,5,Yes,No,Fiber optic,No,No,No,No,Yes,Yes,Month-to-month,No,Electronic check,80.15,422.65,Yes
CUST-04872,Female,0,Yes,No,7,Yes,Yes,Fiber optic,No,No,No,No,Yes,No,Month-to-month,No,Bank transfer (automatic),96.03,726.69,Yes
CUST-04873,Male,0,No,No,58,Yes,No,DSL,No,No,No,No,No,No,Month-to-month,No,Electronic check,55.64,3245.35,Yes
CUST-04874,Female,0,No,No,68,No,No phone service,Fiber optic,No,No,No,No,Yes,No,Two year,Yes,Mailed check,68.38,4702.69,No
CUST-04875,Male,0,No,No,1,Yes,Yes,DSL,No,Yes,Yes,No,No,Yes,Two year,Yes,Bank transfer (automatic),47.62,71.64,No
CUST-04876,Female,0,Yes,No,52,Yes,No,DSL,No,No,Yes,No,No,No,Two year,Yes,Mailed check,54.73,2876.75,No
CUST-04877,Male,1,No,No,47,Yes,Yes,Fiber optic,No,No,Yes,No,Yes,Yes,Month-to-month,No,Bank transfer (automatic),46.91,2119.56,No
CUST-04878,Male,0,No,Yes,39,Yes,No,DSL,No,Yes,No,No,No,Yes,Two year,No,Mailed check,46.11,1865.99,No
CUST-04879,Female,0,Yes,Yes,40,Yes,Yes,Fiber optic,Yes,Yes,No,No,Yes,No,One year,Yes,Credit card (automatic),79.47,3184.72,No
CUST-04880,Female,0,No,No,0,No,No phone service,Fiber optic,No,Yes,No,No,No,Yes,Two year,Yes,Mailed check,59.75,64.86,Yes
CUST-04881,Male,0,Yes,No,72,Yes,Yes,Fiber optic,No,No,No,No,No,Yes,Two year,Yes,Credit card (automatic),60.82,4441.73,No
CUST-04882,Female,0,No,No,0,Yes,No,Fiber optic,No,Yes,No,No,No,No,Month-to-month,Yes,Electronic check,50.27,18.0,Yes
CUST-04883,Male,1,Yes,No,9,Yes,No,Fiber optic,Yes,Yes,No,No,No,No,Month-to-month,No,Electronic check,83.3,719.36,Yes
CUST-04884,Male,0,No,Yes,4,Yes,No,Fiber optic,No,No,Yes,No,No,No,One year,Yes,Credit card (automatic),52.19,263.72,No
CUST-04885,Male,0,Yes,No,12,Yes,Yes,No,No internet service,No internet service,No internet service,No internet service,No internet service,No internet service,Two year,Yes,Credit card (automatic),50.68,562.47,No
CUST-04886,Male,0,Yes,No,29,Yes,No,DSL,No,Yes,Yes,No,No,Yes,Month-to-month,Yes,Bank transfer (automatic),81.13,2369.24,No
CUST-04887,Female,1,No,No,62,Yes,Yes,Fiber optic,Yes,Yes,No,No,No,Yes,One year,Yes,Bank transfer (automatic),67.83,4102.97,No
CUST-04888,Female,0,No,No,11,Yes,No,No,No internet service,No internet service,No internet service,No internet service,No internet service,No internet service,Month-to-month,Yes,Mailed check,65.83,741.66,No
CUST-04889,Male,0,Yes,No,21,Yes,No,DSL,No,No,Yes,No,No,Yes,Month-to-month,Yes,Electronic check,55.07,1199.58,No
CUST-04890,Male,0,Yes,No,72,Yes,No,Fiber optic,No,No,Yes,No,No,No,One year,No,Bank transfer (automatic),72.75,5272.09,No
CUST-04891,Female,0,No,No,51,No,No phone service,DSL,Yes,No,No,No,No,No,Month-to-month,No,Credit card (automatic),39.74,2007.3,No
CUST-04892,Female,0,No,No,38,Yes,Yes,DSL,No,No,No,No,No,No,Two year,Yes,Mailed check,79.88,3002.37,No
CUST-04893,Male,0,Yes,No,49,Yes,No,DSL,No,Yes,Yes,No,No,No,Month-to-month,No,Credit card (automatic),51.32,2550.7,Yes
CUST-04894,Male,0,Yes,Yes,1,Yes,No,Fiber optic,No,Yes,No,Yes,Yes,No,Month-to-month,Yes,Credit card (automatic),66.27,128.37,No
CUST-04895,Male,1,Yes,Yes,7,Yes,No,DSL,No,No,Yes,No,No,No,Month-to-month,Yes,Mailed check,50.33,255.34,No
CUST-04896,Male,1,No,No,38,No,No phone service,DSL,Yes,No,No,No,Yes,No,Month-to-month,No,Mailed check,44.64,1684.49,No
CUST-04897,Female,0,No,No,39,Yes,No,DSL,No,Yes,No,No,No,Yes,Month-to-month,No,Electronic check,70.15,2737.83,Yes
CUST-04898,Female,0,No,No,5,Yes,No,Fiber optic,Yes,No,No,No,No,Yes,Month-to-month,Yes,Electronic check,63.48,277.31,Yes
CUST-04899,Female,0,Yes,No,52,Yes,No,DSL,No,No,No,No,No,Yes,One year,No,Bank transfer (automatic),44.34,2361.9,No
CUST-04900,Female,1,No,No,52,Yes,No,Fiber optic,No,Yes,Yes,No,No,No,Month-to-month,Yes,Credit card (automatic),64.8,3383.33,No
CUST-04901,Male,0,Yes,No,21,Yes,Yes,DSL,No,Yes,Yes,Yes,No,No,One year,Yes,Electronic check,37.01,779.46,No
CUST-04902,Female,1,No,No,26,Yes,Yes,DSL,Yes,No,No,No,No,No,Month-to-month,Yes,Electronic check,79.61,2050.64,No
CUST-04903,Female,0,Yes,No,12,Yes,Yes,No,No internet service,No internet service,No internet service,No internet service,No internet service,No internet service,Two year,Yes,Credit card (automatic),46.92,580.1,No
CUST-04904,Female,0,Yes,No,4,Yes,Yes,Fiber optic,Yes,No,No,No,Yes,Yes,One year,No,Mailed check,60.49,224.6,No
CUST-04905,Male,0,Yes,No,50,Yes,No,Fiber optic,Yes,No,No,Yes,No,No,Month-to-month,Yes,Electronic check,54.14,2663.07,No
CUST-04906,Female,0,Yes,No,0,Yes,No,No,No internet service,No internet service,No internet service,No internet service,No internet service,No internet service,One year,No,Mailed check,60.51,18.0,No
CUST-04907,Male,1,Yes,No,3,Yes,No,No,No internet service,No internet service,No internet service,No internet service,No internet service,No internet service,Month-to-month,Yes,Bank transfer (automatic),49.02,105.69,Yes
CUST-04908,Female,0,No,Yes,38,Yes,No,No,No internet service,No internet service,No internet service,No internet service,No internet service,No internet service,Month-to-month,Yes,Mailed check,22.61,854.53,Yes
CUST-04909,Female,0,No,No,15,Yes,Yes,DSL,Yes,No,No,No,No,No,Month-to-month,No,Bank transfer (automatic),18.0,313.25,No
CUST-04910,Female,0,No,No,33,Yes,Yes,DSL,No,No,Yes,Yes,No,Yes,One year,Yes,Mailed check,58.15,1843.68,No
CUST-04911,Female,1,No,Yes,25,Yes,Yes,No,No internet service,No internet service,No internet service,No internet service,No internet service,No internet service,Month-to-month,Yes,Electronic check,65.54,1645.78,Yes
CUST-04912,Female,0,Yes,No,0,Yes,No,Fiber optic,Yes,No,Yes,Yes,No,No,Month-to-month,No,Mailed check,59.37,113.26,Yes
CUST-04913,Male,0,No,Yes,3,Yes,No,Fiber optic,No,Yes,No,Yes,Yes,No,One year,Yes,Electronic check,78.08,257.66,Yes
CUST-04914,Female,0,Yes,No,1,Yes,Yes,Fiber optic,Yes,Yes,Yes,No,No,Yes,Two year,No,Electronic check,100.16,110.36,No
CUST-04915,Female,0,Yes,No,24,Yes,Yes,Fiber optic,Yes,No,Yes,No,No,No,Month-to-month,Yes,Bank transfer (automatic),50.41,1290.32,No
CUST-04916,Male,0,Yes,Yes,42,Yes,No,Fiber optic,No,Yes,No,No,No,Yes,Two year,Yes,Credit card (automatic),57.39,2301.66,No
CUST-04917,Male,1,Yes,No,31,Yes,Yes,DSL,Yes,No,No,No,No,Yes,One year,Yes,Electronic check,47.54,1556.44,No
CUST-04918,Male,0,No,No,37,Yes,Yes,DSL,No,No,No,No,Yes,No,Month-to-month,Yes,Mailed check,55.93,2028.3,No
CUST-04919,Female,0,Yes,No,41,Yes,No,DSL,No,No,No,No,Yes,No,Month-to-month,Yes,Mailed check,63.26,2610.51,No
CUST-04920,Female,0,Yes,No,20,Yes,Yes,No,No internet service,No internet service,No internet service,No internet service,No internet service,No internet service,One year,Yes,Electronic check,43.16,796.4,No
CUST-04921,Female,0,No,Yes,0,Yes,No,Fiber optic,No,No,No,No,No,Yes,One year,Yes,Electronic check,108.23,18.0,No
CUST-04922,Female,0,Yes,Yes,25,Yes,No,No,No internet service,No internet service,No internet service,No internet service,No internet service,No internet service,Month-to-month,Yes,Credit card (automatic),57.32,1417.64,Yes
CUST-04923,Female,1,No,No,1,Yes,No,Fiber optic,No,Yes,No,No,No,Yes,Month-to-month,Yes,Mailed check,75.07,80.21,Yes
CUST-04924,Female,0,Yes,No,38,Yes,No,No,No internet service,No internet service,No internet service,No internet service,No internet service,No internet service,Month-to-month,No,Bank transfer (automatic),42.17,1613.86,No
CUST-04925,Male,0,No,No,65,Yes,Yes,No,No internet service,No internet service,No internet service,No internet service,No internet service,No internet service,Two year,Yes,Electronic check,39.42,2628.16,No
CUST-04926,Male,0,No,Yes,31,Yes,No,Fiber optic,No,Yes,Yes,No,Yes,No,Month-to-month,Yes,Bank transfer (automatic),92.08,2754.73,No
CUST-04927,Male,0,Yes,No,7,Yes,No,Fiber optic,No,No,Yes,Yes,No,No,Month-to-month,No,Electronic check,38.19,253.98,Yes
CUST-04928,Female,0,No,No,54,Yes,No,Fiber optic,No,Yes,Yes,Yes,No,No,One year,No,Bank transfer (automatic),68.03,3591.35,No
CUST-04929,Male,1,Yes,No,27,Yes,No,DSL,No,No,No,No,Yes,No,Month-to-month,Yes,Bank transfer (automatic),26.81,724.13,Yes
CUST-04930,Male,0,Yes,Yes,46,Yes,Yes,DSL,No,No,No,No,No,Yes,One year,Yes,Electronic check,56.64,2714.67,Yes
CUST-04931,Male,0,No,No,0,No,No phone service,Fiber optic,No,No,No,Yes,Yes,No,Month-to-month,No,Electronic check,77.44,66.25,No
CUST-04932,Female,1,No,No,59,Yes,No,No,No internet service,No internet service,No internet service,No internet service,No internet service,No internet service,One year,No,Mailed check,23.58,1336.52,No
CUST-04933,Female,0,Yes,Yes,26,Yes,No,DSL,No,No,No,No,No,No,One year,Yes,Bank transfer (automatic),24.74,649.79,No
CUST-04934,Female,0,Yes,No,5,Yes,Yes,Fiber optic,No,Yes,No,Yes,No,No,Month-to-month,No,Electronic check,75.98,350.9,No
CUST-04935,Male,1,Yes,No,45,Yes,No,No,No internet service,No internet service,No internet service,No internet service,No internet service,No internet service,Month-to-month,No,Electronic check,50.27,2343.41,No
CUST-04936,Female,1,No,Yes,5,No,No phone service,DSL,No,Yes,Yes,No,Yes,No,Month-to-month,Yes,Credit card (automatic),31.88,192.74,Yes
CUST-04937,Female,0,No,Yes,72,Yes,Yes,No,No internet service,No internet service,No internet service,No internet service,No internet service,No internet service,One year,Yes,Bank transfer (automatic),40.93,2885.41,No
CUST-04938,Female,0,Yes,No,8,Yes,No,DSL,Yes,No,Yes,Yes,No,No,Month-to-month,Yes,Mailed check,68.96,567.54,No
CUST-04939,Male,1,No,Yes,72,Yes,No,DSL,No,No,Yes,No,No,No,Two year,Yes,Electronic check,61.74,4456.91,No
CUST-04940,Male,0,Yes,Yes,0,Yes,No,DSL,No,Yes,No,No,No,Yes,Month-to-month,Yes,Bank transfer (automatic),48.88,18.0,Yes
CUST-04941,Female,0,No,No,0,Yes,Yes,DSL,No,Yes,No,No,Yes,No,Month-to-month,Yes,Bank transfer (automatic),42.36,18.0,No
CUST-04942,Male,1,No,No,65,Yes,Yes,DSL,Yes,No,No,Yes,No,No,One year,Yes,Bank transfer (automatic),22.01,1484.55,No
CUST-04943,Female,0,No,No,12,Yes,No,Fiber optic,No,No,No,No,Yes,No,One year,Yes,Electronic check,60.51,761.69,No
CUST-04944,Female,0,Yes,No,35,Yes,No,DSL,Yes,No,No,Yes,Yes,No,Two year,No,Mailed check,63.8,2243.19,No
CUST-04945,Male,0,Yes,No,3,Yes,No,No,No internet service,No internet service,No internet service,No internet service,No internet service,No internet service,Month-to-month,No,Mailed check,44.34,114.11,No
CUST-04946,Female,0,Yes,No,32,Yes,No,Fiber optic,No,Yes,No,No,No,No,Month-to-month,Yes,Electronic check,75.85,2424.45,Yes
CUST-04947,Male,0,No,Yes,59,Yes,Yes,Fiber optic,No,No,No,No,Yes,No,Two year,Yes,Bank transfer (automatic),99.13,5827.69,No
CUST-04948,Female,0,No,No,62,Yes,No,Fiber optic,No,No,No,Yes,Yes,No,Month-to-month,Yes,Mailed check,66.43,4078.32,No
CUST-04949,Male,0,Yes,No,0,Yes,Yes,DSL,No,No,No,No,No,No,Month-to-month,Yes,Electronic check,27.3,18.0,No
CUST-04950,Male,0,Yes,No,0,Yes,Yes,Fiber optic,No,No,No,No,No,No,Month-to-month,Yes,Bank transfer (automatic),62.81,20.52,No
CUST-04951,Male,0,Yes,No,0,No,No phone service,DSL,No,No,No,Yes,Yes,Yes,Month-to-month,Yes,Electronic check,69.68,67.16,No
CUST-04952,Male,0,No,No,50,Yes,No,No,No internet service,No internet service,No internet service,No internet service,No internet service,No internet service,Two year,Yes,Bank transfer (automatic),63.24,3182.68,No
CUST-04953,Female,0,No,No,21,No,No phone service,Fiber optic,Yes,No,No,No,Yes,No,Month-to-month,No,Credit card (automatic),44.02,873.47,No
CUST-04954,Male,0,Yes,No,2,Yes,No,DSL,No,No,No,No,No,No,Two year,No,Credit card (automatic),43.68,41.1,No
CUST-04955,Male,0,No,No,44,Yes,No,Fiber optic,No,No,Yes,Yes,No,Yes,One year,No,Electronic check,61.65,2750.19,No
CUST-04956,Male,0,Yes,Yes,45,Yes,No,DSL,No,No,Yes,No,No,No,Two year,Yes,Electronic check,74.4,3315.96,No
CUST-04957,Male,0,No,No,2,No,No phone service,No,No internet service,No internet service,No internet service,No internet service,No internet service,No internet service,Month-to-month,Yes,Electronic check,31.56,58.13,Yes
CUST-04958,Male,0,Yes,Yes,48,Yes,No,Fiber optic,No,Yes,No,No,No,Yes,One year,No,Electronic check,78.89,3770.48,Yes
CUST-04959,Female,0,Yes,No,17,Yes,Yes,Fiber optic,Yes,No,No,Yes,Yes,Yes,Month-to-month,Yes,Mailed check,30.46,447.46,No
CUST-04960,Female,0,No,Yes,43,Yes,Yes,DSL,No,No,No,Yes,No,No,One year,Yes,Credit card (automatic),46.25,2014.32,No
CUST-04961,Male,0,No,No,3,Yes,Yes,Fiber optic,No,No,No,No,No,Yes,Month-to-month,No,Bank transfer (automatic),60.36,154.79,No
CUST-04962,Female,0,Yes,No,19,Yes,Yes,No,No internet service,No internet service,No internet service,No internet service,No internet service,No internet service,Month-to-month,Yes,Bank transfer (automatic),40.63,697.27,Yes
CUST-04963,Female,0,No,No,34,Yes,Yes,Fiber optic,No,No,Yes,Yes,Yes,No,Two year,Yes,Electronic check,39.53,1349.99,No
CUST-04964,Male,0,No,No,52,No,No phone service,Fiber optic,Yes,No,Yes,No,Yes,No,Month-to-month,No,Electronic check,74.37,3867.81,Yes
CUST-04965,Female,1,Yes,Yes,2,Yes,No,DSL,No,No,Yes,No,Yes,Yes,Month-to-month,No,Credit card (automatic),63.25,208.99,No
CUST-04966,Male,0,No,No,72,Yes,Yes,No,No internet service,No internet service,No internet service,No internet service,No internet service,No internet service,Month-to-month,Yes,Mailed check,48.19,3466.37,No
CUST-04967,Male,0,No,No,72,Yes,Yes,Fiber optic,No,No,Yes,No,No,No,Month-to-month,No,Mailed check,78.32,5533.5,Yes
CUST-04968,Male,0,Yes,No,35,Yes,No,Fiber optic,No,No,Yes,No,Yes,Yes,Month-to-month,No,Electronic check,70.88,2547.66,Yes
CUST-04969,Male,0,No,No,26,No,No phone service,DSL,Yes,Yes,Yes,Yes,No,Yes,Two year,No,Electronic check,55.28,1466.88,No
CUST-04970,Female,1,No,No,65,Yes,No,DSL,Yes,No,Yes,No,No,No,Month-to-month,Yes,Electronic check,43.55,2794.12,Yes
CUST-04971,Female,0,Yes,Yes,4,Yes,Yes,DSL,No,Yes,No,Yes,No,No,Month-to-month,Yes,Mailed check,66.92,385.86,No
CUST-04972,Male,1,No,No,17,Yes,No,No,No internet service,No internet service,No internet service,No internet service,No internet service,No internet service,Month-to-month,Yes,Mailed check,37.08,608.63,No
CUST-04973,Female,0,Yes,Yes,5,Yes,No,Fiber optic,No,No,No,No,Yes,No,Month-to-month,Yes,Mailed check,64.76,396.82,Yes
CUST-04974,Female,0,No,No,37,Yes,Yes,DSL,No,No,No,No,No,Yes,Month-to-month,No,Credit card (automatic),68.78,2554.4,Yes
CUST-04975,Female,0,No,No,53,Yes,No,Fiber optic,Yes,No,No,No,No,Yes,Month-to-month,Yes,Credit card (automatic),100.03,5376.42,Yes
CUST-04976,Female,1,Yes,No,34,Yes,No,Fiber optic,Yes,No,No,No,Yes,No,One year,Yes,Electronic check,61.88,2068.36,No
CUST-04977,Female,0,No,Yes,7,Yes,No,DSL,No,No,No,Yes,Yes,Yes,Two year,Yes,Mailed check,60.55,413.19,No
CUST-04978,Male,0,Yes,No,6,Yes,Yes,Fiber optic,No,No,No,No,Yes,No,Month-to-month,Yes,Electronic check,60.34,343.2,No
CUST-04979,Female,0,No,No,51,Yes,Yes,DSL,No,No,Yes,Yes,No,Yes,Month-to-month,No,Mailed check,43.74,2169.43,No
CUST-04980,Female,0,No,No,31,Yes,No,Fiber optic,Yes,No,Yes,Yes,Yes,No,Two year,Yes,Mailed check,38.06,1127.53,No
CUST-04981,Female,0,Yes,No,36,Yes,No,Fiber optic,No,No,No,No,No,Yes,Month-to-month,No,Credit card (automatic),70.95,2462.35,Yes
CUST-04982,Female,0,No,No,72,Yes,No,DSL,No,No,No,Yes,Yes,No,Month-to-month,Yes,Electronic check,42.95,3131.95,No
CUST-04983,Male,0,Yes,Yes,27,Yes,Yes,Fiber optic,Yes,No,No,No,No,No,One year,Yes,Electronic check,100.83,2768.28,No
CUST-04984,Male,0,No,No,72,Yes,Yes,DSL,No,No,Yes,No,No,No,Month-to-month,No,Electronic check,43.85,3213.09,Yes
CUST-04985,Male,0,No,Yes,72,Yes,Yes,No,No internet service,No internet service,No internet service,No internet service,No internet service,No internet service,Month-to-month,No,Credit card (automatic),44.8,3197.02,No
CUST-04986,Male,0,No,No,51,Yes,No,DSL,No,Yes,Yes,No,No,No,Month-to-month,No,Bank transfer (automatic),61.89,3083.78,No
CUST-04987,Female,1,Yes,No,24,Yes,No,DSL,No,No,No,No,No,No,Two year,No,Mailed check,90.28,2111.96,No
CUST-04988,Female,1,No,Yes,72,Yes,Yes,DSL,No,No,Yes,No,No,No,Month-to-month,Yes,Electronic check,42.85,3104.79,Yes
CUST-04989,Female,0,No,Yes,3,No,No phone service,Fiber optic,No,No,No,Yes,No,Yes,One year,No,Credit card (automatic),65.72,172.05,No
CUST-04990,Female,0,No,No,72,Yes,No,DSL,No,No,No,Yes,No,No,Month-to-month,No,Bank transfer (automatic),60.92,4323.92,No
CUST-04991,Female,0,No,No,25,No,No phone service,Fiber optic,Yes,No,No,Yes,No,No,Month-to-month,No,Credit card (automatic),67.12,1754.3,No
CUST-04992,Female,1,No,No,25,Yes,No,No,No internet service,No internet service,No internet service,No internet service,No internet service,No internet service,Month-to-month,Yes,Bank transfer (automatic),55.4,1345.69,Yes
CUST-04993,Female,0,Yes,No,4,Yes,No,DSL,No,No,Yes,No,No,No,Month-to-month,No,Credit card (automatic),64.41,331.1,Yes
CUST-04994,Female,0,Yes,No,4,Yes,No,DSL,No,No,No,No,No,No,One year,Yes,Electronic check,69.82,247.59,No
CUST-04995,Female,1,No,No,63,Yes,No,DSL,No,No,Yes,Yes,No,No,Two year,Yes,Credit card (automatic),47.85,2987.87,No
CUST-04996,Male,0,Yes,No,29,Yes,Yes,Fiber optic,No,No,Yes,No,Yes,No,Month-to-month,No,Mailed check,86.09,2491.16,No
CUST-04997,Female,0,No,Yes,6,Yes,No,Fiber optic,Yes,No,Yes,No,No,Yes,Month-to-month,Yes,Electronic check,67.34,399.12,No
CUST-04998,Female,0,No,No,63,Yes,Yes,No,No internet service,No internet service,No internet service,No internet service,No internet service,No internet service,Month-to-month,No,Mailed check,53.53,3399.36,No
CUST-04999,Female,0,No,Yes,1,Yes,Yes,Fiber optic,No,No,Yes,Yes,No,No,Two year,Yes,Bank transfer (automatic),71.04,86.38,No
CUST-05000,Male,0,No,No,1,Yes,Yes,Fiber optic,No,No,No,No,Yes,No,Month-to-month,Yes,Mailed check,65.03,116.35,Yes
CUST-05001,Male,1,No,No,6,No,No phone service,DSL,Yes,Yes,Yes,Yes,No,Yes,Month-to-month,No,Electronic check,44.3,201.43,No
CUST-05002,Male,0,No,Yes,20,No,No phone service,No,No internet service,No internet service,No internet service,No internet service,No internet service,No internet service,One year,No,Electronic check,57.73,1105.66,No
CUST-05003,Female,0,No,No,47,Yes,No,DSL,No,Yes,No,No,Yes,No,One year,No,Bank transfer (automatic),40.66,1956.2,No
CUST-05004,Female,0,Yes,Yes,54,Yes,Yes,Fiber optic,No,No,No,No,No,Yes,One year,Yes,Mailed check,86.73,4633.21,No
CUST-05005,Female,0,Yes,No,0,Yes,Yes,No,No internet service,No internet service,No internet service,No internet service,No internet service,No internet service,Month-to-month,Yes,Electronic check,54.22,18.0,No
CUST-05006,Female,0,Yes,No,57,No,No phone service,DSL,No,No,No,Yes,No,No,Two year,No,Electronic check,91.45,5148.74,No
CUST-05007,Male,0,No,No,36,Yes,Yes,DSL,No,No,Yes,No,No,Yes,Two year,No,Electronic check,70.3,2574.1,No
CUST-05008,Female,0,Yes,No,17,Yes,Yes,DSL,Yes,No,No,Yes,No,Yes,One year,No,Mailed check,26.23,370.8,No
CUST-05009,Female,0,No,No,16,No,No phone service,No,No internet service,No internet service,No internet service,No internet service,No internet service,No internet service,Month-to-month,Yes,Mailed check,30.65,469.59,Yes
CUST-05010,Male,0,No,No,33,Yes,No,Fiber optic,No,No,No,No,No,No,Two year,Yes,Mailed check,64.26,2068.47,No
CUST-05011,Female,0,Yes,Yes,0,Yes,No,Fiber optic,Yes,Yes,Yes,No,Yes,No,Month-to-month,Yes,Electronic check,59.72,18.0,No
CUST-05012,Male,1,No,No,72,Yes,Yes,Fiber optic,No,Yes,No,Yes,Yes,Yes,One year,No,Electronic check,79.45,5738.68,No
CUST-05013,Female,0,Yes,No,0,Yes,Yes,Fiber optic,No,No,No,No,No,No,Month-to-month,No,Bank transfer (automatic),54.13,66.87,Yes
CUST-05014,Female,0,No,Yes,62,Yes,No,Fiber optic,No,Yes,No,No,Yes,No,Month-to-month,Yes,Bank transfer (automatic),50.18,3124.59,No
CUST-05015,Female,0,Yes,Yes,68,Yes,No,Fiber optic,No,No,Yes,Yes,No,No,Month-to-month,Yes,Electronic check,62.97,4243.6,No
CUST-05016,Female,1,Yes,Yes,1,Yes,No,No,No internet service,No internet service,No internet service,No internet service,No internet service,No internet service,Month-to-month,No,Credit card (automatic),77.19,82.16,Yes
CUST-05017,Male,0,Yes,Yes,26,No,No phone service,DSL,No,Yes,No,No,Yes,Yes,Month-to-month,No,Electronic check,73.36,1934.31,Yes
CUST-05018,Female,0,No,Yes,70,Yes,Yes,DSL,No,Yes,No,No,Yes,No,Month-to-month,No,Credit card (automatic),44.15,3132.46,No
CUST-05019,Female,0,Yes,No,26,No,No phone service,Fiber optic,Yes,No,No,No,No,No,Two year,Yes,Bank transfer (automatic),73.07,1898.83,No
CUST-05020,Female,0,No,No,4,Yes,Yes,DSL,Yes,No,No,No,No,No,Two year,No,Bank transfer (automatic),38.68,201.85,No
CUST-05021,Female,0,No,No,42,Yes,No,Fiber optic,No,No,Yes,No,Yes,No,Month-to-month,No,Bank transfer (automatic),79.5,3335.16,Yes
CUST-05022,Male,1,Yes,Yes,65,No,No phone service,No,No internet service,No internet service,No internet service,No internet service,No internet service,No internet service,Month-to-month,Yes,Bank transfer (automatic),29.2,1843.31,No
CUST-05023,Female,0,Yes,No,1,Yes,Yes,Fiber optic,Yes,No,No,Yes,No,Yes,Month-to-month,No,Credit card (automatic),65.43,18.0,No
CUST-05024,Male,0,Yes,No,8,Yes,No,DSL,Yes,No,Yes,Yes,No,Yes,Two year,Yes,Electronic check,38.9,301.77,No
CUST-05025,Female,0,No,Yes,65,Yes,No,No,No internet service,No internet service,No internet service,No internet service,No internet service,No internet service,Month-to-month,No,Bank transfer (automatic),41.38,2678.64,No
CUST-05026,Male,0,No,No,47,Yes,No,Fiber optic,Yes,Yes,Yes,Yes,Yes,No,Month-to-month,Yes,Electronic check,67.25,3158.54,Yes
CUST-05027,Male,0,Yes,No,43,Yes,No,DSL,No,No,Yes,No,No,No,One year,Yes,Credit card (automatic),50.45,2248.31,No
CUST-05028,Male,0,No,Yes,36,No,No phone service,Fiber optic,No,No,No,No,Yes,No,Two year,Yes,Mailed check,86.95,3135.77,No
CUST-05029,Female,0,No,No,42,Yes,No,DSL,No,No,No,No,No,Yes,Two year,No,Electronic check,39.51,1701.42,No
CUST-05030,Male,0,No,No,8,Yes,No,DSL,No,Yes,No,No,No,Yes,Two year,No,Bank transfer (automatic),18.95,173.97,No
CUST-05031,Male,0,Yes,No,72,Yes,No,DSL,No,No,No,Yes,Yes,No,Month-to-month,No,Credit card (automatic),55.64,4040.15,No
CUST-05032,Female,0,Yes,No,55,No,No phone service,Fiber optic,Yes,Yes,No,Yes,No,No,Two year,No,Mailed check,97.71,5325.09,No
CUST-05033,Male,0,Yes,No,43,Yes,No,Fiber optic,No,Yes,Yes,Yes,No,Yes,Month-to-month,Yes,Electronic check,55.9,2421.97,No
CUST-05034,Male,0,No,No,12,Yes,No,Fiber optic,No,No,No,No,No,Yes,Two year,No,Electronic check,76.69,993.18,No
CUST-05035,Male,0,No,No,72,Yes,No,Fiber optic,No,No,No,No,No,No,One year,Yes,Credit card (automatic),63.05,4508.27,No
CUST-05036,Male,0,Yes,No,1,Yes,Yes,No,No internet service,No internet service,No internet service,No internet service,No internet service,No internet service,Month-to-month,No,Mailed check,33.15,18.0,No
CUST-05037,Female,0,Yes,No,41,Yes,Yes,No,No internet service,No internet service,No internet service,No internet service,No internet service,No internet service,One year,Yes,Electronic check,33.14,1335.43,No
CUST-05038,Female,1,No,No,72,Yes,Yes,DSL,No,No,Yes,No,Yes,Yes,Month-to-month,Yes,Credit card (automatic),65.45,4753.67,Yes
CUST-05039,Female,0,Yes,No,67,Yes,No,DSL,No,Yes,No,No,Yes,Yes,Month-to-month,No,Mailed check,72.92,4846.05,No
CUST-05040,Male,0,No,Yes,19,Yes,No,Fiber optic,No,Yes,No,Yes,Yes,No,Month-to-month,No,Mailed check,91.04,1706.51,Yes
CUST-05041,Male,1,Yes,Yes,3,Yes,Yes,DSL,No,No,No,Yes,No,No,Two year,No,Mailed check,73.97,193.2,No
CUST-05042,Male,0,Yes,Yes,49,Yes,No,Fiber optic,Yes,Yes,No,No,Yes,No,Month-to-month,Yes,Mailed check,73.68,3563.65,No
CUST-05043,Male,0,No,No,61,Yes,No,DSL,No,No,Yes,Yes,No,No,Month-to-month,Yes,Credit card (automatic),45.82,2726.34,No
CUST-05044,Female,0,Yes,No,40,Yes,No,Fiber optic,No,No,No,Yes,No,No,Month-to-month,No,Credit card (automatic),77.29,3087.58,Yes
CUST-05045,Female,1,No,No,4,Yes,No,Fiber optic,No,Yes,No,No,No,Yes,Month-to-month,Yes,Mailed check,93.64,419.39,Yes
CUST-05046,Male,0,Yes,No,55,Yes,No,No,No internet service,No internet service,No internet service,No internet service,No internet service,No internet service,Month-to-month,No,Mailed check,38.61,2048.47,Yes
CUST-05047,Female,0,Yes,No,54,Yes,Yes,Fiber optic,Yes,Yes,No,No,No,No,Two year,Yes,Mailed check,74.18,4014.01,No
CUST-05048,Female,0,No,No,31,Yes,Yes,Fiber optic,No,Yes,No,Yes,No,Yes,Month-to-month,Yes,Mailed check,73.7,2387.97,Yes
CUST-05049,Male,0,Yes,Yes,0,Yes,No,Fiber optic,No,No,No,No,Yes,No,Month-to-month,No,Mailed check,60.27,18.0,No
CUST-05050,Female,1,No,No,2,Yes,Yes,Fiber optic,No,Yes,No,No,Yes,No,Month-to-month,Yes,Electronic check,73.86,166.26,Yes
CUST-05051,Male,0,No,No,16,Yes,Yes,DSL,Yes,No,Yes,No,No,No,Month-to-month,No,Credit card (automatic),24.42,409.09,Yes
CUST-05052,Male,0,No,No,54,Yes,Yes,Fiber optic,No,No,No,No,Yes,No,Two year,Yes,Credit card (automatic),75.11,4009.83,No
CUST-05053,Female,1,Yes,No,1,Yes,No,Fiber optic,No,No,No,Yes,Yes,Yes,Month-to-month,Yes,Mailed check,73.21,76.89,No
CUST-05054,Female,0,Yes,No,22,Yes,No,Fiber optic,No,No,No,No,Yes,No,One year,Yes,Electronic check,72.41,1522.04,Yes
CUST-05055,Male,0,Yes,No,41,Yes,No,DSL,Yes,No,Yes,No,No,No,Month-to-month,Yes,Electronic check,67.53,2765.91,No
CUST-05056,Female,0,No,No,43,Yes,Yes,DSL,No,No,No,No,Yes,No,Two year,Yes,Electronic check,46.42,2093.53,No
CUST-05057,Female,0,Yes,Yes,2,No,No phone service,Fiber optic,Yes,No,Yes,No,No,Yes,Month-to-month,Yes,Electronic check,84.54,281.02,No
CUST-05058,Female,0,Yes,No,23,No,No phone service,Fiber optic,Yes,No,No,Yes,No,No,Two year,No,Bank transfer (automatic),90.25,2002.14,No
CUST-05059,Male,0,No,No,54,Yes,Yes,DSL,No,Yes,No,No,No,No,Two year,No,Electronic check,69.08,3667.71,No
CUST-05060,Female,0,Yes,No,0,Yes,No,No,No internet service,No internet service,No internet service,No internet service,No internet service,No internet service,Month-to-month,Yes,Electronic check,56.41,47.05,Yes
CUST-05061,Female,0,No,No,49,Yes,Yes,No,No internet service,No internet service,No internet service,No internet service,No internet service,No internet service,Two year,No,Bank transfer (automatic),92.84,4546.74,No
CUST-05062,Female,0,Yes,No,54,No,No phone service,Fiber optic,No,Yes,No,Yes,No,No,Month-to-month,Yes,Credit card (automatic),93.35,5076.13,Yes
CUST-05063,Female,1,No,No,7,Yes,No,Fiber optic,No,No,Yes,Yes,No,Yes,Two year,Yes,Electronic check,57.56,418.96,No
CUST-05064,Female,0,No,No,4,Yes,No,Fiber optic,No,Yes,No,Yes,No,No,Month-to-month,No,Bank transfer (automatic),73.83,260.65,Yes
CUST-05065,Female,0,Yes,Yes,10,No,No phone service,DSL,Yes,Yes,No,No,Yes,Yes,Month-to-month,No,Electronic check,33.81,409.73,Yes
CUST-05066,Female,0,No,No,53,Yes,Yes,DSL,No,Yes,No,No,No,Yes,Month-to-month,Yes,Mailed check,72.06,3739.92,No
CUST-05067,Female,0,No,Yes,44,Yes,Yes,No,No internet service,No internet service,No internet service,No internet service,No internet service,No internet service,Month-to-month,No,Mailed check,36.78,1603.48,No
CUST-05068,Male,0,Yes,No,71,Yes,No,Fiber optic,No,Yes,No,No,No,No,Month-to-month,No,Electronic check,93.02,6595.37,No
CUST-05069,Male,0,No,No,50,Yes,No,No,No internet service,No internet service,No internet service,No internet service,No internet service,No internet service,Month-to-month,No,Electronic check,55.35,2719.42,Yes
CUST-05070,Female,0,No,No,10,Yes,No,Fiber optic,No,No,No,Yes,Yes,Yes,Two year,Yes,Bank transfer (automatic),57.47,553.7,No
CUST-05071,Female,1,No,No,4,Yes,No,DSL,No,Yes,Yes,No,No,Yes,Month-to-month,Yes,Bank transfer (automatic),56.82,237.98,Yes
CUST-05072,Female,0,No,No,40,Yes,No,DSL,No,No,No,No,Yes,No,Month-to-month,Yes,Electronic check,78.09,3134.5,No
CUST-05073,Male,0,Yes,No,40,Yes,Yes,DSL,No,No,Yes,No,Yes,No,Two year,Yes,Bank transfer (automatic),73.8,2991.72,No
CUST-05074,Female,0,Yes,No,4,Yes,Yes,Fiber optic,No,No,No,Yes,No,Yes,Month-to-month,No,Electronic check,59.71,337.75,No
CUST-05075,Male,0,Yes,No,45,Yes,Yes,DSL,No,Yes,No,No,No,No,One year,Yes,Electronic check,79.19,3571.18,No
CUST-05076,Male,0,Yes,Yes,25,Yes,No,No,No internet service,No internet service,No internet service,No internet service,No internet service,No internet service,Month-to-month,Yes,Mailed check,18.0,441.55,No
CUST-05077,Male,0,Yes,No,3,Yes,Yes,Fiber optic,No,Yes,No,Yes,Yes,No,One year,No,Bank transfer (automatic),44.5,125.89,No
CUST-05078,Male,0,Yes,No,1,Yes,Yes,DSL,Yes,No,No,Yes,No,Yes,Two year,Yes,Electronic check,48.14,18.0,No
CUST-05079,Female,0,Yes,No,0,Yes,Yes,Fiber optic,No,No,No,No,Yes,Yes,One year,Yes,Bank transfer (automatic),57.19,32.29,Yes
CUST-05080,Female,0,No,No,35,Yes,Yes,No,No internet service,No internet service,No internet service,No internet service,No internet service,No internet service,Month-to-month,Yes,Mailed check,49.24,1697.07,No
CUST-05081,Male,0,Yes,Yes,57,Yes,No,DSL,Yes,No,Yes,Yes,Yes,Yes,Two year,No,Bank transfer (automatic),43.51,2556.22,No
CUST-05082,Female,1,No,No,23,Yes,Yes,Fiber optic,No,No,Yes,No,No,No,Month-to-month,Yes,Credit card (automatic),55.49,1239.68,Yes
CUST-05083,Male,0,No,No,1,Yes,Yes,Fiber optic,Yes,Yes,Yes,No,No,No,Month-to-month,No,Electronic check,47.76,56.51,Yes
CUST-05084,Male,0,No,No,0,Yes,No,No,No internet service,No internet service,No internet service,No internet service,No internet service,No internet service,Month-to-month,Yes,Electronic check,27.65,57.8,No
CUST-05085,Female,0,Yes,No,29,Yes,Yes,No,No internet service,No internet service,No internet service,No internet service,No internet service,No internet service,Month-to-month,No,Bank transfer (automatic),43.58,1271.55,No
CUST-05086,Male,0,No,Yes,53,Yes,Yes,No,No internet service,No internet service,No internet service,No internet service,No internet service,No internet service,Two year,No,Mailed check,29.13,1565.25,No
CUST-05087,Female,0,No,No,21,No,No phone service,Fiber optic,No,No,No,No,Yes,Yes,Month-to-month,No,Credit card (automatic),54.49,1181.4,No
CUST-05088,Male,0,No,No,39,Yes,No,No,No internet service,No internet service,No internet service,No internet service,No internet service,No internet service,Month-to-month,No,Mailed check,38.35,1464.04,Yes
CUST-05089,Male,0,Yes,No,15,Yes,No,Fiber optic,No,No,No,No,No,No,One year,Yes,Electronic check,65.58,1082.38,Yes
CUST-05090,Female,0,Yes,Yes,5,Yes,Yes,Fiber optic,No,Yes,No,No,No,No,One year,No,Electronic check,48.5,155.8,No
CUST-05091,Female,0,No,Yes,21,Yes,Yes,No,No internet service,No internet service,No internet service,No internet service,No internet service,No internet service,Two year,Yes,Electronic check,51.07,1065.98,No
CUST-05092,Male,0,Yes,No,3,Yes,Yes,DSL,No,No,Yes,Yes,Yes,Yes,Two year,No,Mailed check,46.11,131.49,No
CUST-05093,Male,0,No,No,72,Yes,No,No,No internet service,No internet service,No internet service,No internet service,No internet service,No internet service,One year,No,Credit card (automatic),49.48,3614.28,No
CUST-05094,Female,0,No,No,52,Yes,No,Fiber optic,No,No,Yes,Yes,Yes,No,Month-to-month,Yes,Mailed check,72.06,3734.27,No
CUST-05095,Male,0,No,Yes,2,Yes,No,No,No internet service,No internet service,No internet service,No internet service,No internet service,No internet service,One year,Yes,Mailed check,49.7,31.91,No
CUST-05096,Male,0,No,No,72,Yes,No,Fiber optic,No,No,No,Yes,No,Yes,One year,No,Credit card (automatic),80.06,5766.68,No
CUST-05097,Female,0,No,No,2,Yes,Yes,DSL,Yes,No,No,No,Yes,Yes,One year,Yes,Electronic check,81.85,186.15,No
CUST-05098,Male,0,No,No,5,Yes,No,Fiber optic,No,No,Yes,No,No,No,Month-to-month,No,Mailed check,43.65,183.76,No
CUST-05099,Female,1,No,No,11,Yes,No,DSL,No,No,Yes,No,No,No,Month-to-month,Yes,Electronic check,86.64,909.99,Yes
CUST-05100,Male,0,Yes,Yes,3,Yes,No,DSL,Yes,No,Yes,No,No,Yes,Month-to-month,Yes,Electronic check,70.63,207.03,Yes
CUST-05101,Female,0,No,Yes,37,No,No phone service,DSL,No,No,Yes,No,Yes,Yes,Two year,No,Mailed check,48.78,1741.72,No
CUST-05102,Female,0,No,Yes,2,No,No phone service,No,No internet service,No internet service,No internet service,No internet service,No internet service,No internet service,One year,Yes,Bank transfer (automatic),56.54,132.57,No
CUST-05103,Male,0,No,No,9,No,No phone service,No,No internet service,No internet service,No internet service,No internet service,No internet service,No internet service,Month-to-month,Yes,Electronic check,77.85,687.14,Yes
CUST-05104,Male,0,Yes,No,55,Yes,Yes,Fiber optic,No,Yes,Yes,No,No,No,Month-to-month,Yes,Electronic check,49.49,2695.86,No
CUST-05105,Male,0,Yes,Yes,1,Yes,Yes,DSL,Yes,No,No,No,No,No,Month-to-month,No,Bank transfer (automatic),56.49,112.27,No
CUST-05106,Female,1,No,No,65,Yes,Yes,Fiber optic,Yes,No,No,Yes,No,No,Month-to-month,Yes,Mailed check,48.91,3217.9,Yes
CUST-05107,Female,0,Yes,No,30,No,No phone service,DSL,No,Yes,No,No,No,No,Two year,Yes,Bank transfer (automatic),63.83,1857.26,No
CUST-05108,Female,1,No,No,49,Yes,Yes,DSL,No,Yes,Yes,No,Yes,No,One year,Yes,Electronic check,65.14,3177.38,No
CUST-05109,Male,0,No,No,23,Yes,Yes,No,No internet service,No internet service,No internet service,No internet service,No internet service,No internet service,Month-to-month,No,Mailed check,30.16,682.1,No
CUST-05110,Male,0,Yes,No,49,Yes,No,DSL,No,No,No,Yes,Yes,Yes,One year,Yes,Bank transfer (automatic),45.76,2290.91,No
CUST-05111,Female,0,Yes,Yes,35,Yes,No,DSL,No,No,No,No,Yes,Yes,One year,Yes,Credit card (automatic),60.7,2125.4,No
CUST-05112,Female,0,No,No,56,Yes,No,DSL,No,No,No,No,Yes,No,Month-to-month,Yes,Electronic check,67.89,3809.15,Yes
CUST-05113,Female,0,Yes,No,0,Yes,Yes,No,No internet service,No internet service,No internet service,No internet service,No internet service,No internet service,Month-to-month,No,Bank transfer (automatic),61.32,18.0,Yes
CUST-05114,Male,0,No,No,11,Yes,Yes,Fiber optic,No,No,No,Yes,Yes,No,Two year,Yes,Bank transfer (automatic),81.19,921.18,No
CUST-05115,Male,0,No,Yes,72,Yes,No,Fiber optic,No,No,Yes,Yes,No,Yes,Month-to-month,Yes,Electronic check,85.75,6093.5,No
CUST-05116,Male,0,No,No,69,Yes,Yes,DSL,Yes,No,Yes,Yes,No,Yes,Two year,No,Credit card (automatic),53.05,3721.42,No
CUST-05117,Male,0,Yes,No,17,Yes,Yes,Fiber optic,No,Yes,No,Yes,No,No,Month-to-month,Yes,Bank transfer (automatic),76.17,1304.12,No
CUST-05118,Male,0,Yes,No,72,Yes,No,Fiber optic,No,No,Yes,No,No,No,Month-to-month,Yes,Credit card (automatic),80.22,5713.61,No
CUST-05119,Female,0,No,Yes,32,Yes,Yes,DSL,Yes,No,No,No,Yes,No,Month-to-month,Yes,Electronic check,67.66,2093.58,No
CUST-05120,Male,1,Yes,No,23,Yes,Yes,DSL,No,No,No,No,Yes,Yes,Month-to-month,No,Electronic check,57.25,1321.44,Yes
CUST-05121,Female,0,Yes,Yes,56,Yes,No,DSL,No,No,No,No,No,No,Two year,Yes,Electronic check,39.89,2221.69,No
CUST-05122,Female,0,No,No,31,Yes,No,No,No internet service,No internet service,No internet service,No internet service,No internet service,No internet service,One year,Yes,Bank transfer (automatic),28.24,861.11,No
CUST-05123,Female,0,Yes,Yes,4,No,No phone service,Fiber optic,No,No,Yes,Yes,No,Yes,One year,Yes,Mailed check,76.34,311.94,No
CUST-05124,Female,0,Yes,No,42,Yes,No,No,No internet service,No internet service,No internet service,No internet service,No internet service,No internet service,One year,No,Electronic check,38.38,1650.77,No
CUST-05125,Male,0,No,Yes,43,Yes,Yes,Fiber optic,No,No,Yes,No,No,No,One year,Yes,Bank transfer (automatic),74.31,3159.06,No
CUST-05126,Female,0,Yes,No,25,Yes,No,Fiber optic,No,No,Yes,No,No,Yes,One year,Yes,Electronic check,63.59,1485.89,No
CUST-05127,Male,0,Yes,No,1,Yes,No,Fiber optic,Yes,No,No,No,No,No,Two year,No,Bank transfer (automatic),62.42,64.6,No
CUST-05128,Female,0,Yes,No,18,Yes,No,DSL,No,No,No,Yes,Yes,Yes,One year,No,Credit card (automatic),65.48,1180.32,No
CUST-05129,Female,0,No,Yes,33,Yes,No,Fiber optic,No,Yes,Yes,No,No,Yes,Month-to-month,No,Mailed check,53.6,1776.07,Yes
CUST-05130,Female,1,No,Yes,61,Yes,Yes,DSL,Yes,No,No,No,No,No,Month-to-month,No,Bank transfer (automatic),65.69,3977.43,No
CUST-05131,Male,1,No,Yes,30,Yes,No,DSL,No,No,No,No,Yes,No,Month-to-month,Yes,Electronic check,51.69,1554.65,Yes
CUST-05132,Male,0,No,Yes,72,Yes,Yes,No,No internet service,No internet service,No internet service,No internet service,No internet service,No internet service,One year,Yes,Bank transfer (automatic),33.94,2509.73,No
CUST-05133,Male,0,Yes,No,3,Yes,Yes,No,No internet service,No internet service,No internet service,No internet service,No internet service,No internet service,Month-to-month,Yes,Mailed check,39.23,92.7,Yes
CUST-05134,Male,0,No,No,44,Yes,Yes,No,No internet service,No internet service,No internet service,No internet service,No internet service,No internet service,One year,Yes,Bank transfer (automatic),47.34,2057.24,No
CUST-05135,Female,0,Yes,No,37,Yes,Yes,DSL,No,No,No,No,No,Yes,Two year,Yes,Mailed check,80.83,2996.16,No
CUST-05136,Male,0,No,No,21,Yes,No,DSL,Yes,Yes,Yes,Yes,No,Yes,One year,No,Bank transfer (automatic),61.65,1346.29,No
CUST-05137,Male,0,No,No,72,Yes,No,DSL,Yes,No,Yes,No,Yes,Yes,Two year,Yes,Electronic check,75.4,5387.81,No
CUST-05138,Female,0,Yes,No,41,No,No phone service,No,No internet service,No internet service,No internet service,No internet service,No internet service,No internet service,One year,No,Credit card (automatic),55.98,2306.42,No
CUST-05139,Male,0,No,No,0,Yes,No,DSL,Yes,No,Yes,No,No,No,Month-to-month,Yes,Electronic check,65.46,18.0,No
CUST-05140,Female,0,No,No,32,No,No phone service,DSL,Yes,No,No,No,Yes,Yes,One year,Yes,Bank transfer (automatic),47.4,1576.19,No
CUST-05141,Male,1,Yes,No,35,Yes,Yes,Fiber optic,No,No,No,Yes,No,No,Month-to-month,No,Electronic check,58.41,1987.79,No
CUST-05142,Male,1,No,Yes,17,Yes,No,Fiber optic,No,No,No,Yes,Yes,No,Month-to-month,No,Bank transfer (automatic),62.95,1023.41,Yes
CUST-05143,Female,0,No,No,19,Yes,No,Fiber optic,No,No,No,Yes,No,No,Two year,Yes,Bank transfer (automatic),85.53,1589.45,No
CUST-05144,Female,0,Yes,No,26,Yes,Yes,Fiber optic,Yes,No,Yes,No,Yes,Yes,Month-to-month,Yes,Bank transfer (automatic),112.61,2920.44,No
CUST-05145,Female,0,Yes,No,49,Yes,Yes,Fiber optic,No,No,Yes,No,No,No,Two year,No,Bank transfer (automatic),58.0,2767.03,No
CUST-05146,Female,0,No,No,53,Yes,No,No,No internet service,No internet service,No internet service,No internet service,No internet service,No internet service,Month-to-month,Yes,Mailed check,48.44,2629.51,No
CUST-05147,Male,0,Yes,Yes,59,No,No phone service,DSL,Yes,No,No,No,No,No,One year,Yes,Mailed check,59.39,3498.34,No
CUST-05148,Female,1,Yes,No,72,Yes,Yes,DSL,No,Yes,No,Yes,No,Yes,Month-to-month,Yes,Bank transfer (automatic),50.86,3640.38,No
CUST-05149,Male,0,No,No,72,Yes,No,Fiber optic,Yes,Yes,No,No,No,Yes,Month-to-month,No,Bank transfer (automatic),48.99,3532.89,Yes
CUST-05150,Female,0,No,No,24,Yes,No,Fiber optic,No,No,Yes,Yes,No,No,Two year,Yes,Mailed check,87.69,2135.72,No
CUST-05151,Male,1,Yes,No,26,Yes,No,Fiber optic,Yes,Yes,No,No,No,Yes,One year,Yes,Bank transfer (automatic),76.32,1946.66,No
CUST-05152,Female,0,Yes,No,36,No,No phone service,Fiber optic,No,No,Yes,No,Yes,Yes,Two year,No,Bank transfer (automatic),82.02,3014.45,No
CUST-05153,Male,0,No,No,60,Yes,Yes,Fiber optic,No,No,No,No,No,No,Month-to-month,No,Bank transfer (automatic),60.67,3634.81,Yes
CUST-05154,Female,0,No,No,7,Yes,No,Fiber optic,No,No,No,No,No,Yes,Month-to-month,Yes,Bank transfer (automatic),82.56,529.53,No
CUST-05155,Female,0,No,No,3,Yes,No,No,No internet service,No internet service,No internet service,No internet service,No internet service,No internet service,One year,Yes,Mailed check,28.07,18.0,No
CUST-05156,Female,0,No,No,16,Yes,Yes,DSL,No,Yes,No,No,No,No,Month-to-month,No,Bank transfer (automatic),56.56,874.0,Yes
CUST-05157,Female,0,Yes,No,62,No,No phone service,No,No internet service,No internet service,No internet service,No internet service,No internet service,No internet service,Month-to-month,Yes,Bank transfer (automatic),29.92,1772.38,No
CUST-05158,Male,0,No,No,23,Yes,No,Fiber optic,Yes,No,Yes,No,No,No,Two year,Yes,Credit card (automatic),62.18,1358.72,No
CUST-05159,Male,0,No,No,72,Yes,No,DSL,No,No,No,Yes,No,Yes,Month-to-month,Yes,Bank transfer (automatic),50.99,3622.99,No
CUST-05160,Female,0,No,No,4,Yes,No,DSL,No,Yes,No,Yes,Yes,No,Two year,No,Bank transfer (automatic),49.77,270.34,No
CUST-05161,Male,0,Yes,No,46,Yes,No,Fiber optic,No,No,No,No,No,No,Month-to-month,Yes,Electronic check,93.86,4382.68,Yes
CUST-05162,Male,1,Yes,No,15,Yes,Yes,Fiber optic,No,No,No,Yes,No,Yes,Month-to-month,No,Mailed check,44.69,674.23,No
CUST-05163,Male,0,No,Yes,19,Yes,No,Fiber optic,No,No,No,No,No,No,Month-to-month,No,Bank transfer (automatic),75.88,1408.5,Yes
CUST-05164,Female,0,No,Yes,66,Yes,No,Fiber optic,No,No,No,Yes,No,No,Two year,Yes,Mailed check,87.85,5838.72,No
CUST-05165,Male,0,No,Yes,53,Yes,No,DSL,Yes,Yes,No,No,Yes,Yes,Two year,Yes,Bank transfer (automatic),44.88,2393.6,No
CUST-05166,Male,0,Yes,Yes,0,Yes,Yes,Fiber optic,Yes,No,No,Yes,Yes,No,Two year,No,Electronic check,65.23,18.0,No
CUST-05167,Female,0,No,No,72,Yes,No,No,No internet service,No internet service,No internet service,No internet service,No internet service,No internet service,Two year,Yes,Electronic check,55.9,4036.89,No
CUST-05168,Male,0,Yes,No,17,Yes,Yes,Fiber optic,No,No,Yes,No,No,Yes,Month-to-month,Yes,Bank transfer (automatic),65.49,1163.5,No
CUST-05169,Male,0,No,No,72,Yes,No,Fiber optic,Yes,No,No,No,No,No,Two year,Yes,Credit card (automatic),66.04,4728.43,No
CUST-05170,Male,0,No,No,0,Yes,No,DSL,No,Yes,No,No,Yes,Yes,One year,Yes,Mailed check,59.61,18.0,No
CUST-05171,Female,0,No,Yes,48,Yes,No,Fiber optic,No,No,No,No,No,No,Month-to-month,Yes,Electronic check,79.9,3857.76,Yes
CUST-05172,Male,0,Yes,No,51,Yes,No,Fiber optic,Yes,No,No,No,No,No,Month-to-month,Yes,Mailed check,76.26,3842.69,No
CUST-05173,Female,0,No,Yes,52,No,No phone service,No,No internet service,No internet service,No internet service,No internet service,No internet service,No internet service,Month-to-month,No,Credit card (automatic),43.59,2339.76,No
CUST-05174,Male,0,Yes,Yes,13,No,No phone service,Fiber optic,No,No,Yes,Yes,Yes,No,Month-to-month,No,Electronic check,65.73,815.15,Yes
CUST-05175,Male,0,No,No,16,Yes,Yes,Fiber optic,No,Yes,Yes,Yes,Yes,Yes,Month-to-month,No,Credit card (automatic),61.02,965.14,Yes
CUST-05176,Male,0,No,Yes,54,Yes,Yes,DSL,No,No,No,No,No,No,Two year,No,Bank transfer (automatic),67.59,3656.21,No
CUST-05177,Male,0,No,No,62,Yes,Yes,DSL,No,Yes,No,Yes,No,No,Month-to-month,No,Credit card (automatic),57.67,3568.42,No
CUST-05178,Male,0,No,No,1,Yes,No,Fiber optic,No,No,No,Yes,Yes,Yes,Month-to-month,Yes,Mailed check,79.02,23.11,No
CUST-05179,Male,0,No,No,66,Yes,No,Fiber optic,Yes,No,No,Yes,No,Yes,Two year,Yes,Credit card (automatic),89.39,5918.6,No
CUST-05180,Male,0,Yes,No,57,Yes,No,DSL,Yes,No,Yes,Yes,No,Yes,Two year,Yes,Bank transfer (automatic),66.75,3745.09,No
CUST-05181,Female,0,Yes,No,3,Yes,No,No,No internet service,No internet service,No internet service,No internet service,No internet service,No internet service,Month-to-month,Yes,Electronic check,37.25,142.9,Yes
CUST-05182,Female,0,No,No,3,No,No phone service,No,No internet service,No internet service,No internet service,No internet service,No internet service,No internet service,Month-to-month,Yes,Mailed check,77.89,323.26,Yes
CUST-05183,Female,0,No,No,14,No,No phone service,DSL,No,Yes,Yes,No,No,No,Month-to-month,Yes,Mailed check,48.75,711.43,Yes
CUST-05184,Female,0,No,No,48,Yes,No,DSL,Yes,No,No,No,Yes,No,One year,Yes,Credit card (automatic),98.08,4687.17,No
CUST-05185,Female,0,Yes,Yes,72,Yes,Yes,Fiber optic,No,No,No,No,Yes,No,Month-to-month,No,Credit card (automatic),18.83,1430.59,No
CUST-05186,Female,0,Yes,No,42,Yes,No,No,No internet service,No internet service,No internet service,No internet service,No internet service,No internet service,Month-to-month,Yes,Bank transfer (automatic),37.67,1523.05,No
CUST-05187,Female,0,No,Yes,0,Yes,No,Fiber optic,No,No,Yes,No,Yes,Yes,Month-to-month,Yes,Mailed check,61.96,18.0,Yes
CUST-05188,Male,0,No,Yes,72,Yes,No,DSL,No,No,No,Yes,No,Yes,Month-to-month,Yes,Electronic check,54.14,3944.38,No
CUST-05189,Female,0,No,No,11,Yes,No,No,No internet service,No internet service,No internet service,No internet service,No internet service,No internet service,Month-to-month,No,Electronic check,40.78,461.01,No
CUST-05190,Male,0,Yes,No,0,Yes,No,DSL,No,Yes,Yes,No,No,Yes,Month-to-month,No,Electronic check,62.78,30.96,Yes
CUST-05191,Female,0,Yes,Yes,25,Yes,No,No,No internet service,No internet service,No internet service,No internet service,No internet service,No internet service,Month-to-month,No,Electronic check,37.25,891.11,Yes
CUST-05192,Female,0,Yes,No,55,No,No phone service,No,No internet service,No internet service,No internet service,No internet service,No internet service,No internet service,Month-to-month,No,Electronic check,46.38,2485.94,No
CUST-05193,Male,0,Yes,Yes,4,Yes,No,Fiber optic,Yes,No,Yes,No,No,No,One year,No,Bank transfer (automatic),85.1,328.85,No
CUST-05194,Male,0,No,No,63,Yes,No,No,No internet service,No internet service,No internet service,No internet service,No internet service,No internet service,Month-to-month,Yes,Credit card (automatic),93.42,5865.09,No
CUST-05195,Male,0,Yes,No,51,No,No phone service,Fiber optic,No,No,No,No,No,No,Month-to-month,Yes,Bank transfer (automatic),88.1,4501.11,Yes
CUST-05196,Male,0,Yes,No,34,Yes,Yes,Fiber optic,No,Yes,No,No,No,Yes,Month-to-month,No,Credit card (automatic),88.92,3068.4,Yes
CUST-05197,Female,0,No,Yes,1,Yes,Yes,No,No internet service,No internet service,No internet service,No internet service,No internet service,No internet service,Month-to-month,Yes,Mailed check,67.32,34.72,No
CUST-05198,Female,0,Yes,No,55,Yes,Yes,Fiber optic,Yes,Yes,No,No,No,No,Month-to-month,No,Bank transfer (automatic),40.39,2207.68,No
CUST-05199,Female,0,No,No,25,Yes,Yes,No,No internet service,No internet service,No internet service,No internet service,No internet service,No internet service,Two year,Yes,Electronic check,22.93,592.12,No
CUST-05200,Female,0,Yes,No,44,Yes,No,No,No internet service,No internet service,No internet service,No internet service,No internet service,No internet service,Two year,Yes,Electronic check,41.98,1743.82,No
CUST-05201,Male,0,Yes,Yes,32,Yes,No,No,No internet service,No internet service,No internet service,No internet service,No internet service,No internet service,One year,No,Electronic check,29.07,967.86,No
CUST-05202,Male,0,Yes,No,58,Yes,No,No,No internet service,No internet service,No internet service,No internet service,No internet service,No internet service,Month-to-month,No,Mailed check,53.46,3006.61,No
CUST-05203,Female,0,No,No,32,Yes,Yes,No,No internet service,No internet service,No internet service,No internet service,No internet service,No internet service,Month-to-month,No,Credit card (automatic),58.52,1821.21,Yes
CUST-05204,Female,1,Yes,No,48,Yes,Yes,DSL,No,No,No,Yes,No,Yes,Two year,No,Mailed check,48.98,2432.3,No
CUST-05205,Female,1,No,No,36,Yes,No,DSL,No,No,No,No,No,No,Two year,Yes,Electronic check,44.93,1640.22,No
CUST-05206,Male,0,No,No,3,Yes,No,Fiber optic,Yes,Yes,Yes,Yes,No,No,Two year,No,Electronic check,87.83,302.76,No
CUST-05207,Female,0,Yes,No,32,Yes,Yes,DSL,No,No,No,No,No,Yes,Two year,No,Mailed check,24.85,750.42,No
CUST-05208,Female,0,No,No,5,Yes,Yes,No,No internet service,No internet service,No internet service,No internet service,No internet service,No internet service,Two year,No,Bank transfer (automatic),40.72,175.52,No
CUST-05209,Male,0,Yes,Yes,3,No,No phone service,DSL,No,Yes,No,No,No,No,Month-to-month,Yes,Credit card (automatic),39.73,101.0,No
CUST-05210,Male,0,Yes,No,25,Yes,No,Fiber optic,No,Yes,No,No,No,Yes,One year,No,Credit card (automatic),71.15,1799.01,No
CUST-05211,Male,0,No,No,72,Yes,No,Fiber optic,No,Yes,No,No,No,Yes,Month-to-month,No,Mailed check,69.48,5037.6,No
CUST-05212,Male,0,Yes,No,29,No,No phone service,No,No internet service,No internet service,No internet service,No internet service,No internet service,No internet service,Month-to-month,Yes,Bank transfer (automatic),42.09,1249.15,Yes
CUST-05213,Male,0,No,No,37,Yes,No,DSL,No,Yes,Yes,No,No,No,One year,No,Mailed check,56.13,2083.49,No
CUST-05214,Female,0,No,No,41,Yes,No,No,No internet service,No internet service,No internet service,No internet service,No internet service,No internet service,Two year,Yes,Bank transfer (automatic),74.11,3041.55,No
CUST-05215,Female,0,Yes,No,5,Yes,No,DSL,No,Yes,No,No,Yes,No,Two year,No,Bank transfer (automatic),68.7,338.61,No
CUST-05216,Male,0,Yes,No,56,Yes,Yes,DSL,No,No,Yes,No,Yes,No,Month-to-month,Yes,Electronic check,49.95,2775.97,No
CUST-05217,Female,0,No,No,60,Yes,Yes,DSL,No,Yes,Yes,No,Yes,No,Month-to-month,Yes,Electronic check,47.68,2786.43,Yes
CUST-05218,Female,0,No,No,61,Yes,Yes,No,No internet service,No internet service,No internet service,No internet service,No internet service,No internet service,Month-to-month,No,Mailed check,51.5,3117.02,No
CUST-05219,Male,0,Yes,No,23,Yes,Yes,DSL,No,No,No,Yes,No,No,One year,No,Electronic check,33.67,857.69,No
CUST-05220,Male,0,No,Yes,52,Yes,Yes,DSL,No,Yes,Yes,Yes,No,Yes,Month-to-month,Yes,Credit card (automatic),21.35,1095.51,No
CUST-05221,Male,0,Yes,No,4,Yes,Yes,DSL,Yes,No,No,No,No,Yes,Two year,Yes,Credit card (automatic),51.85,190.59,No
CUST-05222,Female,0,No,Yes,37,Yes,Yes,Fiber optic,No,No,Yes,Yes,No,Yes,Month-to-month,No,Electronic check,64.02,2355.45,Yes
CUST-05223,Female,0,Yes,No,4,Yes,No,Fiber optic,Yes,No,No,No,Yes,Yes,One year,Yes,Electronic check,86.4,320.86,No
CUST-05224,Female,0,No,No,53,Yes,No,DSL,Yes,Yes,Yes,Yes,Yes,Yes,Two year,No,Bank transfer (automatic),53.27,2809.03,No
CUST-05225,Female,0,No,Yes,50,No,No phone service,Fiber optic,No,Yes,Yes,Yes,Yes,Yes,Month-to-month,Yes,Mailed check,84.51,4182.26,Yes
CUST-05226,Male,1,No,No,5,Yes,Yes,Fiber optic,Yes,No,No,Yes,No,Yes,Month-to-month,Yes,Mailed check,84.94,430.93,Yes
CUST-05227,Male,0,No,No,72,Yes,No,Fiber optic,Yes,Yes,Yes,No,No,Yes,One year,Yes,Mailed check,73.16,5300.48,Yes
CUST-05228,Female,0,No,Yes,67,Yes,No,Fiber optic,No,No,Yes,Yes,Yes,No,One year,No,Electronic check,55.05,3640.83,No
CUST-05229,Male,0,Yes,No,0,No,No phone service,No,No internet service,No internet service,No internet service,No internet service,No internet service,No internet service,Month-to-month,No,Bank transfer (automatic),44.13,38.41,No
CUST-05230,Male,0,Yes,Yes,44,Yes,No,Fiber optic,No,Yes,Yes,Yes,Yes,Yes,Month-to-month,No,Credit card (automatic),47.68,2115.44,No
CUST-05231,Male,0,No,Yes,3,Yes,No,No,No internet service,No internet service,No internet service,No internet service,No internet service,No internet service,Month-to-month,Yes,Mailed check,34.51,40.88,Yes
CUST-05232,Male,0,Yes,No,42,Yes,No,DSL,No,No,Yes,Yes,No,Yes,Two year,No,Mailed check,30.72,1334.8,No
CUST-05233,Male,0,No,Yes,9,Yes,No,Fiber optic,No,No,No,Yes,No,Yes,One year,Yes,Electronic check,91.02,833.74,Yes
CUST-05234,Male,0,Yes,No,45,Yes,Yes,Fiber optic,No,Yes,No,Yes,Yes,No,Month-to-month,Yes,Credit card (automatic),65.97,2918.63,No
CUST-05235,Male,0,No,No,45,Yes,Yes,Fiber optic,No,No,No,Yes,Yes,No,Month-to-month,Yes,Bank transfer (automatic),63.88,2860.73,Yes
CUST-05236,Female,0,No,No,38,Yes,No,DSL,No,No,Yes,Yes,No,Yes,Month-to-month,Yes,Bank transfer (automatic),32.79,1294.57,No
CUST-05237,Female,0,No,No,39,Yes,No,Fiber optic,Yes,No,No,No,No,No,Month-to-month,Yes,Mailed check,77.2,3016.81,No
CUST-05238,Female,0,Yes,No,72,Yes,No,Fiber optic,Yes,No,Yes,No,No,No,Month-to-month,Yes,Credit card (automatic),91.99,6597.6,No
CUST-05239,Female,0,No,No,36,Yes,Yes,Fiber optic,Yes,No,Yes,No,No,Yes,Month-to-month,Yes,Credit card (automatic),51.82,1876.07,No
CUST-05240,Female,0,No,No,63,Yes,Yes,DSL,Yes,No,Yes,No,Yes,No,Month-to-month,Yes,Electronic check,68.57,4289.06,No
CUST-05241,Male,0,No,No,0,Yes,Yes,DSL,No,Yes,No,No,Yes,Yes,Month-to-month,No,Bank transfer (automatic),40.0,18.0,Yes
CUST-05242,Female,0,No,No,49,Yes,No,Fiber optic,No,Yes,Yes,No,No,No,One year,Yes,Bank transfer (automatic),86.03,4213.0,Yes
CUST-05243,Female,0,Yes,No,71,Yes,Yes,Fiber optic,No,Yes,Yes,No,No,Yes,Month-to-month,Yes,Bank transfer (automatic),40.0,2920.06,Yes
CUST-05244,Female,0,Yes,No,3,Yes,Yes,DSL,Yes,Yes,No,No,No,Yes,Month-to-month,No,Electronic check,56.56,131.53,No
CUST-05245,Male,0,Yes,No,3,Yes,No,Fiber optic,No,Yes,Yes,No,Yes,Yes,Two year,Yes,Mailed check,73.24,278.6,No
CUST-05246,Male,1,No,No,8,Yes,Yes,Fiber optic,No,Yes,No,No,Yes,No,Month-to-month,Yes,Mailed check,103.9,695.99,Yes
CUST-05247,Female,0,No,No,54,Yes,Yes,DSL,No,Yes,No,Yes,No,Yes,Two year,Yes,Electronic check,44.1,2373.3,No
CUST-05248,Female,0,Yes,No,61,Yes,Yes,DSL,No,No,Yes,No,No,No,Month-to-month,No,Bank transfer (automatic),42.6,2613.96,No
CUST-05249,Female,0,No,Yes,4,Yes,No,Fiber optic,No,Yes,No,No,Yes,Yes,One year,Yes,Electronic check,48.34,234.49,Yes
CUST-05250,Female,1,Yes,No,32,Yes,Yes,Fiber optic,Yes,No,Yes,No,No,Yes,Month-to-month,No,Electronic check,57.4,1861.47,No
CUST-05251,Male,0,No,No,65,Yes,Yes,DSL,No,No,Yes,No,No,Yes,One year,Yes,Bank transfer (automatic),81.35,5150.32,No
CUST-05252,Male,0,No,No,49,Yes,No,DSL,No,No,No,No,Yes,No,Month-to-month,Yes,Credit card (automatic),41.74,2106.82,No
CUST-05253,Female,0,Yes,No,4,Yes,No,No,No internet service,No internet service,No internet service,No internet service,No internet service,No internet service,Month-to-month,Yes,Electronic check,48.81,144.98,No
CUST-05254,Female,0,Yes,No,50,Yes,No,Fiber optic,Yes,Yes,No,No,Yes,Yes,Two year,No,Mailed check,71.43,3527.88,No
CUST-05255,Male,0,No,No,27,Yes,No,DSL,No,No,No,Yes,Yes,No,Two year,No,Bank transfer (automatic),39.21,980.0,No
CUST-05256,Male,0,No,Yes,65,Yes,No,Fiber optic,No,No,Yes,No,Yes,No,One year,Yes,Mailed check,79.66,5205.04,No
CUST-05257,Male,1,Yes,No,26,Yes,No,DSL,No,No,Yes,No,Yes,Yes,Month-to-month,No,Mailed check,68.84,1811.98,Yes
CUST-05258,Male,0,No,No,42,No,No phone service,DSL,No,No,No,Yes,No,Yes,Month-to-month,No,Mailed check,47.13,1959.71,No
CUST-05259,Female,0,No,No,72,Yes,Yes,No,No internet service,No internet service,No internet service,No internet service,No internet service,No internet service,Month-to-month,Yes,Credit card (automatic),41.85,2958.27,No
CUST-05260,Male,0,Yes,No,24,Yes,No,No,No internet service,No internet service,No internet service,No internet service,No internet service,No internet service,Two year,No,Credit card (automatic),39.09,949.05,No
CUST-05261,Female,1,No,No,6,Yes,Yes,Fiber optic,Yes,No,No,No,Yes,Yes,Month-to-month,No,Electronic check,49.73,211.78,Yes
CUST-05262,Male,0,Yes,No,50,Yes,Yes,Fiber optic,Yes,No,No,No,No,No,One year,No,Electronic check,77.65,4025.43,No
CUST-05263,Female,0,No,No,2,Yes,Yes,Fiber optic,No,Yes,Yes,No,No,No,Two year,Yes,Mailed check,70.31,145.4,Yes
CUST-05264,Male,0,No,No,0,No,No phone service,Fiber optic,No,Yes,Yes,No,Yes,Yes,Month-to-month,No,Bank transfer (automatic),69.47,68.9,No
CUST-05265,Female,0,Yes,No,29,Yes,No,Fiber optic,Yes,Yes,No,No,Yes,Yes,One year,No,Bank transfer (automatic),30.48,919.26,No
CUST-05266,Female,0,No,No,48,Yes,Yes,Fiber optic,No,Yes,No,Yes,Yes,Yes,Month-to-month,Yes,Credit card (automatic),82.59,3953.9,No
CUST-05267,Female,0,Yes,No,72,Yes,Yes,DSL,No,No,No,Yes,No,No,Month-to-month,Yes,Credit card (automatic),71.22,5092.37,No
CUST-05268,Female,0,No,No,51,No,No phone service,DSL,No,Yes,No,No,No,Yes,Month-to-month,Yes,Mailed check,50.09,2602.72,Yes
CUST-05269,Female,1,No,Yes,42,Yes,Yes,Fiber optic,Yes,No,Yes,No,Yes,Yes,One year,Yes,Credit card (automatic),57.32,2408.43,Yes
CUST-05270,Female,1,Yes,Yes,54,No,No phone service,Fiber optic,Yes,No,No,No,Yes,No,One year,Yes,Mailed check,78.67,4299.59,No
CUST-05271,Male,0,No,No,47,Yes,Yes,No,No internet service,No internet service,No internet service,No internet service,No internet service,No internet service,Month-to-month,No,Credit card (automatic),26.18,1225.2,No
CUST-05272,Male,0,Yes,No,1,Yes,No,DSL,No,No,No,No,Yes,No,Month-to-month,No,Mailed check,18.96,106.0,No
CUST-05273,Male,0,No,No,0,Yes,No,No,No internet service,No internet service,No internet service,No internet service,No internet service,No internet service,Month-to-month,No,Electronic check,47.3,22.69,No
CUST-05274,Male,0,No,No,52,Yes,Yes,DSL,Yes,No,No,No,No,No,Month-to-month,Yes,Bank transfer (automatic),49.52,2536.5,No
CUST-05275,Female,0,No,No,0,Yes,Yes,DSL,No,No,Yes,No,No,Yes,One year,Yes,Electronic check,59.16,49.38,No
CUST-05276,Male,0,No,Yes,69,Yes,No,No,No internet service,No internet service,No internet service,No internet service,No internet service,No internet service,Month-to-month,Yes,Credit card (automatic),45.8,3175.63,No
CUST-05277,Male,0,No,Yes,18,Yes,Yes,Fiber optic,No,No,Yes,No,Yes,Yes,Two year,No,Credit card (automatic),77.44,1366.58,No
CUST-05278,Female,0,Yes,No,22,Yes,Yes,DSL,No,No,No,No,No,No,Two year,No,Bank transfer (automatic),54.76,1188.39,No
CUST-05279,Male,0,Yes,Yes,13,Yes,Yes,Fiber optic,No,Yes,Yes,No,No,Yes,One year,Yes,Mailed check,88.32,1108.88,No
CUST-05280,Male,0,No,Yes,27,Yes,No,Fiber optic,No,No,Yes,No,No,Yes,Month-to-month,Yes,Bank transfer (automatic),110.72,2951.4,No
CUST-05281,Female,0,Yes,No,18,Yes,Yes,No,No internet service,No internet service,No internet service,No internet service,No internet service,No internet service,One year,Yes,Credit card (automatic),38.59,727.83,No
CUST-05282,Female,0,Yes,No,11,No,No phone service,Fiber optic,Yes,No,No,No,Yes,No,Month-to-month,Yes,Electronic check,70.22,845.71,No
CUST-05283,Female,0,Yes,No,38,Yes,No,Fiber optic,No,No,No,No,No,No,One year,Yes,Electronic check,57.9,2221.22,No
CUST-05284,Female,0,No,Yes,39,Yes,Yes,DSL,Yes,Yes,No,Yes,No,No,Month-to-month,No,Credit card (automatic),52.28,2031.66,No
CUST-05285,Female,0,No,No,4,Yes,No,DSL,No,No,No,No,No,No,Month-to-month,Yes,Bank transfer (automatic),52.55,199.51,No
CUST-05286,Female,0,Yes,No,62,Yes,No,No,No internet service,No internet service,No internet service,No internet service,No internet service,No internet service,One year,Yes,Electronic check,38.8,2417.57,No
CUST-05287,Male,1,Yes,No,2,Yes,Yes,DSL,Yes,Yes,No,No,No,No,Month-to-month,Yes,Bank transfer (automatic),55.05,130.09,No
CUST-05288,Female,1,No,No,12,No,No phone service,DSL,Yes,Yes,Yes,Yes,No,Yes,Two year,Yes,Electronic check,53.8,593.82,No
CUST-05289,Male,0,Yes,No,3,Yes,No,Fiber optic,No,Yes,No,No,No,No,One year,Yes,Credit card (automatic),73.59,208.69,Yes
CUST-05290,Male,1,No,Yes,4,Yes,Yes,Fiber optic,No,Yes,Yes,No,No,Yes,One year,Yes,Bank transfer (automatic),55.1,239.27,Yes
CUST-05291,Female,0,No,Yes,63,Yes,Yes,Fiber optic,No,Yes,No,No,Yes,No,Month-to-month,No,Mailed check,40.66,2514.9,Yes
CUST-05292,Female,1,No,No,38,No,No phone service,Fiber optic,No,No,No,Yes,No,No,One year,Yes,Mailed check,71.48,2791.86,No
CUST-05293,Male,1,Yes,Yes,3,Yes,No,No,No internet service,No internet service,No internet service,No internet service,No internet service,No internet service,One year,Yes,Bank transfer (automatic),39.97,254.07,No
CUST-05294,Female,0,No,Yes,2,Yes,No,DSL,No,No,No,No,No,No,Two year,No,Credit card (automatic),68.05,190.02,No
CUST-05295,Female,1,No,Yes,21,Yes,No,DSL,No,Yes,No,No,No,Yes,Month-to-month,No,Electronic check,46.51,931.16,No
CUST-05296,Female,0,Yes,No,22,No,No phone service,DSL,Yes,Yes,Yes,Yes,No,No,Month-to-month,Yes,Mailed check,34.19,780.85,No
CUST-05297,Male,0,No,No,49,Yes,Yes,Fiber optic,No,Yes,No,Yes,Yes,Yes,Month-to-month,No,Mailed check,64.22,3178.39,No
CUST-05298,Female,1,Yes,No,50,Yes,Yes,Fiber optic,Yes,No,No,No,No,Yes,Month-to-month,No,Credit card (automatic),36.0,1763.85,No
CUST-05299,Male,0,No,No,12,Yes,Yes,Fiber optic,No,No,No,No,No,No,One year,Yes,Electronic check,44.59,504.1,No
CUST-05300,Female,0,No,No,49,Yes,No,Fiber optic,No,Yes,Yes,No,Yes,No,One year,No,Electronic check,66.86,3235.37,No
CUST-05301,Male,0,Yes,Yes,67,Yes,No,Fiber optic,No,No,No,No,Yes,Yes,One year,Yes,Credit card (automatic),46.17,3073.36,No
CUST-05302,Female,0,Yes,No,0,Yes,Yes,Fiber optic,No,Yes,Yes,No,No,No,Month-to-month,No,Bank transfer (automatic),65.17,18.0,Yes
CUST-05303,Male,1,Yes,No,27,No,No phone service,DSL,Yes,No,No,No,No,No,Two year,No,Credit card (automatic),44.82,1183.95,No
CUST-05304,Male,1,Yes,No,27,Yes,Yes,DSL,Yes,Yes,Yes,No,Yes,No,Month-to-month,No,Credit card (automatic),60.57,1668.22,Yes
CUST-05305,Male,0,No,Yes,48,Yes,No,DSL,No,No,No,No,No,No,Month-to-month,Yes,Electronic check,24.97,1156.78,No
CUST-05306,Female,1,Yes,No,0,Yes,Yes,DSL,No,No,Yes,No,No,No,Two year,Yes,Credit card (automatic),62.88,47.35,No
CUST-05307,Male,0,No,No,70,Yes,No,DSL,Yes,No,No,Yes,No,No,Month-to-month,Yes,Credit card (automatic),53.54,3695.12,No
CUST-05308,Female,1,Yes,Yes,22,Yes,Yes,DSL,Yes,Yes,No,No,No,Yes,Month-to-month,Yes,Electronic check,41.42,945.45,No
CUST-05309,Male,0,No,No,50,Yes,Yes,Fiber optic,No,Yes,No,Yes,No,Yes,Month-to-month,No,Bank transfer (automatic),56.29,2841.83,Yes
CUST-05310,Male,0,No,Yes,38,No,No phone service,Fiber optic,No,No,No,No,Yes,No,Month-to-month,Yes,Mailed check,71.86,2729.68,No
CUST-05311,Female,0,No,Yes,49,Yes,No,DSL,No,No,No,No,No,No,One year,Yes,Electronic check,18.89,910.38,Yes
CUST-05312,Female,0,No,Yes,26,Yes,No,DSL,No,No,No,No,No,No,Month-to-month,Yes,Mailed check,68.69,1789.59,No
CUST-05313,Male,0,No,No,33,Yes,No,DSL,Yes,Yes,Yes,No,No,Yes,Month-to-month,Yes,Electronic check,80.58,2699.49,No
CUST-05314,Male,0,No,Yes,3,Yes,Yes,Fiber optic,Yes,Yes,No,Yes,No,Yes,Two year,No,Credit card (automatic),47.9,95.45,No
CUST-05315,Male,0,No,No,51,Yes,Yes,Fiber optic,No,No,No,No,No,No,One year,Yes,Electronic check,98.98,5048.7,No
CUST-05316,Female,0,Yes,No,72,Yes,Yes,Fiber optic,No,No,Yes,Yes,No,No,One year,No,Bank transfer (automatic),84.33,6050.0,No
CUST-05317,Female,0,Yes,No,5,Yes,Yes,Fiber optic,No,No,No,Yes,Yes,No,Two year,Yes,Electronic check,57.62,292.64,No
CUST-05318,Male,0,Yes,No,31,Yes,No,DSL,No,No,No,Yes,No,Yes,Month-to-month,No,Bank transfer (automatic),57.03,1751.35,Yes
CUST-05319,Female,0,No,Yes,4,Yes,No,No,No internet service,No internet service,No internet service,No internet service,No internet service,No internet service,Month-to-month,Yes,Credit card (automatic),35.86,184.95,No
CUST-05320,Male,0,No,No,1,Yes,No,DSL,Yes,Yes,No,Yes,No,No,One year,Yes,Credit card (automatic),59.42,18.0,No
CUST-05321,Male,0,No,No,48,Yes,No,Fiber optic,No,No,Yes,No,No,No,Month-to-month,Yes,Mailed check,107.4,5143.32,Yes
CUST-05322,Female,0,No,No,48,Yes,No,Fiber optic,No,No,No,No,No,Yes,Two year,No,Electronic check,77.71,3731.96,No
CUST-05323,Female,0,Yes,Yes,72,Yes,No,Fiber optic,No,Yes,No,No,No,No,Month-to-month,No,Credit card (automatic),67.49,4813.85,No
CUST-05324,Male,0,No,No,39,Yes,No,Fiber optic,No,No,No,Yes,Yes,Yes,Month-to-month,Yes,Electronic check,76.74,2914.56,Yes
CUST-05325,Female,0,Yes,No,0,Yes,Yes,No,No internet service,No internet service,No internet service,No internet service,No internet service,No internet service,Month-to-month,No,Credit card (automatic),23.92,45.28,No
CUST-05326,Male,0,Yes,No,0,Yes,Yes,Fiber optic,No,Yes,No,No,No,Yes,Month-to-month,Yes,Electronic check,94.64,18.0,Yes
CUST-05327,Female,0,No,No,2,Yes,No,No,No internet service,No internet service,No internet service,No internet service,No internet service,No internet service,One year,Yes,Electronic check,41.57,38.85,Yes
CUST-05328,Male,1,Yes,No,59,Yes,No,DSL,No,No,No,No,No,No,Two year,No,Bank transfer (automatic),52.3,3092.08,No
CUST-05329,Male,0,No,No,48,Yes,No,Fiber optic,No,Yes,No,No,Yes,No,Month-to-month,Yes,Mailed check,78.42,3733.0,Yes
CUST-05330,Male,0,No,Yes,35,Yes,No,DSL,No,No,Yes,No,Yes,No,Month-to-month,Yes,Bank transfer (automatic),50.87,1746.11,Yes
CUST-05331,Female,0,No,No,3,Yes,No,Fiber optic,Yes,No,No,No,Yes,No,One year,Yes,Bank transfer (automatic),61.32,175.2,No
CUST-05332,Female,0,Yes,Yes,40,Yes,No,Fiber optic,Yes,No,No,No,No,No,Month-to-month,Yes,Mailed check,74.93,2978.39,No
CUST-05333,Male,0,Yes,Yes,30,Yes,No,Fiber optic,No,No,Yes,No,No,Yes,Month-to-month,No,Credit card (automatic),66.58,2061.55,No
CUST-05334,Female,0,Yes,Yes,59,No,No phone service,Fiber optic,No,No,No,Yes,No,No,Month-to-month,Yes,Bank transfer (automatic),53.47,3172.74,No
CUST-05335,Female,1,No,Yes,29,Yes,No,Fiber optic,No,Yes,No,Yes,Yes,No,Two year,Yes,Electronic check,91.89,2622.11,No
CUST-05336,Male,1,Yes,No,52,Yes,Yes,Fiber optic,No,No,No,No,Yes,Yes,Month-to-month,No,Credit card (automatic),39.34,2110.57,No
CUST-05337,Female,0,Yes,No,2,Yes,Yes,Fiber optic,Yes,No,No,No,No,Yes,One year,No,Electronic check,52.19,90.38,No
CUST-05338,Female,0,No,No,72,Yes,No,No,No internet service,No internet service,No internet service,No internet service,No internet service,No internet service,Month-to-month,Yes,Credit card (automatic),56.94,4181.09,No
CUST-05339,Male,0,No,No,17,Yes,No,DSL,No,Yes,No,No,Yes,No,Month-to-month,No,Electronic check,48.97,784.96,No
CUST-05340,Male,0,No,No,0,Yes,No,Fiber optic,No,No,No,No,Yes,No,Month-to-month,Yes,Mailed check,89.98,18.0,Yes
CUST-05341,Male,1,Yes,No,14,No,No phone service,No,No internet service,No internet service,No internet service,No internet service,No internet service,No internet service,Month-to-month,Yes,Mailed check,62.03,791.87,No
CUST-05342,Female,0,No,No,5,Yes,Yes,DSL,No,No,No,No,No,No,Month-to-month,No,Mailed check,73.92,340.06,No
CUST-05343,Female,0,Yes,No,53,Yes,No,Fiber optic,No,Yes,No,No,Yes,No,Month-to-month,Yes,Electronic check,97.7,5355.87,Yes
CUST-05344,Male,0,Yes,No,1,Yes,No,DSL,No,Yes,Yes,No,Yes,Yes,Two year,No,Mailed check,49.26,37.06,No
CUST-05345,Male,0,Yes,No,35,Yes,Yes,No,No internet service,No internet service,No internet service,No internet service,No internet service,No internet service,Two year,Yes,Mailed check,43.07,1534.86,No
CUST-05346,Male,0,No,No,66,Yes,Yes,Fiber optic,Yes,Yes,Yes,No,No,No,Month-to-month,No,Electronic check,71.74,4701.93,No
CUST-05347,Male,0,No,No,3,Yes,Yes,No,No internet service,No internet service,No internet service,No internet service,No internet service,No internet service,Month-to-month,Yes,Mailed check,60.08,172.02,No
CUST-05348,Male,0,Yes,No,4,Yes,No,Fiber optic,No,No,No,No,No,No,Month-to-month,No,Bank transfer (automatic),62.8,256.25,No
CUST-05349,Male,0,No,No,72,Yes,Yes,Fiber optic,No,No,No,No,No,Yes,Month-to-month,No,Electronic check,85.47,6196.26,Yes
CUST-05350,Female,1,No,Yes,52,Yes,No,Fiber optic,No,Yes,No,No,No,No,Month-to-month,Yes,Credit card (automatic),72.02,3729.58,Yes
CUST-05351,Male,0,Yes,No,46,Yes,No,Fiber optic,No,Yes,Yes,Yes,Yes,Yes,Month-to-month,No,Credit card (automatic),86.8,4045.22,Yes
CUST-05352,Female,0,No,No,0,No,No phone service,Fiber optic,No,No,No,No,No,No,Two year,No,Credit card (automatic),88.61,18.0,No
CUST-05353,Male,0,Yes,No,5,Yes,No,DSL,Yes,No,No,No,Yes,Yes,Two year,Yes,Electronic check,48.16,234.34,No
CUST-05354,Male,0,Yes,Yes,42,Yes,No,DSL,No,No,No,No,Yes,No,Month-to-month,No,Credit card (automatic),76.2,3181.99,No
CUST-05355,Female,1,No,No,59,Yes,No,Fiber optic,No,No,No,No,No,Yes,Month-to-month,No,Mailed check,92.68,5487.48,No
CUST-05356,Female,0,Yes,Yes,16,Yes,No,DSL,No,Yes,No,No,Yes,No,Two year,Yes,Mailed check,25.24,419.06,No
CUST-05357,Female,0,No,No,66,Yes,Yes,Fiber optic,Yes,Yes,No,Yes,Yes,No,Two year,Yes,Mailed check,33.43,2285.92,No
CUST-05358,Female,0,Yes,No,56,Yes,No,No,No internet service,No internet service,No internet service,No internet service,No internet service,No internet service,Two year,No,Bank transfer (automatic),29.83,1718.24,No
CUST-05359,Male,0,No,No,11,Yes,Yes,Fiber optic,No,No,Yes,No,No,No,One year,No,Electronic check,66.3,732.32,No
CUST-05360,Male,1,No,No,12,Yes,Yes,DSL,No,Yes,No,No,No,No,Month-to-month,Yes,Credit card (automatic),71.85,837.08,Yes
CUST-05361,Female,0,No,Yes,1,Yes,Yes,No,No internet service,No internet service,No internet service,No internet service,No internet service,No internet service,Month-to-month,Yes,Electronic check,39.91,24.81,No
CUST-05362,Female,0,No,No,51,Yes,No,Fiber optic,Yes,No,Yes,No,No,No,Two year,Yes,Electronic check,62.49,3157.13,No
CUST-05363,Female,0,No,Yes,72,Yes,Yes,No,No internet service,No internet service,No internet service,No internet service,No internet service,No internet service,Two year,Yes,Mailed check,49.25,3541.86,No
CUST-05364,Female,0,Yes,No,52,Yes,Yes,DSL,Yes,No,No,No,No,No,Month-to-month,Yes,Electronic check,77.53,4096.81,No
CUST-05365,Male,0,Yes,No,46,No,No phone service,DSL,Yes,No,No,No,No,No,Month-to-month,Yes,Mailed check,59.35,2785.64,No
CUST-05366,Male,0,No,Yes,8,Yes,Yes,DSL,No,No,Yes,No,Yes,Yes,Month-to-month,Yes,Mailed check,51.34,483.79,Yes
CUST-05367,Male,0,No,No,49,Yes,Yes,Fiber optic,No,No,Yes,No,Yes,Yes,Two year,Yes,Mailed check,60.9,2932.62,No
CUST-05368,Female,0,Yes,No,46,Yes,No,No,No internet service,No internet service,No internet service,No internet service,No internet service,No internet service,Month-to-month,Yes,Electronic check,25.95,1240.28,Yes
CUST-05369,Female,0,No,Yes,53,Yes,No,Fiber optic,Yes,No,Yes,No,No,No,Two year,No,Electronic check,52.87,2759.76,No
CUST-05370,Male,0,Yes,No,60,No,No phone service,DSL,Yes,No,Yes,No,No,No,One year,No,Mailed check,67.73,4084.43,No
CUST-05371,Female,0,Yes,Yes,50,Yes,No,DSL,No,Yes,No,No,No,Yes,Month-to-month,Yes,Bank transfer (automatic),60.55,3013.67,No
CUST-05372,Female,0,No,Yes,39,Yes,Yes,Fiber optic,No,Yes,No,Yes,No,No,One year,Yes,Bank transfer (automatic),70.37,2768.89,No
CUST-05373,Male,0,No,No,0,No,No phone service,DSL,No,Yes,No,Yes,No,No,Two year,No,Mailed check,67.8,63.6,No
CUST-05374,Male,0,No,No,58,Yes,No,DSL,Yes,No,No,Yes,No,No,One year,Yes,Mailed check,60.32,3487.96,No
CUST-05375,Female,0,Yes,No,48,Yes,No,Fiber optic,No,No,No,Yes,No,No,Two year,No,Mailed check,58.84,2790.91,No
CUST-05376,Female,0,Yes,No,6,Yes,No,DSL,Yes,No,No,No,Yes,Yes,Month-to-month,No,Credit card (automatic),44.85,239.92,No
CUST-05377,Male,0,No,No,16,Yes,Yes,Fiber optic,No,No,No,No,Yes,No,Month-to-month,Yes,Mailed check,67.76,1143.65,Yes
CUST-05378,Male,0,Yes,No,7,Yes,Yes,Fiber optic,No,No,No,No,Yes,No,Month-to-month,Yes,Credit card (automatic),59.48,433.6,Yes
CUST-05379,Male,0,No,Yes,17,Yes,No,Fiber optic,Yes,No,Yes,Yes,Yes,No,Month-to-month,No,Credit card (automatic),53.99,870.31,No
CUST-05380,Female,1,Yes,Yes,52,Yes,No,DSL,No,No,No,No,Yes,Yes,Two year,Yes,Electronic check,47.23,2475.4,No
CUST-05381,Male,0,Yes,No,0,Yes,No,Fiber optic,No,Yes,Yes,Yes,Yes,No,Month-to-month,Yes,Mailed check,91.23,39.36,Yes
CUST-05382,Female,0,Yes,No,0,Yes,No,DSL,No,Yes,Yes,No,No,Yes,Month-to-month,No,Bank transfer (automatic),53.9,137.85,No
CUST-05383,Male,1,Yes,No,42,Yes,No,No,No internet service,No internet service,No internet service,No internet service,No internet service,No internet service,Two year,Yes,Bank transfer (automatic),46.67,1905.11,No
CUST-05384,Male,0,Yes,Yes,19,Yes,No,DSL,Yes,No,No,No,Yes,No,Two year,Yes,Electronic check,40.38,772.85,No
CUST-05385,Male,0,No,No,8,Yes,No,Fiber optic,No,Yes,Yes,Yes,No,No,Month-to-month,Yes,Bank transfer (automatic),51.39,375.93,Yes
CUST-05386,Female,0,No,Yes,3,Yes,No,DSL,No,Yes,No,No,Yes,No,One year,Yes,Mailed check,59.61,241.32,No
CUST-05387,Male,0,Yes,No,34,No,No phone service,DSL,No,No,No,Yes,No,No,Month-to-month,No,Credit card (automatic),59.95,2008.85,No
CUST-05388,Female,0,No,No,32,Yes,Yes,Fiber optic,No,Yes,No,No,No,Yes,Month-to-month,No,Credit card (automatic),48.52,1525.13,No
CUST-05389,Male,0,Yes,Yes,72,Yes,No,Fiber optic,No,No,No,No,Yes,No,Month-to-month,Yes,Electronic check,71.63,5176.09,Yes
CUST-05390,Female,0,Yes,No,35,Yes,No,DSL,No,No,No,Yes,Yes,No,One year,Yes,Electronic check,45.49,1570.04,No
CUST-05391,Male,0,No,No,20,Yes,No,DSL,No,No,No,No,Yes,Yes,Two year,Yes,Mailed check,55.23,1172.27,No
CUST-05392,Male,0,No,No,5,Yes,No,Fiber optic,No,No,Yes,No,No,No,One year,Yes,Credit card (automatic),67.26,439.09,No
CUST-05393,Female,0,No,No,72,Yes,Yes,Fiber optic,No,No,Yes,No,No,Yes,Two year,No,Credit card (automatic),67.09,4773.98,No
CUST-05394,Female,0,Yes,Yes,30,Yes,No,No,No internet service,No internet service,No internet service,No internet service,No internet service,No internet service,Month-to-month,Yes,Bank transfer (automatic),84.8,2583.87,No
CUST-05395,Female,0,Yes,Yes,22,Yes,No,DSL,Yes,Yes,No,Yes,No,No,Month-to-month,No,Credit card (automatic),65.44,1496.78,No
CUST-05396,Male,0,No,Yes,20,Yes,No,No,No internet service,No internet service,No internet service,No internet service,No internet service,No internet service,Two year,No,Mailed check,45.46,881.75,No
CUST-05397,Female,1,No,Yes,63,Yes,No,Fiber optic,Yes,No,Yes,No,No,No,Month-to-month,Yes,Electronic check,70.41,4471.08,Yes
CUST-05398,Male,0,No,No,1,Yes,Yes,DSL,No,No,No,No,Yes,Yes,Month-to-month,No,Electronic check,50.48,112.11,Yes
CUST-05399,Female,0,No,No,43,Yes,No,DSL,No,No,Yes,No,No,No,Two year,Yes,Electronic check,65.09,2763.19,No
CUST-05400,Female,0,Yes,No,34,Yes,Yes,No,No internet service,No internet service,No internet service,No internet service,No internet service,No internet service,Month-to-month,Yes,Mailed check,49.1,1634.11,No
CUST-05401,Female,0,No,No,0,Yes,No,DSL,No,No,No,No,No,No,One year,No,Electronic check,57.71,18.0,No
CUST-05402,Female,0,No,No,30,Yes,Yes,DSL,No,Yes,Yes,No,No,Yes,Month-to-month,No,Electronic check,45.43,1362.18,Yes
CUST-05403,Female,0,Yes,Yes,0,Yes,Yes,DSL,No,No,No,No,No,Yes,Month-to-month,No,Credit card (automatic),42.85,18.0,No
CUST-05404,Female,0,Yes,Yes,57,Yes,No,Fiber optic,No,No,No,No,No,No,Two year,No,Bank transfer (automatic),66.44,3886.74,No
CUST-05405,Male,0,No,No,5,Yes,No,Fiber optic,No,Yes,No,No,No,No,One year,Yes,Electronic check,94.41,483.15,No
CUST-05406,Male,1,Yes,No,22,Yes,No,Fiber optic,No,No,No,No,Yes,Yes,Two year,No,Electronic check,69.94,1511.44,No
CUST-05407,Female,0,No,Yes,41,Yes,No,No,No internet service,No internet service,No internet service,No internet service,No internet service,No internet service,Month-to-month,Yes,Mailed check,18.0,770.26,Yes
CUST-05408,Female,0,No,No,0,Yes,Yes,DSL,No,No,Yes,Yes,No,Yes,Two year,No,Electronic check,80.72,18.0,No
CUST-05409,Female,0,Yes,Yes,70,Yes,No,Fiber optic,No,Yes,No,Yes,No,No,Month-to-month,No,Electronic check,75.17,5222.2,No
CUST-05410,Female,0,No,No,15,Yes,No,No,No internet service,No internet service,No internet service,No internet service,No internet service,No internet service,Month-to-month,No,Credit card (automatic),82.63,1257.07,No
CUST-05411,Male,0,No,No,1,Yes,No,DSL,No,Yes,No,Yes,Yes,No,Month-to-month,Yes,Credit card (automatic),58.6,18.0,No
CUST-05412,Male,1,Yes,Yes,43,Yes,No,Fiber optic,No,Yes,Yes,No,No,No,Month-to-month,Yes,Mailed check,91.75,3935.22,No
CUST-05413,Female,0,No,No,17,Yes,No,DSL,No,No,Yes,No,No,No,Month-to-month,Yes,Credit card (automatic),70.19,1141.26,Yes
CUST-05414,Female,1,Yes,No,72,Yes,No,Fiber optic,No,No,Yes,No,No,Yes,Month-to-month,No,Mailed check,69.4,5019.6,No
CUST-05415,Male,0,No,No,41,Yes,No,DSL,No,No,No,Yes,Yes,No,One year,Yes,Credit card (automatic),78.41,3205.82,No
CUST-05416,Male,0,Yes,No,16,No,No phone service,DSL,No,Yes,No,No,Yes,No,Month-to-month,Yes,Bank transfer (automatic),49.85,789.07,No
CUST-05417,Male,0,Yes,No,72,Yes,No,DSL,No,No,No,No,No,Yes,Month-to-month,Yes,Credit card (automatic),54.43,3849.06,No
CUST-05418,Male,1,No,Yes,44,Yes,Yes,DSL,No,No,No,No,Yes,No,One year,Yes,Electronic check,41.13,1865.76,No
CUST-05419,Female,0,Yes,Yes,47,Yes,No,DSL,Yes,No,Yes,No,No,No,Two year,No,Bank transfer (automatic),55.25,2582.19,No
CUST-05420,Female,0,Yes,No,38,Yes,Yes,No,No internet service,No internet service,No internet service,No internet service,No internet service,No internet service,Two year,Yes,Credit card (automatic),31.64,1187.16,No
CUST-05421,Female,0,Yes,No,0,Yes,Yes,No,No internet service,No internet service,No internet service,No internet service,No internet service,No internet service,Month-to-month,Yes,Credit card (automatic),45.73,18.0,No
CUST-05422,Female,0,No,Yes,34,Yes,No,Fiber optic,No,Yes,Yes,No,No,No,Two year,No,Credit card (automatic),74.2,2585.36,No
CUST-05423,Male,0,No,No,68,Yes,No,DSL,No,Yes,No,Yes,No,Yes,Month-to-month,Yes,Credit card (automatic),63.62,4311.19,No
CUST-05424,Male,0,Yes,No,4,Yes,No,No,No internet service,No internet service,No internet service,No internet service,No internet service,No internet service,Month-to-month,Yes,Mailed check,48.36,177.12,No
CUST-05425,Male,0,Yes,Yes,72,Yes,No,No,No internet service,No internet service,No internet service,No internet service,No internet service,No internet service,Month-to-month,Yes,Electronic check,56.0,4110.24,No
CUST-05426,Male,0,Yes,Yes,41,Yes,No,No,No internet service,No internet service,No internet service,No internet service,No internet service,No internet service,Month-to-month,Yes,Electronic check,81.8,3311.78,No
CUST-05427,Female,0,No,No,25,Yes,Yes,Fiber optic,No,No,No,No,No,No,Two year,Yes,Mailed check,66.46,1664.89,Yes
CUST-05428,Male,0,Yes,Yes,24,Yes,No,DSL,No,Yes,Yes,No,Yes,No,Two year,No,Bank transfer (automatic),92.44,2265.81,No
CUST-05429,Male,0,No,No,40,Yes,Yes,No,No internet service,No internet service,No internet service,No internet service,No internet service,No internet service,Month-to-month,No,Mailed check,24.13,973.0,No
CUST-05430,Female,0,No,No,15,Yes,No,Fiber optic,No,Yes,No,No,No,No,Month-to-month,Yes,Electronic check,34.46,515.88,No
CUST-05431,Female,0,No,Yes,6,Yes,Yes,Fiber optic,No,No,Yes,No,Yes,Yes,Month-to-month,No,Electronic check,75.45,474.26,Yes
CUST-05432,Male,1,No,No,0,Yes,No,DSL,No,Yes,Yes,Yes,No,No,Month-to-month,Yes,Electronic check,55.15,21.2,No
CUST-05433,Male,0,Yes,Yes,46,Yes,Yes,DSL,No,No,No,No,No,Yes,Month-to-month,No,Electronic check,32.48,1484.04,No
CUST-05434,Female,0,No,No,6,Yes,Yes,No,No internet service,No internet service,No internet service,No internet service,No internet service,No internet service,Month-to-month,Yes,Credit card (automatic),45.76,303.97,No
CUST-05435,Female,0,Yes,Yes,48,Yes,No,Fiber optic,No,Yes,No,No,Yes,No,One year,Yes,Credit card (automatic),61.68,3010.73,No
CUST-05436,Female,0,No,No,23,Yes,No,Fiber optic,Yes,No,Yes,Yes,No,Yes,Two year,Yes,Electronic check,81.2,1855.23,No
CUST-05437,Male,0,Yes,No,10,Yes,Yes,DSL,No,No,No,No,Yes,No,Month-to-month,Yes,Mailed check,53.04,567.48,Yes
CUST-05438,Male,0,Yes,No,32,No,No phone service,Fiber optic,No,No,Yes,No,Yes,No,One year,No,Electronic check,91.59,3039.65,No
CUST-05439,Male,0,Yes,Yes,43,Yes,Yes,DSL,Yes,No,No,Yes,No,No,Month-to-month,No,Mailed check,57.53,2516.11,No
CUST-05440,Female,0,Yes,No,0,Yes,Yes,No,No internet service,No internet service,No internet service,No internet service,No internet service,No internet service,Month-to-month,Yes,Mailed check,49.26,18.0,Yes
CUST-05441,Female,0,No,No,15,Yes,Yes,Fiber optic,Yes,No,No,No,No,Yes,Month-to-month,No,Electronic check,68.6,981.87,No
CUST-05442,Female,0,No,No,0,Yes,Yes,Fiber optic,No,No,Yes,No,No,No,One year,Yes,Electronic check,80.74,18.0,No
CUST-05443,Female,0,Yes,No,4,Yes,Yes,DSL,Yes,No,No,Yes,No,Yes,One year,Yes,Bank transfer (automatic),51.43,166.09,No
CUST-05444,Female,0,No,No,42,Yes,Yes,Fiber optic,Yes,No,Yes,No,Yes,Yes,Month-to-month,Yes,Electronic check,82.73,3456.17,No
CUST-05445,Male,0,No,No,14,No,No phone service,Fiber optic,No,No,No,No,No,No,Month-to-month,Yes,Credit card (automatic),37.65,592.62,Yes
CUST-05446,Male,0,Yes,No,71,Yes,Yes,No,No internet service,No internet service,No internet service,No internet service,No internet service,No internet service,Two year,Yes,Credit card (automatic),46.87,3390.31,No
CUST-05447,Female,1,Yes,No,72,Yes,Yes,No,No internet service,No internet service,No internet service,No internet service,No internet service,No internet service,Month-to-month,Yes,Mailed check,36.3,2708.43,No
CUST-05448,Male,0,No,No,45,Yes,Yes,Fiber optic,No,No,Yes,No,Yes,No,Two year,No,Mailed check,54.61,2419.81,No
CUST-05449,Male,1,Yes,No,71,Yes,No,Fiber optic,No,No,No,Yes,No,No,Two year,Yes,Electronic check,52.01,3684.61,No
CUST-05450,Male,0,No,No,2,Yes,Yes,No,No internet service,No internet service,No internet service,No internet service,No internet service,No internet service,Two year,Yes,Mailed check,32.11,18.0,No
CUST-05451,Male,0,Yes,Yes,63,Yes,Yes,Fiber optic,No,No,No,Yes,No,Yes,Month-to-month,No,Mailed check,72.96,4646.34,No
CUST-05452,Female,0,Yes,No,2,No,No phone service,Fiber optic,Yes,Yes,No,Yes,No,No,Two year,No,Credit card (automatic),70.63,233.11,No
CUST-05453,Female,0,No,No,2,Yes,No,DSL,No,Yes,No,No,Yes,No,One year,No,Mailed check,69.39,88.3,No
CUST-05454,Female,0,No,No,72,Yes,Yes,Fiber optic,Yes,No,No,No,Yes,Yes,Month-to-month,Yes,Electronic check,65.54,4823.0,No
CUST-05455,Male,0,No,No,36,Yes,No,DSL,No,No,No,No,Yes,Yes,One year,Yes,Credit card (automatic),73.86,2674.21,No
CUST-05456,Male,1,Yes,No,37,No,No phone service,DSL,No,No,Yes,No,No,Yes,Two year,Yes,Mailed check,54.65,2064.44,No
CUST-05457,Male,0,No,Yes,72,No,No phone service,DSL,No,No,No,No,Yes,No,Month-to-month,No,Bank transfer (automatic),71.77,5110.67,No
CUST-05458,Male,0,No,No,70,Yes,No,Fiber optic,No,Yes,Yes,Yes,No,No,Two year,No,Bank transfer (automatic),70.5,4967.96,No
CUST-05459,Female,0,No,No,42,Yes,No,DSL,No,Yes,No,No,Yes,No,Two year,No,Bank transfer (automatic),41.27,1796.15,No
CUST-05460,Female,0,No,Yes,32,Yes,No,No,No internet service,No internet service,No internet service,No internet service,No internet service,No internet service,Month-to-month,Yes,Mailed check,23.89,730.26,No
CUST-05461,Female,0,No,Yes,0,Yes,No,Fiber optic,No,Yes,Yes,No,Yes,No,One year,Yes,Electronic check,46.65,23.22,Yes
CUST-05462,Male,0,No,No,36,Yes,Yes,DSL,Yes,Yes,No,No,No,No,One year,No,Electronic check,40.3,1466.97,No
CUST-05463,Female,0,No,No,16,Yes,No,Fiber optic,Yes,Yes,No,No,No,Yes,Month-to-month,Yes,Credit card (automatic),60.31,968.58,No
CUST-05464,Male,0,No,No,29,Yes,No,DSL,No,No,Yes,Yes,No,No,Two year,Yes,Bank transfer (automatic),68.54,2059.58,No
CUST-05465,Male,0,No,No,59,Yes,No,DSL,No,No,No,No,No,Yes,Month-to-month,Yes,Bank transfer (automatic),70.58,4166.13,No
CUST-05466,Female,1,No,No,36,Yes,Yes,DSL,No,No,No,Yes,No,Yes,One year,No,Credit card (automatic),73.83,2699.45,No
CUST-05467,Male,0,No,Yes,4,No,No phone service,No,No internet service,No internet service,No internet service,No internet service,No internet service,No internet service,Month-to-month,Yes,Electronic check,18.0,128.74,Yes
CUST-05468,Male,0,Yes,No,72,Yes,No,Fiber optic,No,No,Yes,No,Yes,No,Two year,No,Credit card (automatic),62.43,4405.1,No
CUST-05469,Female,1,Yes,No,52,Yes,Yes,DSL,No,Yes,Yes,No,Yes,No,Two year,No,Electronic check,45.49,2363.9,No
CUST-05470,Male,0,Yes,No,34,Yes,No,Fiber optic,Yes,No,Yes,Yes,No,Yes,Month-to-month,Yes,Electronic check,60.36,2026.44,Yes
CUST-05471,Female,0,No,No,51,Yes,No,DSL,No,Yes,No,Yes,No,No,One year,Yes,Electronic check,34.27,1729.41,No
CUST-05472,Male,0,Yes,Yes,1,Yes,Yes,Fiber optic,No,No,No,No,Yes,No,Month-to-month,Yes,Bank transfer (automatic),80.73,46.89,Yes
CUST-05473,Female,0,Yes,No,19,Yes,No,No,No internet service,No internet service,No internet service,No internet service,No internet service,No internet service,Two year,Yes,Bank transfer (automatic),72.3,1350.37,No
CUST-05474,Male,1,No,No,60,Yes,Yes,DSL,No,Yes,No,Yes,Yes,No,Two year,No,Credit card (automatic),49.09,2854.99,Yes
CUST-05475,Male,0,Yes,No,8,Yes,Yes,DSL,Yes,Yes,No,No,No,Yes,Month-to-month,Yes,Electronic check,87.91,672.81,No
CUST-05476,Female,0,No,Yes,5,Yes,No,Fiber optic,No,Yes,Yes,No,Yes,Yes,Month-to-month,No,Electronic check,32.42,105.06,Yes
CUST-05477,Male,1,No,Yes,43,Yes,No,Fiber optic,No,Yes,Yes,No,Yes,No,One year,No,Electronic check,57.16,2419.31,Yes
CUST-05478,Female,0,Yes,No,3,Yes,Yes,No,No internet service,No internet service,No internet service,No internet service,No internet service,No internet service,Two year,No,Mailed check,41.01,158.71,No
CUST-05479,Male,1,Yes,No,21,Yes,No,Fiber optic,No,Yes,No,No,No,Yes,Two year,Yes,Mailed check,74.24,1625.11,Yes
CUST-05480,Female,0,No,No,67,Yes,No,DSL,Yes,No,Yes,No,No,Yes,Month-to-month,No,Electronic check,54.02,3642.16,No
CUST-05481,Female,0,No,No,65,Yes,No,No,No internet service,No internet service,No internet service,No internet service,No internet service,No internet service,Month-to-month,Yes,Electronic check,28.6,1883.89,Yes
CUST-05482,Male,0,Yes,Yes,11,Yes,No,DSL,Yes,No,No,No,No,No,Month-to-month,Yes,Credit card (automatic),65.1,675.99,Yes
CUST-05483,Male,0,Yes,No,0,Yes,No,DSL,Yes,No,Yes,Yes,No,Yes,Month-to-month,Yes,Electronic check,60.92,18.0,No
CUST-05484,Female,0,No,No,48,Yes,No,No,No internet service,No internet service,No internet service,No internet service,No internet service,No internet service,Month-to-month,No,Bank transfer (automatic),36.89,1768.76,No
CUST-05485,Female,0,No,Yes,26,Yes,No,Fiber optic,No,Yes,No,No,Yes,No,Two year,Yes,Electronic check,74.42,1933.18,Yes
CUST-05486,Male,0,No,No,4,Yes,No,DSL,No,No,No,No,Yes,No,Month-to-month,No,Bank transfer (automatic),34.04,166.72,No
CUST-05487,Male,0,Yes,Yes,31,Yes,Yes,DSL,Yes,No,No,Yes,No,Yes,One year,No,Electronic check,64.01,2006.68,No
CUST-05488,Female,0,No,No,45,Yes,Yes,DSL,No,No,No,No,No,Yes,Two year,Yes,Bank transfer (automatic),43.45,1976.47,No
CUST-05489,Female,0,No,No,72,Yes,Yes,Fiber optic,No,No,Yes,No,No,No,Month-to-month,No,Electronic check,47.48,3511.27,No
CUST-05490,Male,0,Yes,Yes,63,Yes,No,No,No internet service,No internet service,No internet service,No internet service,No internet service,No internet service,Month-to-month,No,Electronic check,69.37,4371.31,Yes
CUST-05491,Male,1,No,No,69,Yes,No,Fiber optic,Yes,No,No,No,No,No,Two year,No,Mailed check,80.34,5576.51,No
CUST-05492,Female,0,No,No,23,Yes,No,Fiber optic,Yes,Yes,No,No,No,Yes,Two year,No,Electronic check,56.42,1375.5,No
CUST-05493,Male,1,No,Yes,1,Yes,Yes,Fiber optic,No,No,No,Yes,No,No,One year,Yes,Electronic check,35.34,50.03,No
CUST-05494,Male,1,No,No,59,No,No phone service,DSL,Yes,Yes,No,No,No,Yes,Month-to-month,Yes,Bank transfer (automatic),54.95,3235.18,Yes
CUST-05495,Female,0,Yes,No,18,No,No phone service,Fiber optic,No,No,Yes,No,No,No,Month-to-month,Yes,Bank transfer (automatic),70.01,1202.16,Yes
CUST-05496,Male,0,No,No,12,No,No phone service,DSL,No,No,Yes,No,Yes,Yes,Two year,Yes,Bank transfer (automatic),67.27,746.22,No
CUST-05497,Female,0,Yes,Yes,37,Yes,Yes,DSL,No,No,No,No,Yes,Yes,Month-to-month,Yes,Electronic check,22.46,871.09,No
CUST-05498,Male,0,No,No,22,Yes,Yes,DSL,No,No,No,No,No,Yes,Month-to-month,Yes,Electronic check,47.14,1049.04,No
CUST-05499,Female,0,Yes,Yes,7,Yes,Yes,No,No internet service,No internet service,No internet service,No internet service,No internet service,No internet service,Two year,Yes,Bank transfer (automatic),53.24,412.43,No
CUST-05500,Male,1,Yes,Yes,71,Yes,Yes,DSL,Yes,Yes,No,No,Yes,No,Month-to-month,Yes,Credit card (automatic),56.02,3969.0,No
CUST-05501,Female,1,No,Yes,2,Yes,No,Fiber optic,Yes,No,No,No,No,No,Month-to-month,No,Mailed check,75.61,118.18,Yes
CUST-05502,Male,0,Yes,Yes,0,Yes,No,No,No internet service,No internet service,No internet service,No internet service,No internet service,No internet service,Month-to-month,No,Mailed check,49.02,18.0,No
CUST-05503,Male,0,No,No,2,Yes,Yes,Fiber optic,Yes,No,Yes,No,No,No,Month-to-month,No,Mailed check,70.32,151.25,No
CUST-05504,Female,0,Yes,No,57,Yes,No,DSL,Yes,Yes,No,No,Yes,No,Two year,Yes,Bank transfer (automatic),65.24,3693.89,No
CUST-05505,Female,0,Yes,No,69,Yes,No,Fiber optic,Yes,Yes,No,No,No,No,Month-to-month,Yes,Electronic check,60.22,4128.38,No
CUST-05506,Female,0,Yes,No,50,Yes,No,Fiber optic,Yes,No,No,Yes,No,Yes,Month-to-month,Yes,Credit card (automatic),66.85,3442.89,No
CUST-05507,Male,0,Yes,Yes,66,Yes,No,Fiber optic,No,No,No,Yes,No,Yes,Month-to-month,Yes,Credit card (automatic),75.35,5034.95,Yes
CUST-05508,Male,0,Yes,No,62,Yes,No,DSL,No,Yes,No,No,No,No,Two year,Yes,Electronic check,86.54,5340.53,No
CUST-05509,Female,0,Yes,No,33,Yes,No,Fiber optic,No,Yes,No,Yes,No,No,Month-to-month,Yes,Bank transfer (automatic),40.55,1390.16,Yes
CUST-05510,Female,1,No,Yes,72,Yes,Yes,Fiber optic,No,No,No,No,Yes,No,Two year,Yes,Mailed check,66.37,4756.1,Yes
CUST-05511,Male,0,No,No,46,Yes,Yes,Fiber optic,No,No,No,No,Yes,No,Two year,Yes,Mailed check,78.36,3643.86,No
CUST-05512,Female,1,Yes,Yes,37,Yes,Yes,DSL,No,Yes,No,No,No,No,Month-to-month,No,Electronic check,69.54,2612.43,No
CUST-05513,Female,0,Yes,No,3,Yes,No,No,No internet service,No internet service,No internet service,No internet service,No internet service,No internet service,Month-to-month,No,Credit card (automatic),41.82,18.0,No
CUST-05514,Female,0,Yes,No,12,Yes,Yes,No,No internet service,No internet service,No internet service,No internet service,No internet service,No internet service,Month-to-month,Yes,Bank transfer (automatic),39.94,471.73,Yes
CUST-05515,Female,1,Yes,Yes,39,No,No phone service,DSL,No,No,No,No,No,No,Month-to-month,No,Credit card (automatic),57.47,2253.56,Yes
CUST-05516,Female,0,Yes,No,48,No,No phone service,DSL,Yes,Yes,No,Yes,No,No,Two year,No,Mailed check,74.25,3535.79,No
CUST-05517,Female,0,No,No,72,Yes,Yes,DSL,No,No,Yes,Yes,No,No,Two year,Yes,Mailed check,50.38,3605.76,No
CUST-05518,Female,0,No,Yes,4,Yes,Yes,Fiber optic,No,No,No,No,Yes,Yes,One year,No,Credit card (automatic),60.03,229.43,Yes
CUST-05519,Female,0,No,No,44,Yes,No,DSL,Yes,No,No,Yes,No,Yes,Two year,Yes,Mailed check,43.94,1923.06,No
CUST-05520,Female,0,No,No,11,No,No phone service,Fiber optic,No,No,No,No,Yes,No,Month-to-month,No,Credit card (automatic),65.01,664.65,Yes
CUST-05521,Male,0,No,Yes,32,Yes,Yes,No,No internet service,No internet service,No internet service,No internet service,No internet service,No internet service,Two year,No,Bank transfer (automatic),57.54,1832.18,No
CUST-05522,Female,0,Yes,Yes,2,Yes,No,DSL,No,No,No,No,No,Yes,Month-to-month,No,Mailed check,72.8,95.24,Yes
CUST-05523,Female,0,Yes,No,46,Yes,Yes,DSL,No,No,Yes,No,No,Yes,Two year,Yes,Credit card (automatic),28.48,1324.21,No
CUST-05524,Female,0,No,No,7,Yes,No,DSL,No,Yes,No,No,No,No,Month-to-month,Yes,Electronic check,45.77,254.55,No
CUST-05525,Female,0,Yes,No,3,Yes,No,DSL,Yes,No,Yes,No,No,Yes,Month-to-month,Yes,Electronic check,63.33,127.08,Yes
CUST-05526,Male,0,Yes,No,37,Yes,No,No,No internet service,No internet service,No internet service,No internet service,No internet service,No internet service,Month-to-month,Yes,Mailed check,48.85,1888.66,No
CUST-05527,Female,1,No,No,1,Yes,No,DSL,Yes,No,Yes,No,No,No,Two year,No,Electronic check,53.16,117.53,No
CUST-05528,Male,0,Yes,No,72,Yes,Yes,Fiber optic,No,Yes,No,No,No,No,Month-to-month,No,Electronic check,81.95,5967.35,Yes
CUST-05529,Male,0,Yes,No,0,No,No phone service,Fiber optic,No,Yes,No,No,No,No,Two year,No,Electronic check,82.84,24.36,No
CUST-05530,Male,0,No,Yes,51,Yes,Yes,DSL,Yes,Yes,Yes,No,Yes,Yes,Two year,No,Credit card (automatic),48.79,2526.4,No
CUST-05531,Female,1,Yes,Yes,3,Yes,No,DSL,No,Yes,No,No,No,Yes,Month-to-month,No,Mailed check,34.94,232.63,No
CUST-05532,Female,0,Yes,Yes,46,Yes,Yes,No,No internet service,No internet service,No internet service,No internet service,No internet service,No internet service,Month-to-month,Yes,Electronic check,43.61,1911.69,No
CUST-05533,Female,0,Yes,No,72,Yes,No,No,No internet service,No internet service,No internet service,No internet service,No internet service,No internet service,Two year,Yes,Credit card (automatic),28.72,2090.97,No
CUST-05534,Male,1,Yes,No,2,Yes,No,DSL,No,No,Yes,No,No,Yes,Month-to-month,Yes,Electronic check,61.64,196.39,Yes
CUST-05535,Male,0,No,No,1,Yes,No,Fiber optic,No,No,No,No,No,No,Month-to-month,No,Electronic check,52.38,18.0,Yes
CUST-05536,Female,1,No,No,39,Yes,No,Fiber optic,No,No,No,No,Yes,Yes,Month-to-month,No,Bank transfer (automatic),94.24,3654.77,No
CUST-05537,Male,0,Yes,No,19,Yes,No,DSL,No,No,No,No,Yes,No,One year,Yes,Electronic check,34.52,608.75,No
CUST-05538,Female,0,Yes,Yes,72,Yes,No,DSL,Yes,Yes,No,No,No,Yes,Month-to-month,No,Credit card (automatic),49.09,3478.21,No
CUST-05539,Female,1,Yes,No,21,Yes,No,DSL,No,No,No,Yes,No,No,Month-to-month,Yes,Bank transfer (automatic),57.09,1113.55,No
CUST-05540,Female,1,No,No,1,Yes,Yes,Fiber optic,No,No,No,Yes,Yes,No,Month-to-month,No,Electronic check,62.03,78.87,Yes
CUST-05541,Male,0,Yes,No,60,Yes,Yes,Fiber optic,Yes,Yes,Yes,No,Yes,No,Month-to-month,No,Credit card (automatic),56.09,3417.59,No
CUST-05542,Male,0,Yes,No,72,Yes,Yes,No,No internet service,No internet service,No internet service,No internet service,No internet service,No internet service,Month-to-month,Yes,Electronic check,48.0,3475.58,No
CUST-05543,Male,0,No,Yes,67,Yes,Yes,No,No internet service,No internet service,No internet service,No internet service,No internet service,No internet service,Month-to-month,Yes,Electronic check,74.01,4944.25,No
CUST-05544,Female,0,No,No,22,Yes,No,Fiber optic,No,No,No,Yes,No,No,Month-to-month,No,Electronic check,77.01,1694.06,Yes
CUST-05545,Male,0,No,No,0,Yes,No,Fiber optic,Yes,Yes,No,Yes,No,No,One year,Yes,Electronic check,73.49,18.0,No
CUST-05546,Female,0,No,No,0,Yes,No,No,No internet service,No internet service,No internet service,No internet service,No internet service,No internet service,Month-to-month,No,Mailed check,63.82,72.99,No
CUST-05547,Male,0,No,No,0,Yes,Yes,DSL,No,No,No,No,Yes,No,One year,No,Electronic check,63.23,18.0,No
CUST-05548,Male,0,No,No,46,Yes,No,DSL,Yes,Yes,Yes,No,No,No,Month-to-month,Yes,Bank transfer (automatic),71.29,3318.04,Yes
CUST-05549,Male,0,No,Yes,10,Yes,No,Fiber optic,No,No,No,No,No,No,Two year,No,Mailed check,51.75,694.56,No
CUST-05550,Female,0,Yes,No,68,Yes,No,Fiber optic,No,Yes,No,No,Yes,No,Two year,No,Mailed check,55.02,3750.57,No
CUST-05551,Female,0,Yes,Yes,1,Yes,No,No,No internet service,No internet service,No internet service,No internet service,No internet service,No internet service,Month-to-month,Yes,Bank transfer (automatic),70.86,18.0,Yes
CUST-05552,Male,0,Yes,Yes,50,Yes,No,Fiber optic,Yes,No,No,No,Yes,No,Month-to-month,No,Mailed check,77.46,3993.73,No
CUST-05553,Female,0,No,Yes,5,Yes,No,Fiber optic,No,Yes,No,No,No,No,Month-to-month,No,Electronic check,64.59,267.11,Yes
CUST-05554,Female,0,No,No,46,Yes,Yes,Fiber optic,Yes,No,No,Yes,No,No,Month-to-month,No,Credit card (automatic),51.13,2407.37,Yes
CUST-05555,Female,0,No,No,71,Yes,No,Fiber optic,No,No,Yes,Yes,Yes,Yes,Month-to-month,Yes,Electronic check,67.79,4855.9,No
CUST-05556,Female,0,Yes,No,47,Yes,No,No,No internet service,No internet service,No internet service,No internet service,No internet service,No internet service,Month-to-month,No,Mailed check,73.36,3429.65,No
CUST-05557,Male,0,No,No,0,Yes,Yes,Fiber optic,No,No,No,No,No,Yes,One year,Yes,Mailed check,51.89,18.0,Yes
CUST-05558,Male,0,Yes,Yes,2,Yes,No,No,No internet service,No internet service,No internet service,No internet service,No internet service,No internet service,Month-to-month,No,Credit card (automatic),72.84,222.86,No
CUST-05559,Female,0,Yes,No,24,Yes,Yes,DSL,No,No,No,No,No,No,Month-to-month,No,Credit card (automatic),45.21,1073.61,No
CUST-05560,Male,0,No,No,41,Yes,No,No,No internet service,No internet service,No internet service,No internet service,No internet service,No internet service,One year,Yes,Bank transfer (automatic),44.88,1773.43,No
CUST-05561,Male,0,No,Yes,7,Yes,Yes,No,No internet service,No internet service,No internet service,No internet service,No internet service,No internet service,Month-to-month,Yes,Mailed check,45.31,364.7,No
CUST-05562,Male,0,No,No,58,Yes,Yes,No,No internet service,No internet service,No internet service,No internet service,No internet service,No internet service,Month-to-month,No,Mailed check,47.24,2764.65,No
CUST-05563,Female,0,Yes,No,46,No,No phone service,No,No internet service,No internet service,No internet service,No internet service,No internet service,No internet service,Month-to-month,Yes,Mailed check,22.35,940.48,Yes
CUST-05564,Male,0,Yes,No,36,Yes,Yes,Fiber optic,No,Yes,No,No,No,No,One year,Yes,Bank transfer (automatic),112.27,4086.82,No
CUST-05565,Male,0,Yes,No,9,No,No phone service,Fiber optic,No,No,No,Yes,No,Yes,Month-to-month,No,Electronic check,63.9,588.96,No
CUST-05566,Female,0,Yes,No,72,Yes,No,DSL,No,No,No,No,Yes,No,Two year,No,Credit card (automatic),66.64,4838.61,No
CUST-05567,Male,0,No,No,64,Yes,No,DSL,No,No,No,No,No,Yes,Two year,No,Mailed check,57.12,3777.93,No
CUST-05568,Male,0,Yes,No,1,Yes,Yes,No,No internet service,No internet service,No internet service,No internet service,No internet service,No internet service,Month-to-month,Yes,Mailed check,49.02,18.0,No
CUST-05569,Male,0,Yes,Yes,46,Yes,No,Fiber optic,Yes,Yes,No,No,No,No,Two year,No,Credit card (automatic),72.02,3325.67,No
CUST-05570,Male,0,Yes,No,4,Yes,No,Fiber optic,No,Yes,No,No,Yes,Yes,Month-to-month,No,Electronic check,69.86,277.49,Yes
CUST-05571,Female,0,No,No,29,No,No phone service,Fiber optic,No,Yes,No,Yes,No,No,Two year,Yes,Credit card (automatic),54.2,1611.07,No
CUST-05572,Female,0,No,No,27,Yes,No,Fiber optic,No,No,No,Yes,No,No,Month-to-month,No,Electronic check,59.46,1575.27,Yes
CUST-05573,Male,0,Yes,No,0,No,No phone service,Fiber optic,Yes,No,No,No,No,Yes,Month-to-month,Yes,Mailed check,83.56,20.31,No
CUST-05574,Female,0,Yes,Yes,42,Yes,No,No,No internet service,No internet service,No internet service,No internet service,No internet service,No internet service,Two year,No,Credit card (automatic),66.27,2854.01,No
CUST-05575,Female,0,No,No,13,Yes,No,DSL,No,No,Yes,No,No,No,Month-to-month,Yes,Credit card (automatic),42.36,648.14,No
CUST-05576,Female,0,No,No,68,No,No phone service,Fiber optic,Yes,Yes,Yes,No,No,No,Month-to-month,Yes,Electronic check,65.83,4501.83,Yes
CUST-05577,Female,0,Yes,No,38,Yes,No,DSL,Yes,No,Yes,Yes,Yes,Yes,Two year,Yes,Electronic check,46.9,1723.16,No
CUST-05578,Female,1,Yes,Yes,68,Yes,Yes,No,No internet service,No internet service,No internet service,No internet service,No internet service,No internet service,Month-to-month,Yes,Bank transfer (automatic),58.41,4028.05,Yes
CUST-05579,Male,0,No,Yes,43,Yes,No,Fiber optic,Yes,No,No,Yes,No,No,One year,Yes,Bank transfer (automatic),63.15,2634.13,No
CUST-05580,Male,0,No,No,16,Yes,Yes,No,No internet service,No internet service,No internet service,No internet service,No internet service,No internet service,Two year,No,Credit card (automatic),40.2,544.65,No
CUST-05581,Female,0,Yes,No,72,Yes,No,DSL,No,Yes,No,No,Yes,No,Month-to-month,No,Electronic check,40.64,2889.01,Yes
CUST-05582,Female,0,Yes,No,44,No,No phone service,No,No internet service,No internet service,No internet service,No internet service,No internet service,No internet service,Month-to-month,Yes,Electronic check,59.29,2560.56,No
CUST-05583,Female,0,Yes,No,3,No,No phone service,DSL,No,Yes,Yes,No,No,Yes,Two year,Yes,Credit card (automatic),56.84,182.51,No
CUST-05584,Male,0,Yes,No,69,Yes,No,DSL,No,No,No,No,No,No,Month-to-month,Yes,Credit card (automatic),46.99,3294.53,No
CUST-05585,Male,0,Yes,Yes,64,Yes,No,DSL,No,Yes,Yes,No,No,Yes,One year,Yes,Bank transfer (automatic),52.22,3366.17,No
CUST-05586,Female,0,Yes,No,63,Yes,No,Fiber optic,No,No,No,No,No,Yes,Month-to-month,Yes,Electronic check,94.2,5844.47,No
CUST-05587,Male,0,Yes,No,0,Yes,Yes,No,No internet service,No internet service,No internet service,No internet service,No internet service,No internet service,Month-to-month,No,Bank transfer (automatic),49.38,18.0,No
CUST-05588,Female,0,Yes,Yes,0,Yes,Yes,Fiber optic,No,No,No,No,No,Yes,Month-to-month,No,Credit card (automatic),89.6,18.0,Yes
CUST-05589,Female,1,No,No,72,Yes,No,DSL,No,No,Yes,No,Yes,Yes,Two year,Yes,Electronic check,45.54,3276.71,No
CUST-05590,Female,0,Yes,Yes,57,Yes,No,Fiber optic,Yes,No,Yes,No,Yes,No,One year,Yes,Electronic check,73.84,4251.32,No
CUST-05591,Male,0,No,No,41,No,No phone service,DSL,No,No,No,No,No,Yes,Month-to-month,No,Credit card (automatic),52.75,2203.08,No
CUST-05592,Female,0,Yes,Yes,0,Yes,No,DSL,No,No,No,No,Yes,Yes,Two year,Yes,Electronic check,98.21,25.98,No
CUST-05593,Female,0,No,No,10,Yes,No,Fiber optic,Yes,Yes,No,No,No,No,Month-to-month,No,Electronic check,69.8,651.21,Yes
CUST-05594,Female,1,No,No,40,Yes,No,DSL,No,No,Yes,No,Yes,No,Two year,No,Bank transfer (automatic),45.36,1673.54,No
CUST-05595,Female,0,No,Yes,47,Yes,Yes,Fiber optic,Yes,No,No,No,Yes,No,Month-to-month,Yes,Bank transfer (automatic),80.74,3732.88,No
CUST-05596,Male,0,Yes,No,50,Yes,Yes,Fiber optic,Yes,No,Yes,No,No,No,Two year,Yes,Mailed check,80.61,4094.84,No
CUST-05597,Female,0,Yes,No,50,Yes,No,DSL,No,No,No,Yes,Yes,Yes,Two year,No,Bank transfer (automatic),78.1,4035.06,No
CUST-05598,Female,1,No,No,58,No,No phone service,DSL,No,No,No,No,No,No,Two year,Yes,Bank transfer (automatic),52.75,2968.64,No
CUST-05599,Female,0,Yes,No,7,Yes,Yes,DSL,No,No,No,No,No,No,Month-to-month,No,Electronic check,75.07,455.01,No
CUST-05600,Female,1,Yes,No,72,No,No phone service,Fiber optic,No,No,No,No,Yes,Yes,Month-to-month,No,Mailed check,69.57,5088.5,Yes
CUST-05601,Male,1,Yes,No,2,Yes,No,Fiber optic,No,No,Yes,No,Yes,Yes,Two year,Yes,Bank transfer (automatic),81.01,165.55,No
CUST-05602,Female,0,No,No,7,Yes,No,No,No internet service,No internet service,No internet service,No internet service,No internet service,No internet service,Month-to-month,No,Credit card (automatic),55.69,434.82,No
CUST-05603,Male,1,No,No,0,No,No phone service,DSL,No,Yes,No,No,No,No,Two year,Yes,Electronic check,58.06,18.0,No
CUST-05604,Male,1,Yes,No,9,Yes,Yes,DSL,Yes,No,No,Yes,Yes,No,Month-to-month,No,Electronic check,37.87,337.59,No
CUST-05605,Female,0,No,No,2,No,No phone service,Fiber optic,No,Yes,No,No,No,No,Month-to-month,No,Credit card (automatic),64.03,220.6,Yes
CUST-05606,Male,0,No,No,68,Yes,No,No,No internet service,No internet service,No internet service,No internet service,No internet service,No internet service,Month-to-month,Yes,Credit card (automatic),38.12,2584.42,No
CUST-05607,Male,0,Yes,No,2,Yes,Yes,Fiber optic,No,Yes,No,No,No,No,Two year,No,Electronic check,54.08,105.5,Yes
CUST-05608,Female,0,Yes,No,0,Yes,No,No,No internet service,No internet service,No internet service,No internet service,No internet service,No internet service,Month-to-month,Yes,Credit card (automatic),48.28,39.01,No
CUST-05609,Female,0,Yes,No,72,Yes,Yes,DSL,No,No,Yes,No,No,No,Month-to-month,Yes,Bank transfer (automatic),43.89,3238.42,Yes
CUST-05610,Male,0,No,No,63,Yes,No,Fiber optic,Yes,No,No,Yes,Yes,Yes,Two year,No,Credit card (automatic),77.03,4880.22,No
CUST-05611,Male,0,No,No,54,Yes,No,Fiber optic,Yes,Yes,No,No,Yes,No,Two year,Yes,Electronic check,77.09,4185.16,No
CUST-05612,Male,0,No,No,2,Yes,No,DSL,Yes,No,No,No,Yes,No,Month-to-month,Yes,Credit card (automatic),52.24,70.76,Yes
CUST-05613,Female,0,No,Yes,4,Yes,Yes,DSL,No,No,Yes,No,No,No,Month-to-month,Yes,Electronic check,38.24,191.8,No
CUST-05614,Male,0,Yes,No,57,Yes,No,Fiber optic,Yes,No,No,No,No,No,Month-to-month,No,Electronic check,46.58,2685.49,No
CUST-05615,Female,0,No,Yes,59,Yes,Yes,DSL,Yes,Yes,Yes,Yes,Yes,Yes,Two year,No,Credit card (automatic),61.16,3649.39,No
CUST-05616,Female,0,No,No,54,Yes,No,DSL,No,No,No,No,Yes,No,Month-to-month,Yes,Credit card (automatic),77.66,4245.81,No
CUST-05617,Female,0,No,Yes,6,No,No phone service,Fiber optic,No,No,Yes,Yes,No,Yes,Month-to-month,Yes,Mailed check,86.46,573.0,Yes
CUST-05618,Male,0,Yes,Yes,3,Yes,Yes,DSL,No,Yes,No,No,Yes,Yes,Month-to-month,Yes,Credit card (automatic),34.15,128.92,No
CUST-05619,Female,0,Yes,Yes,4,Yes,No,Fiber optic,Yes,No,No,Yes,Yes,No,One year,Yes,Credit card (automatic),56.78,192.99,No
CUST-05620,Male,1,Yes,Yes,30,Yes,Yes,Fiber optic,No,No,No,No,Yes,Yes,Month-to-month,No,Electronic check,67.28,2061.07,No
CUST-05621,Male,0,Yes,No,2,Yes,No,DSL,Yes,No,Yes,Yes,No,Yes,One year,Yes,Electronic check,36.24,130.42,No
CUST-05622,Male,0,No,Yes,72,Yes,No,Fiber optic,Yes,No,No,No,No,No,Month-to-month,Yes,Bank transfer (automatic),60.77,4393.44,Yes
CUST-05623,Male,0,No,Yes,50,No,No phone service,Fiber optic,No,No,No,No,Yes,No,Month-to-month,No,Electronic check,49.01,2433.42,No
CUST-05624,Female,0,No,No,56,Yes,Yes,DSL,No,Yes,Yes,Yes,Yes,Yes,Month-to-month,Yes,Bank transfer (automatic),78.96,4445.99,No
CUST-05625,Male,0,Yes,No,40,Yes,Yes,Fiber optic,No,No,No,Yes,No,No,One year,Yes,Mailed check,77.28,3063.34,Yes
CUST-05626,Female,0,Yes,No,72,Yes,No,DSL,No,No,No,No,No,No,Month-to-month,No,Mailed check,76.07,5438.84,Yes
CUST-05627,Male,0,Yes,No,65,Yes,Yes,DSL,Yes,Yes,No,No,No,No,One year,No,Credit card (automatic),59.48,3873.16,No
CUST-05628,Male,0,No,Yes,32,Yes,Yes,Fiber optic,No,Yes,No,No,Yes,No,Month-to-month,Yes,Bank transfer (automatic),87.88,2817.92,No
CUST-05629,Male,0,No,No,72,Yes,No,Fiber optic,Yes,No,No,Yes,Yes,No,Month-to-month,Yes,Mailed check,53.42,3807.2,No
CUST-05630,Male,0,No,No,45,Yes,No,Fiber optic,Yes,No,No,No,Yes,Yes,Month-to-month,No,Credit card (automatic),90.02,4083.12,No
CUST-05631,Male,0,No,No,68,Yes,No,Fiber optic,Yes,No,No,No,No,No,Month-to-month,No,Mailed check,75.02,5122.9,No
CUST-05632,Female,1,No,No,1,Yes,Yes,Fiber optic,No,No,No,No,Yes,No,Two year,No,Mailed check,65.17,18.0,Yes
CUST-05633,Female,0,Yes,No,58,Yes,Yes,Fiber optic,No,No,Yes,No,Yes,No,One year,Yes,Credit card (automatic),85.01,4962.44,No
CUST-05634,Male,1,Yes,No,55,Yes,Yes,No,No internet service,No internet service,No internet service,No internet service,No internet service,No internet service,Month-to-month,No,Electronic check,44.29,2416.05,Yes
CUST-05635,Female,0,Yes,No,11,Yes,No,DSL,No,No,No,No,No,Yes,Two year,Yes,Mailed check,63.29,756.7,No
CUST-05636,Female,0,Yes,No,5,No,No phone service,Fiber optic,Yes,No,No,No,Yes,Yes,Two year,Yes,Credit card (automatic),57.0,232.75,No
CUST-05637,Male,0,No,Yes,11,Yes,No,DSL,No,Yes,No,Yes,Yes,No,Month-to-month,No,Credit card (automatic),83.09,912.09,No
CUST-05638,Male,0,Yes,No,64,Yes,No,DSL,Yes,Yes,No,No,No,Yes,One year,Yes,Electronic check,44.43,2849.16,No
CUST-05639,Male,0,No,No,60,Yes,No,No,No internet service,No internet service,No internet service,No internet service,No internet service,No internet service,Month-to-month,Yes,Credit card (automatic),29.13,1753.26,No
CUST-05640,Female,1,No,No,31,Yes,No,Fiber optic,No,No,Yes,Yes,No,No,Month-to-month,No,Mailed check,56.81,1857.39,Yes
CUST-05641,Female,0,No,No,5,Yes,No,DSL,Yes,No,Yes,No,Yes,No,Month-to-month,No,Bank transfer (automatic),36.0,226.42,Yes
CUST-05642,Male,0,No,No,30,Yes,No,Fiber optic,No,No,No,Yes,No,No,Month-to-month,No,Electronic check,42.97,1306.8,No
CUST-05643,Female,0,Yes,No,58,Yes,No,Fiber optic,No,No,No,No,No,Yes,Two year,Yes,Electronic check,75.34,4375.22,No
CUST-05644,Female,0,No,No,54,Yes,Yes,No,No internet service,No internet service,No internet service,No internet service,No internet service,No internet service,Month-to-month,No,Electronic check,26.9,1503.73,No
CUST-05645,Female,0,Yes,Yes,6,Yes,No,No,No internet service,No internet service,No internet service,No internet service,No internet service,No internet service,Two year,Yes,Bank transfer (automatic),34.69,144.51,No
CUST-05646,Male,0,No,No,7,Yes,Yes,DSL,No,No,No,No,No,Yes,Month-to-month,No,Credit card (automatic),20.23,188.39,No
CUST-05647,Female,0,No,Yes,25,Yes,No,No,No internet service,No internet service,No internet service,No internet service,No internet service,No internet service,Two year,No,Credit card (automatic),68.71,1699.1,No
CUST-05648,Female,0,Yes,No,40,Yes,No,Fiber optic,No,Yes,No,No,No,Yes,Two year,No,Electronic check,74.3,2917.55,No
CUST-05649,Female,0,Yes,No,8,Yes,No,Fiber optic,Yes,No,No,No,No,No,Month-to-month,No,Electronic check,42.95,354.04,No
CUST-05650,Female,0,No,No,51,Yes,Yes,DSL,No,No,Yes,Yes,No,No,Two year,Yes,Credit card (automatic),53.94,2735.02,No
CUST-05651,Female,0,No,No,72,Yes,No,No,No internet service,No internet service,No internet service,No internet service,No internet service,No internet service,Month-to-month,Yes,Bank transfer (automatic),42.15,3081.09,No
CUST-05652,Female,0,No,No,15,Yes,Yes,Fiber optic,No,No,Yes,No,No,Yes,Month-to-month,Yes,Bank transfer (automatic),71.66,1065.6,No
CUST-05653,Male,1,Yes,No,60,Yes,No,No,No internet service,No internet service,No internet service,No internet service,No internet service,No internet service,One year,No,Electronic check,50.44,3073.72,No
CUST-05654,Male,1,No,No,49,Yes,Yes,No,No internet service,No internet service,No internet service,No internet service,No internet service,No internet service,Two year,Yes,Electronic check,22.3,1123.05,No
CUST-05655,Male,0,No,No,48,Yes,No,Fiber optic,No,No,Yes,Yes,No,Yes,Month-to-month,Yes,Bank transfer (automatic),50.38,2396.21,No
CUST-05656,Male,0,Yes,No,22,No,No phone service,No,No internet service,No internet service,No internet service,No internet service,No internet service,No internet service,Month-to-month,Yes,Credit card (automatic),37.28,784.46,Yes
CUST-05657,Female,0,No,Yes,30,Yes,Yes,DSL,No,No,No,Yes,Yes,No,Two year,Yes,Bank transfer (automatic),59.22,1816.87,No
CUST-05658,Female,0,No,Yes,3,Yes,No,No,No internet service,No internet service,No internet service,No internet service,No internet service,No internet service,Month-to-month,Yes,Mailed check,39.63,143.14,No
CUST-05659,Female,0,No,No,39,Yes,No,DSL,No,No,No,No,Yes,No,Two year,No,Credit card (automatic),59.99,2325.49,No
CUST-05660,Female,0,Yes,No,72,Yes,No,DSL,Yes,No,No,No,No,No,Two year,No,Electronic check,36.54,2673.68,No
CUST-05661,Male,0,Yes,No,9,Yes,No,No,No internet service,No internet service,No internet service,No internet service,No internet service,No internet service,Two year,No,Electronic check,33.96,274.22,No
CUST-05662,Male,1,No,No,14,No,No phone service,DSL,Yes,Yes,No,No,Yes,No,Month-to-month,No,Electronic check,63.12,886.42,No
CUST-05663,Female,0,No,Yes,57,Yes,Yes,No,No internet service,No internet service,No internet service,No internet service,No internet service,No internet service,Month-to-month,Yes,Electronic check,53.07,2986.36,No
CUST-05664,Male,1,Yes,No,20,Yes,No,DSL,No,No,Yes,Yes,Yes,Yes,Two year,Yes,Mailed check,59.39,1175.29,Yes
CUST-05665,Female,0,No,No,38,Yes,No,Fiber optic,No,Yes,No,No,No,No,Two year,Yes,Mailed check,90.97,3477.68,No
CUST-05666,Male,0,Yes,No,31,Yes,No,Fiber optic,No,No,No,No,No,No,Month-to-month,No,Electronic check,86.83,2626.7,Yes
CUST-05667,Male,0,No,No,2,Yes,No,DSL,No,No,No,No,Yes,No,One year,Yes,Electronic check,47.33,125.67,No
CUST-05668,Female,0,Yes,Yes,50,Yes,No,No,No internet service,No internet service,No internet service,No internet service,No internet service,No internet service,Month-to-month,Yes,Electronic check,53.37,2696.53,No
CUST-05669,Female,0,Yes,No,61,Yes,Yes,DSL,No,Yes,No,No,No,No,One year,Yes,Mailed check,59.45,3680.63,No
CUST-05670,Female,0,No,No,51,Yes,No,No,No internet service,No internet service,No internet service,No internet service,No internet service,No internet service,One year,No,Bank transfer (automatic),41.07,2159.63,No
CUST-05671,Male,0,Yes,No,72,Yes,No,No,No internet service,No internet service,No internet service,No internet service,No internet service,No internet service,Month-to-month,No,Electronic check,39.21,2860.86,No
CUST-05672,Female,0,No,Yes,1,No,No phone service,Fiber optic,Yes,No,No,No,No,No,Month-to-month,Yes,Bank transfer (automatic),84.29,124.41,No
CUST-05673,Female,0,No,No,5,Yes,No,No,No internet service,No internet service,No internet service,No internet service,No internet service,No internet service,Month-to-month,Yes,Electronic check,56.17,222.66,Yes
CUST-05674,Female,0,Yes,No,12,Yes,No,Fiber optic,No,No,Yes,No,Yes,Yes,Two year,Yes,Bank transfer (automatic),60.69,764.24,No
CUST-05675,Male,0,No,No,60,Yes,Yes,No,No internet service,No internet service,No internet service,No internet service,No internet service,No internet service,Month-to-month,No,Electronic check,34.87,2160.35,No
CUST-05676,Male,0,No,No,66,Yes,No,No,No internet service,No internet service,No internet service,No internet service,No internet service,No internet service,Month-to-month,No,Electronic check,37.1,2514.0,No
CUST-05677,Female,0,No,Yes,0,Yes,Yes,Fiber optic,No,No,No,No,No,No,Month-to-month,Yes,Bank transfer (automatic),84.96,26.62,Yes
CUST-05678,Male,0,No,Yes,0,Yes,No,No,No internet service,No internet service,No internet service,No internet service,No internet service,No internet service,Month-to-month,Yes,Mailed check,30.22,59.14,Yes
CUST-05679,Female,0,Yes,Yes,1,Yes,No,Fiber optic,Yes,No,Yes,Yes,No,No,Two year,No,Mailed check,64.09,166.44,No
CUST-05680,Male,1,Yes,Yes,17,Yes,Yes,Fiber optic,Yes,No,No,Yes,No,Yes,Two year,Yes,Mailed check,73.58,1234.24,No
CUST-05681,Male,0,Yes,Yes,52,Yes,No,No,No internet service,No internet service,No internet service,No internet service,No internet service,No internet service,One year,Yes,Electronic check,51.39,2732.22,No
CUST-05682,Female,0,No,Yes,64,Yes,No,Fiber optic,No,No,No,No,No,Yes,Month-to-month,Yes,Mailed check,77.57,5011.6,Yes
CUST-05683,Male,0,Yes,No,52,Yes,Yes,DSL,No,Yes,Yes,Yes,No,Yes,Month-to-month,Yes,Bank transfer (automatic),34.53,1758.25,No
CUST-05684,Male,1,Yes,No,61,No,No phone service,DSL,No,No,No,No,Yes,No,Month-to-month,No,Electronic check,60.25,3702.63,No
CUST-05685,Female,0,No,No,44,Yes,No,Fiber optic,Yes,No,No,No,Yes,No,Two year,Yes,Credit card (automatic),60.92,2717.59,No
CUST-05686,Male,0,Yes,No,0,Yes,No,DSL,Yes,Yes,No,Yes,No,No,Month-to-month,Yes,Electronic check,52.2,18.0,No
CUST-05687,Female,0,No,Yes,3,Yes,Yes,Fiber optic,No,Yes,No,Yes,No,No,One year,Yes,Credit card (automatic),45.52,91.07,No
CUST-05688,Male,0,Yes,No,4,Yes,No,DSL,Yes,Yes,No,No,No,No,Two year,Yes,Credit card (automatic),73.86,332.61,No
CUST-05689,Female,1,Yes,No,72,Yes,No,DSL,No,No,Yes,Yes,No,No,Month-to-month,No,Credit card (automatic),65.96,4756.91,No
CUST-05690,Male,0,Yes,Yes,0,No,No phone service,No,No internet service,No internet service,No internet service,No internet service,No internet service,No internet service,Month-to-month,No,Credit card (automatic),35.04,18.0,No
CUST-05691,Male,0,Yes,No,2,Yes,No,DSL,No,Yes,Yes,No,No,No,Month-to-month,Yes,Bank transfer (automatic),60.06,47.05,No
CUST-05692,Female,0,No,No,64,Yes,Yes,No,No internet service,No internet service,No internet service,No internet service,No internet service,No internet service,Two year,No,Electronic check,56.87,3651.16,No
CUST-05693,Female,0,Yes,No,15,Yes,No,Fiber optic,Yes,Yes,No,No,No,Yes,One year,Yes,Mailed check,84.92,1255.64,No
CUST-05694,Male,0,No,No,24,Yes,No,No,No internet service,No internet service,No internet service,No internet service,No internet service,No internet service,Two year,No,Credit card (automatic),53.3,1221.33,No
CUST-05695,Female,1,No,Yes,44,Yes,No,Fiber optic,Yes,No,No,Yes,No,No,Month-to-month,Yes,Electronic check,62.73,2788.17,No
CUST-05696,Male,1,Yes,Yes,55,Yes,Yes,Fiber optic,Yes,Yes,No,Yes,Yes,Yes,Month-to-month,Yes,Electronic check,51.61,2862.41,No
CUST-05697,Male,0,No,Yes,3,No,No phone service,DSL,Yes,No,No,No,Yes,No,Month-to-month,No,Electronic check,88.99,221.72,No
CUST-05698,Female,0,No,No,53,Yes,No,No,No internet service,No internet service,No internet service,No internet service,No internet service,No internet service,Month-to-month,Yes,Credit card (automatic),39.94,2070.75,No
CUST-05699,Female,1,Yes,No,0,Yes,Yes,Fiber optic,No,No,No,No,No,No,Month-to-month,Yes,Mailed check,67.72,18.0,No
CUST-05700,Male,0,No,No,35,Yes,Yes,DSL,No,No,No,No,Yes,No,Month-to-month,No,Credit card (automatic),54.79,1940.63,Yes
CUST-05701,Female,0,Yes,No,62,Yes,No,No,No internet service,No internet service,No internet service,No internet service,No internet service,No internet service,One year,No,Bank transfer (automatic),58.45,3665.52,No
CUST-05702,Male,0,No,No,5,No,No phone service,Fiber optic,No,No,Yes,No,Yes,No,Month-to-month,Yes,Mailed check,58.43,186.69,Yes
CUST-05703,Male,0,Yes,Yes,13,Yes,No,DSL,No,No,No,No,No,Yes,Two year,Yes,Electronic check,74.62,951.1,No
CUST-05704,Male,0,No,No,36,No,No phone service,DSL,No,Yes,No,No,No,No,Month-to-month,No,Electronic check,96.81,3482.12,No
CUST-05705,Male,1,No,Yes,70,Yes,No,No,No internet service,No internet service,No internet service,No internet service,No internet service,No internet service,Two year,Yes,Electronic check,41.37,3069.6,No
CUST-05706,Female,0,No,No,49,Yes,No,Fiber optic,No,No,No,No,Yes,No,Month-to-month,Yes,Electronic check,86.92,4260.15,No
CUST-05707,Male,0,No,No,22,Yes,No,No,No internet service,No internet service,No internet service,No internet service,No internet service,No internet service,Month-to-month,No,Electronic check,31.87,673.28,Yes
CUST-05708,Male,0,Yes,No,51,Yes,Yes,Fiber optic,Yes,No,No,Yes,Yes,Yes,One year,Yes,Electronic check,59.9,3113.7,No
CUST-05709,Female,0,No,No,1,Yes,Yes,DSL,No,Yes,No,Yes,Yes,No,Month-to-month,Yes,Mailed check,43.62,18.0,No
CUST-05710,Female,0,Yes,No,55,No,No phone service,DSL,Yes,No,Yes,No,Yes,No,One year,Yes,Bank transfer (automatic),42.73,2276.75,No
CUST-05711,Male,0,Yes,Yes,3,Yes,No,No,No internet service,No internet service,No internet service,No internet service,No internet service,No internet service,Two year,No,Electronic check,30.27,126.95,No
CUST-05712,Female,1,Yes,No,48,Yes,No,DSL,No,Yes,Yes,No,Yes,No,One year,No,Mailed check,77.39,3740.46,No
CUST-05713,Male,0,No,No,64,Yes,No,No,No internet service,No internet service,No internet service,No internet service,No internet service,No internet service,Two year,Yes,Electronic check,71.37,4525.28,Yes
CUST-05714,Female,0,No,Yes,32,Yes,No,DSL,No,Yes,No,No,Yes,No,Month-to-month,No,Bank transfer (automatic),73.63,2384.82,Yes
CUST-05715,Female,0,Yes,Yes,37,Yes,No,No,No internet service,No internet service,No internet service,No internet service,No internet service,No internet service,One year,Yes,Bank transfer (automatic),43.96,1612.98,No
CUST-05716,Male,0,No,No,40,Yes,No,DSL,Yes,No,No,Yes,No,Yes,Month-to-month,No,Bank transfer (automatic),74.35,2926.62,Yes
CUST-05717,Male,0,No,No,14,Yes,Yes,Fiber optic,No,Yes,Yes,No,Yes,No,Month-to-month,Yes,Mailed check,50.25,770.72,Yes
CUST-05718,Female,1,Yes,No,34,Yes,Yes,DSL,No,No,Yes,No,No,Yes,Two year,Yes,Electronic check,18.0,581.62,Yes
CUST-05719,Male,0,Yes,No,47,No,No phone service,DSL,No,No,Yes,No,No,No,Month-to-month,Yes,Credit card (automatic),51.34,2425.89,No
CUST-05720,Male,0,No,Yes,50,No,No phone service,No,No internet service,No internet service,No internet service,No internet service,No internet service,No internet service,Month-to-month,Yes,Electronic check,48.56,2504.16,Yes
CUST-05721,Female,0,No,Yes,3,Yes,No,DSL,Yes,Yes,Yes,Yes,Yes,Yes,Two year,Yes,Mailed check,53.6,207.15,No
CUST-05722,Male,0,Yes,No,72,Yes,No,No,No internet service,No internet service,No internet service,No internet service,No internet service,No internet service,Month-to-month,No,Bank transfer (automatic),48.76,3476.64,No
CUST-05723,Female,0,No,Yes,49,No,No phone service,Fiber optic,No,No,Yes,No,No,No,Two year,No,Bank transfer (automatic),71.67,3583.89,No
CUST-05724,Female,0,Yes,No,62,Yes,Yes,Fiber optic,Yes,No,Yes,No,No,Yes,Month-to-month,No,Mailed check,73.33,4532.71,Yes
CUST-05725,Male,0,No,No,36,Yes,No,Fiber optic,No,No,No,No,No,No,Month-to-month,No,Electronic check,54.81,1930.41,Yes
CUST-05726,Male,0,Yes,No,72,Yes,No,No,No internet service,No internet service,No internet service,No internet service,No internet service,No internet service,Two year,Yes,Credit card (automatic),51.15,3684.74,No
CUST-05727,Female,0,Yes,Yes,0,Yes,No,No,No internet service,No internet service,No internet service,No internet service,No internet service,No internet service,Two year,Yes,Mailed check,72.4,18.0,No
CUST-05728,Male,0,Yes,No,42,Yes,Yes,No,No internet service,No internet service,No internet service,No internet service,No internet service,No internet service,Month-to-month,Yes,Bank transfer (automatic),39.73,1620.8,No
CUST-05729,Male,0,No,No,12,Yes,No,DSL,No,No,No,No,Yes,Yes,Month-to-month,No,Mailed check,70.0,800.33,Yes
CUST-05730,Male,0,Yes,Yes,11,Yes,No,DSL,No,Yes,No,Yes,No,Yes,Month-to-month,No,Electronic check,46.84,645.04,No
CUST-05731,Female,0,Yes,No,5,Yes,No,No,No internet service,No internet service,No internet service,No internet service,No internet service,No internet service,One year,Yes,Electronic check,34.78,212.95,No
CUST-05732,Male,0,Yes,No,69,Yes,No,Fiber optic,No,Yes,No,Yes,No,No,One year,No,Electronic check,78.16,5311.45,No
CUST-05733,Female,0,No,No,12,Yes,No,Fiber optic,No,No,No,No,No,No,One year,Yes,Electronic check,99.25,1236.01,Yes
CUST-05734,Male,0,Yes,Yes,52,Yes,No,Fiber optic,No,Yes,No,Yes,No,No,One year,Yes,Bank transfer (automatic),52.91,2802.24,No
CUST-05735,Female,0,Yes,No,26,Yes,No,Fiber optic,No,Yes,No,No,No,No,Month-to-month,No,Credit card (automatic),41.82,1038.26,No
CUST-05736,Female,1,Yes,No,26,Yes,No,Fiber optic,No,Yes,No,No,Yes,No,One year,Yes,Bank transfer (automatic),67.0,1723.38,Yes
CUST-05737,Male,0,No,Yes,1,No,No phone service,Fiber optic,No,No,No,Yes,Yes,No,Month-to-month,No,Bank transfer (automatic),78.1,18.0,No
CUST-05738,Female,0,Yes,No,53,Yes,No,Fiber optic,Yes,No,Yes,Yes,No,Yes,Two year,Yes,Mailed check,74.77,3945.23,No
CUST-05739,Male,1,Yes,Yes,18,Yes,Yes,DSL,No,No,No,No,Yes,Yes,One year,No,Electronic check,25.91,373.76,No
CUST-05740,Male,0,No,No,36,Yes,No,Fiber optic,No,Yes,No,No,No,Yes,Month-to-month,No,Electronic check,60.43,2185.4,No
CUST-05741,Female,0,No,Yes,29,Yes,No,DSL,No,No,No,Yes,Yes,No,Two year,Yes,Bank transfer (automatic),57.4,1742.22,No
CUST-05742,Female,1,No,Yes,68,Yes,No,DSL,Yes,No,No,No,No,No,Month-to-month,Yes,Electronic check,74.95,5142.21,No
CUST-05743,Female,0,Yes,No,7,Yes,No,Fiber optic,No,Yes,No,Yes,Yes,Yes,One year,Yes,Electronic check,63.32,469.67,No
CUST-05744,Male,0,No,Yes,42,Yes,No,No,No internet service,No internet service,No internet service,No internet service,No internet service,No internet service,One year,Yes,Bank transfer (automatic),55.23,2338.81,No
CUST-05745,Male,0,No,Yes,58,Yes,No,DSL,No,No,Yes,No,Yes,Yes,One year,Yes,Credit card (automatic),65.79,3901.89,No
CUST-05746,Male,1,No,Yes,44,Yes,Yes,No,No internet service,No internet service,No internet service,No internet service,No internet service,No internet service,Two year,Yes,Bank transfer (automatic),47.19,2132.86,No
CUST-05747,Male,1,No,No,14,Yes,No,Fiber optic,Yes,Yes,Yes,No,Yes,Yes,Month-to-month,No,Electronic check,71.06,904.1,Yes
CUST-05748,Male,1,No,Yes,45,Yes,Yes,No,No internet service,No internet service,No internet service,No internet service,No internet service,No internet service,Two year,Yes,Mailed check,55.81,2508.73,No
CUST-05749,Female,0,No,No,2,Yes,No,Fiber optic,No,No,No,No,No,No,Month-to-month,No,Electronic check,58.84,65.12,Yes
CUST-05750,Male,0,Yes,No,63,Yes,No,Fiber optic,No,No,Yes,Yes,No,No,Two year,Yes,Bank transfer (automatic),60.6,3877.62,No
CUST-05751,Female,1,No,No,19,Yes,Yes,Fiber optic,No,No,No,No,No,Yes,Month-to-month,No,Mailed check,44.91,882.86,Yes
CUST-05752,Male,0,No,No,53,Yes,No,No,No internet service,No internet service,No internet service,No internet service,No internet service,No internet service,Month-to-month,Yes,Credit card (automatic),18.0,914.56,No
CUST-05753,Male,0,No,Yes,8,Yes,No,DSL,No,No,Yes,No,Yes,Yes,One year,Yes,Bank transfer (automatic),28.15,300.32,No
CUST-05754,Male,0,Yes,No,43,Yes,No,DSL,Yes,No,No,No,Yes,Yes,One year,No,Electronic check,51.28,2234.84,No
CUST-05755,Male,1,Yes,No,27,No,No phone service,No,No internet service,No internet service,No internet service,No internet service,No internet service,No internet service,Month-to-month,Yes,Electronic check,64.38,1874.91,No
CUST-05756,Male,0,No,No,51,Yes,Yes,DSL,No,Yes,Yes,Yes,No,Yes,One year,Yes,Mailed check,64.25,3241.23,No
CUST-05757,Male,0,No,No,6,Yes,No,No,No internet service,No internet service,No internet service,No internet service,No internet service,No internet service,One year,Yes,Bank transfer (automatic),64.34,377.03,No
CUST-05758,Female,1,Yes,No,0,Yes,No,DSL,No,Yes,Yes,No,No,No,Month-to-month,No,Mailed check,48.95,18.0,Yes
CUST-05759,Female,1,No,No,46,Yes,No,DSL,No,Yes,Yes,No,No,No,One year,No,Credit card (automatic),67.97,3102.37,No
CUST-05760,Male,1,Yes,No,2,Yes,No,DSL,No,Yes,No,No,No,Yes,Two year,Yes,Bank transfer (automatic),48.69,66.62,No
CUST-05761,Male,0,No,No,3,Yes,No,Fiber optic,Yes,No,No,No,Yes,Yes,Two year,Yes,Credit card (automatic),35.53,127.0,No
CUST-05762,Male,0,No,Yes,48,Yes,No,Fiber optic,No,No,Yes,No,No,No,Month-to-month,No,Credit card (automatic),49.89,2362.79,Yes
CUST-05763,Male,0,No,Yes,71,Yes,Yes,No,No internet service,No internet service,No internet service,No internet service,No internet service,No internet service,Two year,Yes,Mailed check,36.03,2542.52,No
CUST-05764,Male,0,Yes,No,0,Yes,Yes,Fiber optic,No,No,No,No,No,No,Month-to-month,No,Credit card (automatic),69.1,18.0,No
CUST-05765,Male,1,Yes,No,54,Yes,No,Fiber optic,No,No,No,No,No,No,One year,Yes,Mailed check,49.26,2649.21,No
CUST-05766,Female,0,Yes,No,0,Yes,Yes,Fiber optic,No,No,No,Yes,No,Yes,Month-to-month,No,Credit card (automatic),82.68,29.62,No
CUST-05767,Male,0,No,No,63,Yes,No,Fiber optic,Yes,Yes,Yes,No,No,No,Two year,Yes,Mailed check,72.17,4436.38,No
CUST-05768,Male,0,No,No,40,Yes,No,Fiber optic,No,No,No,No,Yes,No,Month-to-month,Yes,Credit card (automatic),45.66,1857.92,Yes
CUST-05769,Male,0,No,No,20,Yes,Yes,No,No internet service,No internet service,No internet service,No internet service,No internet service,No internet service,Two year,Yes,Bank transfer (automatic),55.19,1105.88,No
CUST-05770,Female,1,No,No,5,Yes,Yes,No,No internet service,No internet service,No internet service,No internet service,No internet service,No internet service,Month-to-month,No,Mailed check,42.06,183.6,No
CUST-05771,Male,0,Yes,No,58,Yes,Yes,DSL,Yes,No,No,No,No,No,Month-to-month,Yes,Electronic check,34.08,1973.95,No
CUST-05772,Male,0,Yes,No,51,Yes,Yes,Fiber optic,Yes,No,No,No,No,No,One year,Yes,Bank transfer (automatic),63.2,3244.06,No
CUST-05773,Male,0,No,No,16,Yes,Yes,Fiber optic,No,Yes,No,No,No,Yes,Month-to-month,No,Credit card (automatic),64.73,1084.9,Yes
CUST-05774,Male,0,No,No,21,Yes,Yes,Fiber optic,No,No,No,No,No,No,Two year,Yes,Mailed check,78.93,1644.93,No
CUST-05775,Male,0,Yes,No,6,Yes,No,DSL,No,No,No,No,No,No,Month-to-month,Yes,Credit card (automatic),26.33,229.51,Yes
CUST-05776,Female,1,No,Yes,35,Yes,No,No,No internet service,No internet service,No internet service,No internet service,No internet service,No internet service,One year,Yes,Bank transfer (automatic),59.17,2154.75,No
CUST-05777,Male,0,No,No,63,No,No phone service,Fiber optic,No,No,No,No,No,No,Month-to-month,Yes,Credit card (automatic),93.77,5913.69,Yes
CUST-05778,Male,0,Yes,Yes,64,Yes,No,DSL,No,No,No,Yes,No,No,Month-to-month,No,Credit card (automatic),75.19,4909.28,Yes
CUST-05779,Female,0,Yes,No,47,Yes,No,No,No internet service,No internet service,No internet service,No internet service,No internet service,No internet service,One year,Yes,Credit card (automatic),63.1,2899.32,No
CUST-05780,Male,0,No,No,54,Yes,Yes,Fiber optic,No,No,No,Yes,No,No,Month-to-month,Yes,Electronic check,63.53,3380.41,Yes
CUST-05781,Male,0,Yes,No,66,Yes,Yes,No,No internet service,No internet service,No internet service,No internet service,No internet service,No internet service,Month-to-month,Yes,Mailed check,44.35,2979.17,No
CUST-05782,Male,0,Yes,No,5,Yes,No,DSL,No,Yes,No,No,Yes,Yes,Two year,No,Credit card (automatic),61.93,399.64,No
CUST-05783,Female,0,No,No,1,Yes,Yes,DSL,No,Yes,No,No,No,No,One year,Yes,Bank transfer (automatic),36.99,18.0,No
CUST-05784,Female,0,No,Yes,45,Yes,No,No,No internet service,No internet service,No internet service,No internet service,No internet service,No internet service,One year,No,Electronic check,56.49,2587.02,No
CUST-05785,Female,1,Yes,No,24,Yes,No,Fiber optic,Yes,Yes,No,No,No,Yes,Month-to-month,Yes,Bank transfer (automatic),71.1,1783.25,No
CUST-05786,Female,1,Yes,Yes,39,Yes,No,DSL,No,Yes,No,No,No,Yes,Two year,Yes,Credit card (automatic),53.98,2072.2,No
CUST-05787,Female,0,No,Yes,72,Yes,No,Fiber optic,Yes,No,No,No,No,No,Two year,No,Mailed check,41.92,2966.88,No
CUST-05788,Female,0,Yes,No,72,Yes,Yes,No,No internet service,No internet service,No internet service,No internet service,No internet service,No internet service,Month-to-month,Yes,Credit card (automatic),56.37,4068.46,No
CUST-05789,Female,0,No,No,0,Yes,No,No,No internet service,No internet service,No internet service,No internet service,No internet service,No internet service,Month-to-month,No,Electronic check,51.08,18.0,Yes
CUST-05790,Female,0,No,No,17,Yes,Yes,No,No internet service,No internet service,No internet service,No internet service,No internet service,No internet service,Month-to-month,No,Bank transfer (automatic),32.46,440.1,Yes
CUST-05791,Female,0,Yes,No,38,Yes,No,DSL,No,Yes,No,Yes,Yes,Yes,One year,No,Credit card (automatic),54.96,2133.15,No
CUST-05792,Male,0,No,No,55,Yes,Yes,No,No internet service,No internet service,No internet service,No internet service,No internet service,No internet service,Month-to-month,Yes,Electronic check,68.42,3763.76,No
CUST-05793,Male,0,Yes,No,4,Yes,Yes,DSL,No,No,Yes,No,Yes,Yes,Month-to-month,Yes,Mailed check,60.57,216.14,No
CUST-05794,Female,1,No,No,52,No,No phone service,Fiber optic,Yes,No,No,No,No,Yes,Two year,Yes,Electronic check,88.95,4664.45,No
CUST-05795,Male,1,No,Yes,17,No,No phone service,DSL,Yes,No,No,No,No,Yes,Month-to-month,Yes,Mailed check,82.76,1404.43,No
CUST-05796,Male,0,Yes,No,3,Yes,Yes,Fiber optic,No,No,Yes,Yes,No,Yes,Month-to-month,Yes,Bank transfer (automatic),67.82,260.48,Yes
CUST-05797,Female,0,Yes,No,6,Yes,No,DSL,No,No,No,No,Yes,No,One year,Yes,Credit card (automatic),48.94,322.66,No
CUST-05798,Female,0,No,No,72,No,No phone service,No,No internet service,No internet service,No internet service,No internet service,No internet service,No internet service,Month-to-month,No,Credit card (automatic),45.41,3217.64,No
CUST-05799,Female,0,Yes,No,70,Yes,Yes,No,No internet service,No internet service,No internet service,No internet service,No internet service,No internet service,Month-to-month,No,Bank transfer (automatic),18.0,1313.74,No
CUST-05800,Male,0,Yes,No,12,Yes,Yes,DSL,Yes,Yes,Yes,No,Yes,No,One year,No,Credit card (automatic),69.96,894.17,No
CUST-05801,Male,0,Yes,No,49,Yes,No,DSL,No,Yes,Yes,Yes,No,No,Month-to-month,Yes,Mailed check,60.9,2978.44,No
CUST-05802,Male,0,Yes,No,20,Yes,No,DSL,Yes,No,Yes,No,No,No,Month-to-month,Yes,Credit card (automatic),44.07,968.69,No
CUST-05803,Male,0,No,No,1,Yes,No,Fiber optic,No,No,No,No,No,Yes,One year,Yes,Credit card (automatic),70.04,85.59,Yes
CUST-05804,Female,0,Yes,No,4,Yes,No,No,No internet service,No internet service,No internet service,No internet service,No internet service,No internet service,Two year,No,Bank transfer (automatic),24.4,130.26,No
CUST-05805,Male,0,Yes,No,71,Yes,No,Fiber optic,No,No,Yes,No,No,No,Two year,Yes,Electronic check,90.41,6419.26,Yes
CUST-05806,Male,0,Yes,No,2,Yes,No,Fiber optic,No,No,No,No,Yes,No,Month-to-month,No,Electronic check,66.59,46.6,No
CUST-05807,Male,0,No,No,46,No,No phone service,No,No internet service,No internet service,No internet service,No internet service,No internet service,No internet service,Month-to-month,Yes,Mailed check,53.39,2506.04,No
CUST-05808,Female,0,No,Yes,39,Yes,No,Fiber optic,No,No,Yes,No,No,Yes,Month-to-month,Yes,Bank transfer (automatic),71.4,2790.39,Yes
CUST-05809,Male,0,No,Yes,0,Yes,Yes,No,No internet service,No internet service,No internet service,No internet service,No internet service,No internet service,Month-to-month,No,Electronic check,70.28,18.0,Yes
CUST-05810,Male,0,No,No,31,Yes,No,Fiber optic,Yes,No,No,Yes,Yes,No,Month-to-month,Yes,Mailed check,54.25,1707.61,Yes
CUST-05811,Female,0,No,Yes,48,No,No phone service,Fiber optic,No,Yes,No,Yes,No,Yes,One year,Yes,Electronic check,55.57,2691.0,No
CUST-05812,Female,0,Yes,No,48,Yes,No,Fiber optic,No,No,Yes,No,No,No,One year,Yes,Electronic check,43.78,2110.9,No
CUST-05813,Male,0,Yes,Yes,72,Yes,No,DSL,No,No,Yes,Yes,No,No,Two year,No,Mailed check,69.27,4980.9,No
CUST-05814,Female,0,Yes,Yes,64,Yes,No,Fiber optic,No,No,No,No,No,No,Month-to-month,Yes,Bank transfer (automatic),33.82,2170.31,No
CUST-05815,Female,0,Yes,No,49,No,No phone service,DSL,No,No,No,No,No,Yes,Month-to-month,Yes,Credit card (automatic),27.48,1329.03,No
CUST-05816,Male,0,No,No,3,Yes,Yes,Fiber optic,No,No,No,Yes,No,Yes,Month-to-month,Yes,Credit card (automatic),61.67,195.66,Yes
CUST-05817,Male,0,Yes,No,72,Yes,Yes,Fiber optic,Yes,No,No,Yes,No,No,Two year,Yes,Credit card (automatic),83.46,5986.8,No
CUST-05818,Female,0,No,Yes,60,No,No phone service,Fiber optic,Yes,No,No,No,Yes,No,Month-to-month,Yes,Mailed check,84.57,5043.44,No
CUST-05819,Male,0,Yes,Yes,2,Yes,Yes,DSL,No,No,No,No,Yes,No,Month-to-month,Yes,Credit card (automatic),40.3,59.38,No
CUST-05820,Female,0,Yes,Yes,72,Yes,Yes,No,No internet service,No internet service,No internet service,No internet service,No internet service,No internet service,Month-to-month,Yes,Bank transfer (automatic),18.0,1344.81,No
CUST-05821,Female,0,Yes,No,5,Yes,Yes,DSL,No,No,No,No,Yes,Yes,Two year,Yes,Electronic check,75.21,357.71,No
CUST-05822,Female,0,Yes,Yes,14,Yes,No,DSL,No,No,Yes,No,Yes,No,One year,Yes,Mailed check,48.19,679.16,No
CUST-05823,Female,0,Yes,No,35,Yes,No,DSL,No,No,Yes,No,No,No,Month-to-month,Yes,Credit card (automatic),69.49,2358.07,Yes
CUST-05824,Male,0,No,Yes,34,No,No phone service,DSL,No,No,No,No,No,No,Month-to-month,Yes,Electronic check,69.94,2392.95,No
CUST-05825,Female,0,No,No,36,Yes,No,Fiber optic,Yes,Yes,Yes,No,No,Yes,Two year,No,Bank transfer (automatic),48.26,1781.96,No
CUST-05826,Female,0,No,No,55,Yes,No,Fiber optic,Yes,No,Yes,Yes,No,No,One year,Yes,Mailed check,69.74,3862.64,No
CUST-05827,Male,0,No,No,56,Yes,No,No,No internet service,No internet service,No internet service,No internet service,No internet service,No internet service,Month-to-month,Yes,Electronic check,57.38,3180.44,Yes
CUST-05828,Female,0,No,Yes,17,Yes,Yes,Fiber optic,No,No,No,Yes,Yes,No,Month-to-month,Yes,Mailed check,71.19,1224.39,Yes
CUST-05829,Male,0,No,Yes,52,Yes,Yes,DSL,No,No,Yes,Yes,No,No,Month-to-month,Yes,Bank transfer (automatic),35.42,1815.47,No
CUST-05830,Male,0,Yes,No,70,Yes,Yes,No,No internet service,No internet service,No internet service,No internet service,No internet service,No internet service,Month-to-month,Yes,Mailed check,43.49,3062.34,No
CUST-05831,Male,0,Yes,No,22,Yes,Yes,No,No internet service,No internet service,No internet service,No internet service,No internet service,No internet service,Two year,No,Electronic check,37.93,794.11,No
CUST-05832,Male,0,Yes,No,37,Yes,Yes,DSL,Yes,No,Yes,No,Yes,Yes,One year,Yes,Credit card (automatic),67.68,2561.05,No
CUST-05833,Female,0,No,No,25,Yes,No,Fiber optic,No,No,No,No,No,No,Month-to-month,Yes,Bank transfer (automatic),83.31,2147.79,Yes
CUST-05834,Male,0,No,Yes,3,Yes,No,No,No internet service,No internet service,No internet service,No internet service,No internet service,No internet service,One year,Yes,Electronic check,29.62,81.24,No
CUST-05835,Male,1,No,No,17,Yes,Yes,No,No internet service,No internet service,No internet service,No internet service,No internet service,No internet service,Month-to-month,No,Bank transfer (automatic),47.06,769.4,Yes
CUST-05836,Female,0,No,Yes,64,Yes,No,Fiber optic,No,No,Yes,No,No,No,Month-to-month,Yes,Bank transfer (automatic),37.52,2327.12,No
CUST-05837,Female,0,Yes,Yes,20,Yes,No,Fiber optic,No,No,No,No,No,No,Two year,Yes,Electronic check,58.93,1297.39,No
CUST-05838,Male,0,No,No,1,Yes,Yes,Fiber optic,No,No,Yes,No,No,Yes,One year,Yes,Mailed check,94.43,117.44,No
CUST-05839,Male,0,No,No,33,Yes,No,Fiber optic,No,Yes,Yes,Yes,No,No,Month-to-month,Yes,Electronic check,67.78,2224.37,No
CUST-05840,Female,0,No,No,72,Yes,No,No,No internet service,No internet service,No internet service,No internet service,No internet service,No internet service,Month-to-month,Yes,Bank transfer (automatic),65.91,4722.6,No
CUST-05841,Female,0,Yes,No,45,Yes,No,Fiber optic,No,No,Yes,No,No,No,Two year,No,Credit card (automatic),69.57,3078.05,No
CUST-05842,Female,0,Yes,No,72,Yes,Yes,DSL,No,Yes,Yes,Yes,No,No,Month-to-month,Yes,Electronic check,61.83,4495.19,No
CUST-05843,Female,0,Yes,No,60,Yes,No,Fiber optic,No,No,Yes,No,Yes,Yes,Month-to-month,No,Credit card (automatic),76.78,4629.12,Yes
CUST-05844,Male,0,No,Yes,63,Yes,No,No,No internet service,No internet service,No internet service,No internet service,No internet service,No internet service,Month-to-month,Yes,Electronic check,18.0,1108.99,Yes
CUST-05845,Female,0,Yes,Yes,66,Yes,Yes,No,No internet service,No internet service,No internet service,No internet service,No internet service,No internet service,Two year,Yes,Mailed check,51.43,3415.38,No
CUST-05846,Male,0,Yes,No,0,Yes,Yes,DSL,No,No,No,No,No,Yes,Month-to-month,No,Electronic check,76.78,31.99,No
CUST-05847,Male,0,No,Yes,24,Yes,Yes,No,No internet service,No internet service,No internet service,No internet service,No internet service,No internet service,Month-to-month,Yes,Electronic check,57.18,1388.34,No
CUST-05848,Female,0,No,No,72,Yes,Yes,DSL,No,No,No,No,No,Yes,Month-to-month,No,Mailed check,26.92,2029.53,No
CUST-05849,Female,1,No,No,0,Yes,Yes,No,No internet service,No internet service,No internet service,No internet service,No internet service,No internet service,Two year,Yes,Mailed check,57.84,18.0,No
CUST-05850,Male,0,No,No,22,Yes,No,Fiber optic,No,No,No,No,No,Yes,Two year,Yes,Credit card (automatic),70.97,1488.56,No
CUST-05851,Male,0,No,Yes,1,Yes,No,DSL,No,No,No,No,No,Yes,Month-to-month,Yes,Bank transfer (automatic),50.53,71.78,No
CUST-05852,Female,1,Yes,No,9,Yes,No,DSL,No,No,Yes,No,Yes,Yes,Month-to-month,No,Electronic check,52.46,459.42,No
CUST-05853,Male,0,No,No,11,Yes,Yes,DSL,No,Yes,Yes,No,No,No,One year,No,Electronic check,51.12,562.55,No
CUST-05854,Female,0,Yes,No,0,Yes,No,DSL,Yes,No,Yes,No,No,No,Month-to-month,Yes,Bank transfer (automatic),47.74,29.48,No
CUST-05855,Male,1,Yes,Yes,5,Yes,No,DSL,No,No,No,No,Yes,No,Month-to-month,No,Credit card (automatic),56.74,231.83,No
CUST-05856,Female,0,No,No,63,Yes,Yes,No,No internet service,No internet service,No internet service,No internet service,No internet service,No internet service,Month-to-month,No,Electronic check,54.71,3373.01,No
CUST-05857,Male,0,No,No,34,Yes,No,DSL,Yes,No,No,No,No,Yes,Month-to-month,No,Credit card (automatic),60.14,2085.98,No
CUST-05858,Male,0,No,No,68,Yes,No,No,No internet service,No internet service,No internet service,No internet service,No internet service,No internet service,Month-to-month,Yes,Electronic check,53.37,3639.79,Yes
CUST-05859,Male,0,No,No,56,Yes,No,DSL,Yes,No,Yes,No,Yes,Yes,Month-to-month,No,Mailed check,80.54,4589.46,Yes
CUST-05860,Female,0,No,No,0,No,No phone service,Fiber optic,Yes,No,No,No,No,No,Month-to-month,No,Bank transfer (automatic),67.66,44.86,Yes
CUST-05861,Female,0,Yes,No,15,Yes,No,Fiber optic,No,No,No,No,Yes,No,One year,Yes,Credit card (automatic),84.89,1286.13,Yes
CUST-05862,Female,1,Yes,No,50,Yes,Yes,DSL,No,No,No,No,Yes,No,Month-to-month,Yes,Electronic check,47.55,2316.02,No
CUST-05863,Female,0,Yes,Yes,0,Yes,Yes,Fiber optic,No,Yes,Yes,No,Yes,No,Two year,Yes,Credit card (automatic),76.5,97.52,Yes
CUST-05864,Male,0,Yes,Yes,8,No,No phone service,Fiber optic,No,No,Yes,No,No,No,Month-to-month,Yes,Mailed check,79.05,531.97,Yes
CUST-05865,Female,1,Yes,No,42,Yes,No,DSL,Yes,Yes,No,No,Yes,No,Month-to-month,Yes,Credit card (automatic),41.31,1732.27,No
CUST-05866,Female,0,No,No,68,Yes,No,Fiber optic,Yes,Yes,No,No,No,No,One year,No,Credit card (automatic),73.19,4923.41,Yes
CUST-05867,Female,0,Yes,Yes,0,Yes,Yes,No,No internet service,No internet service,No internet service,No internet service,No internet service,No internet service,One year,Yes,Mailed check,29.7,18.0,No
CUST-05868,Female,0,No,Yes,29,Yes,No,DSL,No,Yes,No,No,Yes,No,Month-to-month,No,Credit card (automatic),54.86,1600.85,No
CUST-05869,Female,0,No,Yes,3,Yes,No,DSL,No,Yes,Yes,No,No,No,Month-to-month,No,Mailed check,51.66,114.85,No
CUST-05870,Female,1,Yes,Yes,39,Yes,Yes,DSL,Yes,No,No,Yes,No,Yes,Month-to-month,No,Mailed check,67.25,2569.23,No
CUST-05871,Female,0,No,Yes,57,Yes,Yes,Fiber optic,Yes,Yes,No,No,Yes,No,One year,No,Mailed check,84.95,4822.06,Yes
CUST-05872,Male,0,Yes,No,3,Yes,No,No,No internet service,No internet service,No internet service,No internet service,No internet service,No internet service,Month-to-month,Yes,Electronic check,48.92,149.76,Yes
CUST-05873,Female,0,No,Yes,0,Yes,Yes,DSL,Yes,No,No,Yes,Yes,Yes,Month-to-month,No,Bank transfer (automatic),68.03,27.48,No
CUST-05874,Male,0,No,No,65,Yes,No,Fiber optic,Yes,No,Yes,No,Yes,Yes,Two year,Yes,Mailed check,77.31,5048.77,No
CUST-05875,Female,0,Yes,No,72,Yes,No,DSL,No,No,No,No,No,Yes,Month-to-month,Yes,Mailed check,68.1,4879.44,No
CUST-05876,Male,1,Yes,Yes,6,Yes,No,No,No internet service,No internet service,No internet service,No internet service,No internet service,No internet service,Month-to-month,No,Credit card (automatic),60.57,326.38,No
CUST-05877,Female,0,No,No,51,Yes,No,No,No internet service,No internet service,No internet service,No internet service,No internet service,No internet service,One year,No,Bank transfer (automatic),74.78,3884.87,No
CUST-05878,Male,0,Yes,No,63,Yes,Yes,Fiber optic,Yes,Yes,Yes,Yes,No,No,Month-to-month,No,Mailed check,85.88,5336.92,No
CUST-05879,Female,0,No,Yes,1,Yes,Yes,DSL,Yes,Yes,No,No,No,Yes,Month-to-month,Yes,Mailed check,41.67,78.74,No
CUST-05880,Male,0,Yes,No,0,Yes,No,Fiber optic,No,No,No,No,No,Yes,Month-to-month,No,Bank transfer (automatic),92.16,18.0,No
CUST-05881,Male,0,No,No,25,Yes,No,Fiber optic,No,No,No,No,Yes,Yes,Month-to-month,Yes,Bank transfer (automatic),67.7,1705.58,Yes
CUST-05882,Female,0,Yes,Yes,11,Yes,No,Fiber optic,No,No,Yes,No,No,No,Month-to-month,No,Electronic check,98.43,1149.54,No
CUST-05883,Female,0,Yes,No,34,No,No phone service,DSL,No,No,No,No,Yes,No,One year,Yes,Electronic check,48.49,1647.94,No
CUST-05884,Male,0,Yes,No,42,Yes,No,DSL,No,No,No,No,No,No,One year,Yes,Bank transfer (automatic),76.97,3261.32,No
CUST-05885,Male,0,Yes,Yes,5,Yes,Yes,DSL,Yes,No,No,No,Yes,No,Two year,Yes,Credit card (automatic),38.54,200.94,No
CUST-05886,Female,0,No,No,72,Yes,No,Fiber optic,Yes,No,No,No,No,Yes,Month-to-month,No,Electronic check,86.97,6274.78,Yes
CUST-05887,Female,0,No,Yes,58,Yes,No,Fiber optic,Yes,No,No,No,No,Yes,Month-to-month,Yes,Mailed check,101.21,5873.64,Yes
CUST-05888,Male,0,Yes,Yes,22,Yes,Yes,DSL,No,No,Yes,No,No,No,One year,Yes,Electronic check,92.09,2048.66,No
CUST-05889,Female,0,Yes,Yes,41,Yes,Yes,No,No internet service,No internet service,No internet service,No internet service,No internet service,No internet service,Month-to-month,No,Bank transfer (automatic),68.38,2777.78,No
CUST-05890,Male,0,Yes,No,0,Yes,Yes,No,No internet service,No internet service,No internet service,No internet service,No internet service,No internet service,Month-to-month,Yes,Bank transfer (automatic),51.38,18.0,Yes
CUST-05891,Female,0,No,No,35,No,No phone service,No,No internet service,No internet service,No internet service,No internet service,No internet service,No internet service,Month-to-month,Yes,Bank transfer (automatic),47.97,1643.44,No
CUST-05892,Male,1,No,No,47,Yes,Yes,Fiber optic,Yes,No,No,No,No,No,Month-to-month,Yes,Electronic check,77.84,3701.25,No
CUST-05893,Male,1,No,No,54,Yes,No,Fiber optic,No,Yes,Yes,Yes,No,Yes,Month-to-month,Yes,Bank transfer (automatic),61.02,3412.96,No
CUST-05894,Male,0,No,No,7,Yes,Yes,Fiber optic,No,No,No,Yes,Yes,Yes,Two year,Yes,Bank transfer (automatic),67.73,528.47,No
CUST-05895,Female,0,Yes,Yes,53,Yes,No,DSL,No,Yes,No,No,Yes,Yes,One year,No,Mailed check,77.83,4164.19,No
CUST-05896,Female,0,Yes,No,9,Yes,No,Fiber optic,No,No,No,No,No,No,Month-to-month,Yes,Mailed check,89.51,774.52,Yes
CUST-05897,Male,0,No,No,17,Yes,Yes,Fiber optic,Yes,No,No,Yes,No,Yes,One year,Yes,Electronic check,68.63,1074.82,No
CUST-05898,Female,1,Yes,No,49,Yes,Yes,Fiber optic,No,No,No,Yes,No,No,Month-to-month,Yes,Electronic check,61.91,2921.58,No
CUST-05899,Female,0,Yes,No,8,Yes,Yes,Fiber optic,No,Yes,No,Yes,Yes,No,One year,No,Bank transfer (automatic),99.33,660.86,No
CUST-05900,Female,0,Yes,No,24,Yes,No,Fiber optic,Yes,Yes,Yes,No,No,No,Month-to-month,No,Mailed check,70.37,1690.66,Yes
CUST-05901,Female,0,No,No,42,Yes,No,Fiber optic,No,No,No,Yes,Yes,No,One year,Yes,Credit card (automatic),58.89,2436.04,No
CUST-05902,Male,0,No,No,66,Yes,Yes,DSL,No,Yes,No,No,No,No,Two year,No,Mailed check,81.14,5369.94,No
CUST-05903,Male,0,No,No,55,Yes,No,No,No internet service,No internet service,No internet service,No internet service,No internet service,No internet service,One year,No,Credit card (automatic),47.37,2635.77,No
CUST-05904,Female,0,Yes,No,69,Yes,Yes,No,No internet service,No internet service,No internet service,No internet service,No internet service,No internet service,Month-to-month,Yes,Credit card (automatic),52.9,3629.52,Yes
CUST-05905,Male,0,Yes,No,42,No,No phone service,Fiber optic,No,Yes,No,No,Yes,Yes,Two year,Yes,Mailed check,71.18,2952.14,No
CUST-05906,Male,0,Yes,Yes,9,Yes,Yes,Fiber optic,No,No,No,No,No,Yes,Month-to-month,No,Electronic check,79.54,780.91,Yes
CUST-05907,Male,0,No,Yes,32,Yes,No,DSL,No,No,Yes,No,No,No,Month-to-month,No,Credit card (automatic),43.35,1414.83,Yes
CUST-05908,Female,0,Yes,Yes,54,Yes,No,No,No internet service,No internet service,No internet service,No internet service,No internet service,No internet service,Month-to-month,Yes,Electronic check,42.31,2289.35,Yes
CUST-05909,Female,0,No,No,1,Yes,No,DSL,No,No,Yes,No,No,No,Two year,No,Mailed check,62.66,72.91,No
CUST-05910,Female,0,No,Yes,8,Yes,Yes,No,No internet service,No internet service,No internet service,No internet service,No internet service,No internet service,Month-to-month,No,Electronic check,38.34,353.08,No
CUST-05911,Male,0,No,No,48,Yes,Yes,Fiber optic,No,Yes,No,Yes,Yes,No,One year,Yes,Credit card (automatic),89.18,4258.22,No
CUST-05912,Male,0,No,No,2,Yes,Yes,No,No internet service,No internet service,No internet service,No internet service,No internet service,No internet service,One year,No,Electronic check,72.54,196.62,Yes
CUST-05913,Female,0,Yes,No,1,Yes,No,Fiber optic,Yes,No,No,Yes,No,Yes,Month-to-month,No,Electronic check,83.87,117.88,Yes
CUST-05914,Male,0,No,No,41,Yes,No,Fiber optic,No,Yes,No,No,Yes,Yes,Month-to-month,Yes,Electronic check,61.98,2618.87,No
CUST-05915,Female,0,Yes,Yes,27,Yes,Yes,DSL,Yes,No,Yes,No,No,Yes,Month-to-month,Yes,Credit card (automatic),46.2,1328.14,No
CUST-05916,Male,0,No,No,55,Yes,No,No,No internet service,No internet service,No internet service,No internet service,No internet service,No internet service,Month-to-month,Yes,Electronic check,18.0,1026.33,No
CUST-05917,Male,0,No,No,0,No,No phone service,Fiber optic,No,No,No,Yes,No,Yes,Month-to-month,No,Electronic check,57.45,60.18,Yes
CUST-05918,Male,0,No,No,8,Yes,No,Fiber optic,Yes,No,No,Yes,Yes,No,Month-to-month,Yes,Electronic check,55.6,447.61,Yes
CUST-05919,Female,0,Yes,No,45,Yes,No,DSL,Yes,Yes,No,No,No,No,Month-to-month,No,Mailed check,61.72,2818.11,No
CUST-05920,Female,1,No,No,72,Yes,No,Fiber optic,No,Yes,No,No,No,Yes,Month-to-month,Yes,Bank transfer (automatic),59.79,4241.43,Yes
CUST-05921,Male,0,No,No,3,Yes,No,Fiber optic,Yes,No,No,Yes,No,No,Month-to-month,Yes,Mailed check,73.82,288.99,No
CUST-05922,Female,0,No,No,63,Yes,No,Fiber optic,No,Yes,No,No,No,No,Month-to-month,Yes,Bank transfer (automatic),90.81,5731.98,No
CUST-05923,Female,0,No,No,0,Yes,No,Fiber optic,No,No,Yes,No,No,No,One year,No,Electronic check,68.86,18.0,Yes
CUST-05924,Female,0,No,No,49,Yes,Yes,Fiber optic,No,No,No,No,No,No,Month-to-month,Yes,Electronic check,82.72,4098.26,Yes
CUST-05925,Female,0,Yes,No,65,Yes,Yes,No,No internet service,No internet service,No internet service,No internet service,No internet service,No internet service,Month-to-month,No,Bank transfer (automatic),64.28,4239.01,No
CUST-05926,Male,0,Yes,No,0,No,No phone service,Fiber optic,No,Yes,No,No,Yes,Yes,Two year,No,Mailed check,64.96,18.0,No
CUST-05927,Female,0,Yes,No,72,Yes,Yes,No,No internet service,No internet service,No internet service,No internet service,No internet service,No internet service,Month-to-month,Yes,Credit card (automatic),45.32,3252.7,No
CUST-05928,Female,0,No,No,5,Yes,No,DSL,No,No,Yes,No,No,No,Two year,No,Bank transfer (automatic),51.31,161.18,Yes
CUST-05929,Male,1,No,Yes,21,Yes,Yes,Fiber optic,No,No,No,Yes,Yes,No,Month-to-month,No,Bank transfer (automatic),56.57,1187.05,No
CUST-05930,Male,0,Yes,Yes,3,Yes,No,Fiber optic,No,Yes,Yes,No,No,No,Two year,Yes,Electronic check,55.45,249.29,No
CUST-05931,Female,0,Yes,No,46,Yes,Yes,No,No internet service,No internet service,No internet service,No internet service,No internet service,No internet service,Month-to-month,Yes,Credit card (automatic),36.03,1632.08,No
CUST-05932,Female,0,No,No,62,Yes,No,Fiber optic,No,No,Yes,No,No,No,One year,Yes,Credit card (automatic),71.4,4402.3,No
CUST-05933,Male,0,No,No,31,Yes,No,Fiber optic,No,No,Yes,No,No,No,Month-to-month,No,Electronic check,74.5,2368.34,No
CUST-05934,Male,0,No,Yes,4,Yes,Yes,No,No internet service,No internet service,No internet service,No internet service,No internet service,No internet service,Month-to-month,Yes,Bank transfer (automatic),62.94,179.75,No
CUST-05935,Female,0,Yes,No,55,Yes,Yes,No,No internet service,No internet service,No internet service,No internet service,No internet service,No internet service,Two year,Yes,Credit card (automatic),26.1,1410.46,No
CUST-05936,Male,0,No,No,2,Yes,Yes,No,No internet service,No internet service,No internet service,No internet service,No internet service,No internet service,Month-to-month,Yes,Bank transfer (automatic),27.8,92.91,No
CUST-05937,Male,0,Yes,No,21,No,No phone service,Fiber optic,Yes,No,No,No,Yes,Yes,One year,Yes,Electronic check,80.14,1724.3,Yes
CUST-05938,Female,1,Yes,No,72,Yes,No,No,No internet service,No internet service,No internet service,No internet service,No internet service,No internet service,Two year,No,Mailed check,39.74,2804.54,No
CUST-05939,Female,1,No,Yes,18,No,No phone service,No,No internet service,No internet service,No internet service,No internet service,No internet service,No internet service,Month-to-month,Yes,Electronic check,54.46,1024.93,Yes
CUST-05940,Male,0,Yes,No,33,Yes,No,Fiber optic,No,Yes,No,Yes,No,Yes,Month-to-month,Yes,Credit card (automatic),82.05,2751.12,No
CUST-05941,Male,0,No,No,4,Yes,Yes,Fiber optic,No,Yes,No,Yes,Yes,Yes,Month-to-month,Yes,Electronic check,82.66,299.98,No
CUST-05942,Male,0,Yes,No,10,No,No phone service,DSL,Yes,Yes,No,No,No,Yes,Month-to-month,Yes,Bank transfer (automatic),57.05,573.17,No
CUST-05943,Male,1,Yes,Yes,64,Yes,No,DSL,No,No,No,No,No,No,Two year,Yes,Credit card (automatic),64.4,4169.83,No
CUST-05944,Female,0,No,No,40,Yes,No,DSL,No,No,Yes,No,No,Yes,Month-to-month,No,Bank transfer (automatic),54.32,2162.9,No
CUST-05945,Male,0,Yes,Yes,58,Yes,Yes,DSL,No,No,No,No,No,Yes,Two year,No,Electronic check,47.55,2681.35,No
CUST-05946,Male,0,Yes,No,37,Yes,No,Fiber optic,Yes,No,Yes,No,No,No,Month-to-month,Yes,Mailed check,74.12,2781.15,No
CUST-05947,Male,0,Yes,No,1,Yes,Yes,No,No internet service,No internet service,No internet service,No internet service,No internet service,No internet service,Month-to-month,Yes,Credit card (automatic),41.52,106.2,No
CUST-05948,Female,0,Yes,No,72,Yes,No,DSL,No,Yes,Yes,No,Yes,Yes,Month-to-month,Yes,Credit card (automatic),61.33,4432.09,No
CUST-05949,Female,0,No,No,37,Yes,No,DSL,No,Yes,No,No,No,No,Two year,Yes,Mailed check,45.71,1672.88,No
CUST-05950,Female,0,Yes,No,4,Yes,No,DSL,No,Yes,No,Yes,No,No,Month-to-month,Yes,Mailed check,69.18,279.45,No
CUST-05951,Male,0,No,Yes,71,Yes,No,Fiber optic,Yes,No,No,No,Yes,No,One year,No,Mailed check,70.63,4969.86,No
CUST-05952,Female,0,No,No,72,Yes,No,Fiber optic,Yes,No,No,No,No,No,Two year,Yes,Bank transfer (automatic),50.78,3563.96,No
CUST-05953,Male,0,No,Yes,2,Yes,Yes,Fiber optic,No,Yes,No,No,No,No,Two year,No,Mailed check,58.86,160.75,No
CUST-05954,Female,1,No,No,54,Yes,No,DSL,No,No,No,No,No,No,One year,Yes,Electronic check,43.95,2423.74,No
CUST-05955,Female,0,No,No,35,Yes,Yes,Fiber optic,Yes,No,No,Yes,No,Yes,Month-to-month,No,Bank transfer (automatic),51.64,1851.35,No
CUST-05956,Female,0,No,Yes,11,Yes,Yes,Fiber optic,No,No,Yes,No,Yes,No,Two year,Yes,Bank transfer (automatic),98.73,1092.06,No
CUST-05957,Male,0,Yes,No,1,Yes,No,No,No internet service,No internet service,No internet service,No internet service,No internet service,No internet service,Two year,Yes,Electronic check,63.78,137.61,No
CUST-05958,Female,0,No,Yes,72,No,No phone service,Fiber optic,Yes,No,Yes,No,Yes,Yes,Month-to-month,No,Electronic check,67.24,4847.8,Yes
CUST-05959,Female,1,Yes,Yes,47,Yes,Yes,No,No internet service,No internet service,No internet service,No internet service,No internet service,No internet service,One year,Yes,Mailed check,31.36,1480.86,No
CUST-05960,Female,0,No,No,39,Yes,Yes,DSL,Yes,Yes,Yes,Yes,Yes,No,Month-to-month,Yes,Bank transfer (automatic),40.6,1422.49,No
CUST-05961,Male,1,No,Yes,4,No,No phone service,Fiber optic,No,Yes,Yes,No,Yes,No,Month-to-month,No,Credit card (automatic),81.57,313.46,Yes
CUST-05962,Female,0,Yes,Yes,72,No,No phone service,Fiber optic,No,No,No,No,No,Yes,One year,Yes,Electronic check,75.61,5344.87,Yes
CUST-05963,Female,0,Yes,No,5,Yes,Yes,No,No internet service,No internet service,No internet service,No internet service,No internet service,No internet service,Month-to-month,No,Mailed check,50.92,324.02,Yes
CUST-05964,Male,0,Yes,No,40,Yes,Yes,Fiber optic,No,Yes,No,Yes,No,No,Month-to-month,No,Electronic check,53.7,2151.44,Yes
CUST-05965,Female,0,Yes,No,62,Yes,No,Fiber optic,No,Yes,Yes,No,No,Yes,Month-to-month,Yes,Credit card (automatic),50.98,3228.08,No
CUST-05966,Male,0,No,No,41,Yes,Yes,No,No internet service,No internet service,No internet service,No internet service,No internet service,No internet service,Month-to-month,Yes,Bank transfer (automatic),37.0,1460.47,No
CUST-05967,Female,1,Yes,Yes,37,Yes,No,DSL,No,Yes,Yes,No,No,Yes,One year,No,Bank transfer (automatic),68.51,2536.91,No
CUST-05968,Female,1,No,No,8,Yes,No,DSL,No,No,Yes,Yes,Yes,No,Two year,Yes,Electronic check,94.2,732.9,No
CUST-05969,Male,0,No,No,72,Yes,No,DSL,No,No,Yes,Yes,No,No,Month-to-month,No,Bank transfer (automatic),36.73,2531.45,No
CUST-05970,Male,1,Yes,Yes,47,Yes,No,DSL,Yes,No,Yes,Yes,Yes,Yes,Month-to-month,No,Mailed check,73.84,3537.33,Yes
CUST-05971,Female,1,Yes,No,22,Yes,Yes,Fiber optic,No,Yes,No,No,No,Yes,One year,No,Bank transfer (automatic),89.86,2026.02,Yes
CUST-05972,Male,0,Yes,No,0,Yes,Yes,DSL,No,No,No,Yes,No,No,Month-to-month,No,Electronic check,40.69,18.0,No
CUST-05973,Male,0,No,Yes,40,No,No phone service,DSL,Yes,No,No,No,No,Yes,Two year,Yes,Mailed check,65.68,2662.21,No
CUST-05974,Male,0,Yes,Yes,3,Yes,Yes,DSL,No,Yes,No,No,No,Yes,Two year,Yes,Electronic check,53.86,122.64,No
CUST-05975,Female,0,Yes,No,3,Yes,No,DSL,No,No,No,Yes,No,No,Month-to-month,No,Credit card (automatic),59.99,119.8,No
CUST-05976,Female,0,No,No,0,Yes,Yes,Fiber optic,No,No,No,Yes,No,Yes,Month-to-month,No,Electronic check,70.7,18.0,Yes
CUST-05977,Female,1,No,Yes,3,No,No phone service,Fiber optic,No,No,Yes,Yes,Yes,No,Month-to-month,Yes,Electronic check,99.63,258.85,No
CUST-05978,Male,0,Yes,No,0,Yes,Yes,DSL,Yes,No,No,No,No,Yes,Month-to-month,Yes,Mailed check,63.21,18.0,Yes
CUST-05979,Male,0,No,Yes,0,Yes,Yes,No,No internet service,No internet service,No internet service,No internet service,No internet service,No internet service,Month-to-month,No,Mailed check,47.19,18.0,No
CUST-05980,Female,0,No,No,1,Yes,No,DSL,No,No,Yes,No,No,Yes,Month-to-month,No,Credit card (automatic),48.65,36.84,Yes
CUST-05981,Female,0,No,Yes,48,Yes,No,DSL,No,Yes,Yes,No,No,No,Month-to-month,No,Credit card (automatic),53.09,2632.76,No
CUST-05982,Female,0,Yes,No,15,Yes,Yes,DSL,No,Yes,Yes,Yes,No,No,Month-to-month,No,Electronic check,60.04,819.78,No
CUST-05983,Female,0,No,No,47,Yes,No,DSL,Yes,No,No,No,No,No,Month-to-month,Yes,Mailed check,51.22,2441.76,No
CUST-05984,Female,0,Yes,No,12,Yes,Yes,No,No internet service,No internet service,No internet service,No internet service,No internet service,No internet service,Two year,No,Credit card (automatic),57.21,647.15,No
CUST-05985,Male,0,Yes,Yes,0,Yes,No,Fiber optic,Yes,No,Yes,No,No,No,Month-to-month,Yes,Mailed check,99.1,18.0,No
CUST-05986,Male,0,Yes,No,6,Yes,Yes,DSL,No,Yes,No,No,Yes,Yes,Two year,Yes,Electronic check,36.29,301.13,No
CUST-05987,Female,0,No,No,5,Yes,Yes,No,No internet service,No internet service,No internet service,No internet service,No internet service,No internet service,Month-to-month,Yes,Mailed check,36.56,156.8,Yes
CUST-05988,Female,0,No,Yes,3,Yes,No,Fiber optic,Yes,Yes,No,No,No,No,One year,Yes,Electronic check,95.68,257.11,Yes
CUST-05989,Female,0,No,No,0,Yes,Yes,Fiber optic,No,No,No,No,No,No,Two year,Yes,Mailed check,70.05,18.0,No
CUST-05990,Female,0,No,No,44,Yes,No,Fiber optic,No,Yes,No,No,Yes,No,Month-to-month,Yes,Mailed check,91.76,4025.86,No
CUST-05991,Male,0,Yes,No,0,Yes,No,DSL,Yes,Yes,No,No,No,No,Month-to-month,Yes,Electronic check,41.41,18.0,No
CUST-05992,Male,0,Yes,No,34,Yes,Yes,Fiber optic,Yes,Yes,No,Yes,No,No,Two year,No,Mailed check,78.21,2651.5,No
CUST-05993,Female,0,No,No,4,Yes,No,Fiber optic,No,No,No,No,Yes,Yes,Month-to-month,No,Electronic check,71.02,193.19,Yes
CUST-05994,Female,1,Yes,No,25,No,No phone service,No,No internet service,No internet service,No internet service,No internet service,No internet service,No internet service,Month-to-month,No,Credit card (automatic),44.58,1067.75,No
CUST-05995,Male,1,Yes,No,2,Yes,Yes,DSL,No,No,Yes,Yes,Yes,No,Month-to-month,No,Electronic check,51.82,154.44,No
CUST-05996,Male,0,No,Yes,72,Yes,Yes,DSL,No,No,Yes,No,No,No,Month-to-month,No,Bank transfer (automatic),81.49,5911.91,No
CUST-05997,Female,0,Yes,No,48,Yes,Yes,Fiber optic,Yes,Yes,Yes,Yes,No,No,Month-to-month,No,Electronic check,60.16,2899.42,No
CUST-05998,Female,0,Yes,Yes,39,Yes,No,Fiber optic,Yes,Yes,No,No,Yes,No,Month-to-month,Yes,Mailed check,79.02,3058.99,No
CUST-05999,Female,1,No,No,42,Yes,Yes,Fiber optic,No,No,No,No,Yes,Yes,Two year,Yes,Bank transfer (automatic),59.46,2499.47,No
CUST-06000,Male,0,No,Yes,5,Yes,No,Fiber optic,No,Yes,No,Yes,No,Yes,Month-to-month,No,Credit card (automatic),95.14,436.71,Yes
CUST-06001,Female,0,No,No,5,Yes,Yes,Fiber optic,No,No,Yes,No,No,Yes,Two year,Yes,Electronic check,80.61,464.65,No
CUST-06002,Female,0,Yes,No,72,Yes,Yes,DSL,No,No,Yes,No,No,Yes,Month-to-month,No,Electronic check,38.27,2808.27,Yes
CUST-06003,Female,0,No,No,3,Yes,No,No,No internet service,No internet service,No internet service,No internet service,No internet service,No internet service,Two year,No,Mailed check,47.08,150.29,Yes
CUST-06004,Female,0,No,Yes,0,Yes,No,Fiber optic,No,Yes,No,Yes,No,Yes,Two year,Yes,Mailed check,73.56,18.0,No
CUST-06005,Male,0,Yes,No,51,Yes,No,No,No internet service,No internet service,No internet service,No internet service,No internet service,No internet service,Month-to-month,Yes,Credit card (automatic),54.54,2802.25,No
CUST-06006,Male,0,No,No,68,No,No phone service,Fiber optic,Yes,No,No,No,Yes,Yes,Two year,Yes,Mailed check,70.63,4833.0,No
CUST-06007,Male,0,No,No,42,Yes,No,No,No internet service,No internet service,No internet service,No internet service,No internet service,No internet service,Month-to-month,No,Mailed check,22.43,946.86,Yes
CUST-06008,Female,0,No,No,1,Yes,No,No,No internet service,No internet service,No internet service,No internet service,No internet service,No internet service,Two year,No,Credit card (automatic),40.08,18.0,No
CUST-06009,Male,0,Yes,Yes,49,Yes,Yes,Fiber optic,No,Yes,No,No,Yes,Yes,Two year,Yes,Mailed check,63.98,3186.12,No
CUST-06010,Male,0,No,No,9,Yes,No,No,No internet service,No internet service,No internet service,No internet service,No internet service,No internet service,One year,Yes,Electronic check,45.04,436.51,No
CUST-06011,Male,1,Yes,No,33,Yes,Yes,DSL,Yes,No,Yes,No,No,Yes,One year,No,Electronic check,58.86,1890.4,No
CUST-06012,Female,0,Yes,No,33,Yes,No,DSL,No,Yes,No,Yes,No,No,One year,Yes,Mailed check,66.04,2184.98,No
CUST-06013,Female,1,Yes,Yes,56,Yes,No,Fiber optic,No,No,No,No,No,Yes,Two year,Yes,Electronic check,76.68,4250.1,No
CUST-06014,Female,0,Yes,Yes,33,Yes,No,DSL,No,Yes,No,Yes,Yes,No,Month-to-month,No,Electronic check,21.7,701.37,No
CUST-06015,Female,1,Yes,Yes,27,No,No phone service,Fiber optic,No,No,No,Yes,No,No,Month-to-month,Yes,Mailed check,73.73,1977.92,Yes
CUST-06016,Male,0,No,No,7,Yes,No,DSL,No,No,Yes,No,No,No,Month-to-month,No,Electronic check,73.3,452.85,Yes
CUST-06017,Male,0,No,No,44,Yes,Yes,DSL,Yes,No,No,Yes,Yes,No,Month-to-month,Yes,Mailed check,58.15,2514.49,No
CUST-06018,Male,0,Yes,No,41,Yes,No,Fiber optic,No,No,Yes,No,No,Yes,Month-to-month,No,Credit card (automatic),66.58,2790.41,No
CUST-06019,Female,1,No,Yes,28,Yes,No,No,No internet service,No internet service,No internet service,No internet service,No internet service,No internet service,One year,No,Mailed check,32.1,808.52,No
CUST-06020,Female,1,No,Yes,16,Yes,Yes,Fiber optic,No,No,No,No,Yes,Yes,Month-to-month,No,Electronic check,82.79,1355.22,Yes
CUST-06021,Male,0,Yes,No,57,Yes,No,Fiber optic,No,No,No,No,Yes,No,One year,No,Mailed check,70.8,4045.53,No
CUST-06022,Male,0,No,Yes,1,Yes,No,No,No internet service,No internet service,No internet service,No internet service,No internet service,No internet service,Two year,No,Bank transfer (automatic),36.63,86.4,No
CUST-06023,Male,0,No,No,2,Yes,No,No,No internet service,No internet service,No internet service,No internet service,No internet service,No internet service,Month-to-month,No,Credit card (automatic),47.61,29.23,No
CUST-06024,Female,0,No,No,69,Yes,No,DSL,No,No,Yes,Yes,No,Yes,Month-to-month,Yes,Bank transfer (automatic),47.1,3271.07,No
CUST-06025,Male,0,No,No,8,Yes,Yes,No,No internet service,No internet service,No internet service,No internet service,No internet service,No internet service,Two year,No,Bank transfer (automatic),38.56,363.64,No
CUST-06026,Female,0,No,Yes,72,Yes,No,Fiber optic,No,No,Yes,No,Yes,Yes,Two year,Yes,Mailed check,63.01,4672.02,No
CUST-06027,Male,0,No,Yes,60,Yes,Yes,Fiber optic,No,No,No,No,Yes,Yes,One year,No,Mailed check,77.43,4665.41,Yes
CUST-06028,Female,0,Yes,No,1,Yes,Yes,No,No internet service,No internet service,No internet service,No internet service,No internet service,No internet service,Month-to-month,Yes,Credit card (automatic),33.88,52.3,No
CUST-06029,Female,1,Yes,Yes,14,Yes,No,No,No internet service,No internet service,No internet service,No internet service,No internet service,No internet service,Month-to-month,Yes,Electronic check,39.76,540.86,No
CUST-06030,Male,0,No,No,55,Yes,No,Fiber optic,No,No,No,No,Yes,Yes,Two year,Yes,Bank transfer (automatic),100.28,5586.55,No
CUST-06031,Female,0,Yes,No,2,Yes,Yes,Fiber optic,Yes,No,No,No,Yes,Yes,One year,Yes,Bank transfer (automatic),65.22,92.94,No
CUST-06032,Female,0,Yes,No,70,Yes,No,Fiber optic,No,No,No,No,Yes,No,Month-to-month,Yes,Bank transfer (automatic),77.35,5405.18,No
CUST-06033,Female,0,Yes,Yes,0,Yes,Yes,DSL,Yes,No,No,No,No,No,Month-to-month,No,Bank transfer (automatic),64.46,18.0,No
CUST-06034,Female,0,No,No,18,Yes,Yes,Fiber optic,No,No,No,Yes,Yes,No,Month-to-month,No,Electronic check,56.98,940.06,Yes
CUST-06035,Male,0,No,No,11,Yes,No,Fiber optic,No,Yes,Yes,No,Yes,No,Two year,Yes,Credit card (automatic),56.41,589.76,No
CUST-06036,Male,0,Yes,Yes,2,Yes,No,Fiber optic,No,No,No,No,No,No,Month-to-month,No,Credit card (automatic),60.26,112.65,No
CUST-06037,Female,0,Yes,No,55,Yes,No,DSL,No,Yes,Yes,Yes,No,No,Month-to-month,Yes,Credit card (automatic),33.41,1841.34,No
CUST-06038,Male,0,Yes,No,47,No,No phone service,Fiber optic,No,No,Yes,Yes,No,No,Two year,No,Credit card (automatic),104.65,4801.13,No
CUST-06039,Male,0,Yes,Yes,5,Yes,No,DSL,No,No,No,No,No,No,One year,Yes,Credit card (automatic),43.02,255.86,No
CUST-06040,Male,0,No,No,24,Yes,Yes,Fiber optic,No,No,Yes,Yes,No,Yes,Month-to-month,No,Electronic check,66.23,1489.94,No
CUST-06041,Male,0,Yes,Yes,5,Yes,No,No,No internet service,No internet service,No internet service,No internet service,No internet service,No internet service,One year,Yes,Electronic check,31.51,101.14,No
CUST-06042,Male,0,No,Yes,27,Yes,No,DSL,No,Yes,No,Yes,Yes,Yes,Month-to-month,Yes,Electronic check,64.99,1741.9,Yes
CUST-06043,Male,0,Yes,Yes,53,Yes,Yes,No,No internet service,No internet service,No internet service,No internet service,No internet service,No internet service,Two year,No,Electronic check,36.36,1940.57,No
CUST-06044,Female,0,Yes,No,23,Yes,Yes,Fiber optic,No,No,No,Yes,Yes,No,Month-to-month,No,Bank transfer (automatic),73.33,1670.17,No
CUST-06045,Female,0,No,No,46,No,No phone service,DSL,No,No,No,Yes,No,Yes,Month-to-month,No,Electronic check,46.52,2133.77,No
CUST-06046,Male,0,Yes,No,7,No,No phone service,DSL,No,No,Yes,No,No,No,Month-to-month,Yes,Electronic check,74.83,410.29,No
CUST-06047,Male,0,Yes,No,0,Yes,Yes,DSL,Yes,No,No,No,Yes,No,Month-to-month,No,Bank transfer (automatic),52.68,36.45,No
CUST-06048,Female,0,Yes,Yes,1,Yes,No,No,No internet service,No internet service,No internet service,No internet service,No internet service,No internet service,One year,No,Electronic check,49.79,18.0,No
CUST-06049,Male,0,No,No,10,Yes,No,DSL,No,No,No,Yes,Yes,Yes,One year,No,Bank transfer (automatic),63.97,655.62,No
CUST-06050,Male,0,Yes,No,72,Yes,Yes,Fiber optic,No,Yes,Yes,No,Yes,Yes,Month-to-month,No,Bank transfer (automatic),86.25,6264.01,Yes
CUST-06051,Male,0,No,No,34,Yes,Yes,Fiber optic,No,No,No,Yes,No,Yes,Month-to-month,No,Electronic check,50.94,1695.21,No
CUST-06052,Male,0,No,No,32,No,No phone service,DSL,Yes,No,No,No,Yes,No,Month-to-month,Yes,Mailed check,45.27,1419.48,No
CUST-06053,Male,0,No,No,2,No,No phone service,Fiber optic,Yes,No,No,Yes,No,No,One year,Yes,Mailed check,59.27,162.75,No
CUST-06054,Male,0,No,No,20,Yes,Yes,DSL,Yes,No,No,No,Yes,Yes,Month-to-month,Yes,Bank transfer (automatic),72.09,1446.71,No
CUST-06055,Female,0,No,No,46,Yes,No,No,No internet service,No internet service,No internet service,No internet service,No internet service,No internet service,Two year,Yes,Mailed check,42.07,1966.08,No
CUST-06056,Female,0,No,No,6,Yes,No,No,No internet service,No internet service,No internet service,No internet service,No internet service,No internet service,One year,No,Mailed check,70.35,442.85,No
CUST-06057,Male,0,Yes,Yes,26,Yes,No,No,No internet service,No internet service,No internet service,No internet service,No internet service,No internet service,Two year,Yes,Credit card (automatic),75.61,1969.28,No
CUST-06058,Female,0,No,No,37,Yes,Yes,DSL,No,No,Yes,No,Yes,No,Month-to-month,No,Credit card (automatic),50.85,1868.9,No
CUST-06059,Female,0,No,No,2,Yes,Yes,Fiber optic,No,No,No,No,No,Yes,Month-to-month,No,Bank transfer (automatic),109.52,222.26,No
CUST-06060,Male,0,Yes,No,59,Yes,Yes,Fiber optic,No,No,No,No,No,No,Month-to-month,No,Mailed check,62.08,3720.15,Yes
CUST-06061,Male,0,No,No,29,Yes,No,No,No internet service,No internet service,No internet service,No internet service,No internet service,No internet service,Two year,Yes,Mailed check,48.63,1439.0,No
CUST-06062,Female,0,Yes,No,72,Yes,No,Fiber optic,Yes,Yes,Yes,No,No,Yes,One year,Yes,Mailed check,80.53,5738.46,No
CUST-06063,Male,0,No,Yes,72,Yes,Yes,Fiber optic,Yes,Yes,Yes,Yes,Yes,Yes,Month-to-month,Yes,Bank transfer (automatic),99.11,7061.36,Yes
CUST-06064,Male,1,Yes,Yes,45,Yes,No,Fiber optic,No,No,No,No,No,No,Two year,No,Bank transfer (automatic),85.5,3873.42,Yes
CUST-06065,Male,0,Yes,No,47,Yes,Yes,No,No internet service,No internet service,No internet service,No internet service,No internet service,No internet service,One year,No,Electronic check,44.31,1948.76,No
CUST-06066,Male,0,Yes,No,63,Yes,No,Fiber optic,No,No,No,No,No,No,Month-to-month,No,Bank transfer (automatic),59.22,3655.62,Yes
CUST-06067,Male,0,Yes,No,65,Yes,No,DSL,No,No,Yes,No,No,Yes,Month-to-month,Yes,Bank transfer (automatic),59.5,3816.96,No
CUST-06068,Male,0,Yes,No,47,Yes,Yes,No,No internet service,No internet service,No internet service,No internet service,No internet service,No internet service,One year,Yes,Mailed check,54.59,2597.1,No
CUST-06069,Male,0,Yes,No,32,Yes,Yes,Fiber optic,No,No,Yes,No,No,Yes,One year,No,Electronic check,82.84,2702.55,Yes
CUST-06070,Female,0,No,Yes,34,Yes,Yes,DSL,No,No,No,No,No,Yes,Month-to-month,No,Bank transfer (automatic),72.57,2460.09,No
CUST-06071,Male,1,Yes,Yes,54,Yes,Yes,Fiber optic,No,Yes,No,No,Yes,No,Month-to-month,No,Electronic check,70.35,3762.5,Yes
CUST-06072,Female,0,No,Yes,49,Yes,No,DSL,Yes,No,No,Yes,No,No,Month-to-month,Yes,Credit card (automatic),48.37,2361.32,No
CUST-06073,Female,0,No,No,15,Yes,Yes,Fiber optic,No,No,No,No,No,No,One year,No,Bank transfer (automatic),81.49,1375.59,Yes
CUST-06074,Female,0,Yes,Yes,49,Yes,No,Fiber optic,Yes,No,No,Yes,No,Yes,Month-to-month,Yes,Electronic check,48.84,2435.56,No
CUST-06075,Female,0,Yes,No,46,Yes,No,No,No internet service,No internet service,No internet service,No internet service,No internet service,No internet service,Month-to-month,No,Bank transfer (automatic),68.48,3110.69,Yes
CUST-06076,Male,0,Yes,No,4,No,No phone service,DSL,Yes,No,No,No,No,Yes,Two year,No,Bank transfer (automatic),43.26,159.49,No
CUST-06077,Male,0,Yes,No,52,Yes,Yes,Fiber optic,No,No,No,Yes,No,Yes,Two year,Yes,Bank transfer (automatic),70.28,3579.65,No
CUST-06078,Male,0,No,Yes,0,Yes,Yes,DSL,No,No,No,Yes,Yes,Yes,Month-to-month,Yes,Mailed check,38.03,18.0,No
CUST-06079,Female,0,No,No,56,Yes,No,DSL,Yes,Yes,Yes,No,Yes,No,Two year,Yes,Bank transfer (automatic),44.87,2485.04,No
CUST-06080,Female,0,No,No,11,Yes,No,Fiber optic,No,No,No,No,Yes,Yes,Month-to-month,Yes,Bank transfer (automatic),76.83,837.22,Yes
CUST-06081,Female,0,Yes,No,5,Yes,Yes,Fiber optic,No,No,Yes,No,No,No,Month-to-month,Yes,Mailed check,59.44,226.6,Yes
CUST-06082,Male,0,No,No,59,Yes,Yes,No,No internet service,No internet service,No internet service,No internet service,No internet service,No internet service,Month-to-month,No,Bank transfer (automatic),39.19,2331.87,No
CUST-06083,Male,0,Yes,No,3,No,No phone service,Fiber optic,No,No,No,No,No,Yes,Two year,Yes,Electronic check,100.05,314.46,Yes
CUST-06084,Female,1,No,No,42,Yes,Yes,DSL,No,Yes,No,Yes,No,Yes,Month-to-month,No,Mailed check,64.29,2755.93,No
CUST-06085,Female,0,No,No,47,No,No phone service,Fiber optic,Yes,No,No,No,No,Yes,Two year,No,Electronic check,75.35,3479.45,No
CUST-06086,Female,0,Yes,Yes,17,Yes,Yes,Fiber optic,No,Yes,No,No,Yes,Yes,One year,Yes,Electronic check,46.76,759.77,No
CUST-06087,Male,1,No,No,8,Yes,Yes,Fiber optic,No,No,Yes,No,Yes,Yes,Two year,No,Electronic check,87.44,745.81,No
CUST-06088,Male,0,No,No,1,Yes,No,DSL,Yes,No,No,No,Yes,No,Month-to-month,No,Bank transfer (automatic),79.77,104.8,Yes
CUST-06089,Male,1,No,No,2,Yes,No,No,No internet service,No internet service,No internet service,No internet service,No internet service,No internet service,Month-to-month,Yes,Credit card (automatic),18.0,56.45,No
CUST-06090,Female,0,Yes,No,54,Yes,Yes,No,No internet service,No internet service,No internet service,No internet service,No internet service,No internet service,Two year,Yes,Mailed check,24.06,1324.71,No
CUST-06091,Male,0,No,No,27,Yes,Yes,No,No internet service,No internet service,No internet service,No internet service,No internet service,No internet service,Two year,No,Mailed check,57.82,1598.45,No
CUST-06092,Female,0,Yes,No,46,Yes,No,DSL,No,No,No,No,Yes,Yes,Month-to-month,No,Bank transfer (automatic),44.95,2160.66,No
CUST-06093,Male,0,Yes,No,4,Yes,Yes,Fiber optic,Yes,No,Yes,No,No,No,Month-to-month,Yes,Credit card (automatic),75.1,387.41,No
CUST-06094,Male,0,No,Yes,65,Yes,No,Fiber optic,Yes,Yes,No,No,Yes,Yes,Month-to-month,Yes,Bank transfer (automatic),64.56,4174.5,No
CUST-06095,Male,0,Yes,No,16,Yes,No,DSL,No,No,No,No,Yes,Yes,One year,Yes,Credit card (automatic),69.47,1150.25,No
CUST-06096,Female,0,Yes,Yes,41,Yes,No,Fiber optic,No,Yes,Yes,No,No,No,One year,No,Electronic check,45.25,1768.76,No
CUST-06097,Female,0,No,Yes,3,Yes,Yes,Fiber optic,No,Yes,No,Yes,Yes,No,One year,Yes,Electronic check,68.41,226.46,No
CUST-06098,Female,0,Yes,No,61,Yes,No,DSL,No,Yes,Yes,Yes,No,No,Month-to-month,No,Electronic check,50.72,3111.81,No
CUST-06099,Female,0,No,Yes,18,Yes,Yes,DSL,No,No,No,No,Yes,Yes,Month-to-month,Yes,Bank transfer (automatic),67.08,1224.6,No
CUST-06100,Male,0,No,Yes,0,Yes,No,DSL,No,No,No,No,No,Yes,One year,Yes,Mailed check,53.6,130.9,No
CUST-06101,Male,1,Yes,No,46,Yes,No,DSL,No,Yes,Yes,No,Yes,Yes,Month-to-month,Yes,Electronic check,53.54,2510.31,No
CUST-06102,Female,0,No,No,2,Yes,No,Fiber optic,No,Yes,No,No,Yes,Yes,Month-to-month,Yes,Credit card (automatic),62.99,129.86,No
CUST-06103,Male,0,No,No,4,Yes,Yes,No,No internet service,No internet service,No internet service,No internet service,No internet service,No internet service,Month-to-month,Yes,Credit card (automatic),18.0,18.0,Yes
CUST-06104,Male,0,No,No,29,Yes,No,DSL,Yes,No,No,Yes,Yes,No,Month-to-month,No,Mailed check,55.87,1637.2,No
CUST-06105,Female,0,No,No,1,Yes,No,Fiber optic,No,Yes,Yes,No,No,No,One year,No,Bank transfer (automatic),53.12,143.13,No
CUST-06106,Female,0,No,No,0,Yes,Yes,DSL,No,No,Yes,No,Yes,Yes,Two year,Yes,Credit card (automatic),61.07,18.0,No
CUST-06107,Male,1,No,Yes,29,Yes,No,Fiber optic,Yes,No,No,No,No,No,One year,No,Credit card (automatic),65.47,1930.54,No
CUST-06108,Female,0,Yes,Yes,5,Yes,No,DSL,Yes,No,No,No,No,Yes,One year,Yes,Bank transfer (automatic),68.17,321.92,No
CUST-06109,Female,0,Yes,Yes,19,Yes,No,DSL,No,Yes,Yes,Yes,No,No,Two year,Yes,Electronic check,51.97,1030.72,No
CUST-06110,Female,1,No,No,7,Yes,Yes,No,No internet service,No internet service,No internet service,No internet service,No internet service,No internet service,Month-to-month,Yes,Mailed check,42.38,260.04,No
CUST-06111,Female,0,No,Yes,0,Yes,No,No,No internet service,No internet service,No internet service,No internet service,No internet service,No internet service,One year,Yes,Electronic check,44.83,18.0,No
CUST-06112,Male,0,No,No,17,Yes,Yes,Fiber optic,No,No,Yes,Yes,No,No,One year,No,Mailed check,56.71,1006.21,No
CUST-06113,Male,0,Yes,No,2,Yes,No,DSL,No,Yes,No,No,No,No,Month-to-month,Yes,Mailed check,60.87,126.42,No
CUST-06114,Female,0,No,No,1,Yes,No,Fiber optic,No,Yes,No,No,No,No,Month-to-month,No,Credit card (automatic),46.15,82.15,No
CUST-06115,Male,0,Yes,No,37,Yes,Yes,Fiber optic,No,Yes,No,No,Yes,No,Month-to-month,Yes,Electronic check,74.17,2783.43,No
CUST-06116,Male,0,Yes,No,11,Yes,No,Fiber optic,Yes,No,No,No,Yes,Yes,Month-to-month,No,Electronic check,75.86,837.01,No
CUST-06117,Female,0,No,No,3,Yes,No,No,No internet service,No internet service,No internet service,No internet service,No internet service,No internet service,Month-to-month,Yes,Mailed check,52.39,281.67,No
CUST-06118,Male,0,Yes,Yes,72,Yes,Yes,Fiber optic,No,No,No,No,Yes,Yes,Two year,No,Mailed check,92.97,6666.27,No
CUST-06119,Female,0,No,No,1,Yes,Yes,No,No internet service,No internet service,No internet service,No internet service,No internet service,No internet service,Month-to-month,Yes,Credit card (automatic),74.21,100.56,Yes
CUST-06120,Male,0,Yes,Yes,28,Yes,No,No,No internet service,No internet service,No internet service,No internet service,No internet service,No internet service,Month-to-month,Yes,Bank transfer (automatic),40.62,1238.77,No
CUST-06121,Male,1,No,Yes,0,Yes,No,No,No internet service,No internet service,No internet service,No internet service,No internet service,No internet service,Month-to-month,Yes,Mailed check,33.68,18.0,No
CUST-06122,Female,0,No,Yes,44,Yes,Yes,DSL,No,No,No,No,Yes,No,Month-to-month,No,Electronic check,46.62,2048.09,No
CUST-06123,Female,1,Yes,No,41,Yes,No,DSL,No,Yes,Yes,Yes,Yes,Yes,Month-to-month,Yes,Electronic check,76.63,3170.28,No
CUST-06124,Male,0,No,Yes,63,Yes,Yes,Fiber optic,Yes,No,Yes,No,Yes,Yes,One year,No,Credit card (automatic),54.0,3296.73,No
CUST-06125,Male,0,No,No,57,Yes,Yes,Fiber optic,No,No,No,No,No,Yes,Month-to-month,No,Mailed check,106.38,6038.21,No
CUST-06126,Male,0,Yes,No,0,No,No phone service,DSL,No,No,No,No,No,No,One year,No,Electronic check,56.13,33.83,No
CUST-06127,Male,0,No,No,72,Yes,Yes,DSL,Yes,No,No,No,Yes,No,Month-to-month,Yes,Electronic check,61.52,4483.81,Yes
CUST-06128,Female,0,No,No,1,Yes,No,Fiber optic,Yes,No,Yes,No,Yes,Yes,One year,No,Mailed check,91.68,94.81,Yes
CUST-06129,Male,1,Yes,No,5,Yes,Yes,DSL,No,Yes,Yes,No,Yes,No,One year,Yes,Credit card (automatic),50.97,301.3,No
CUST-06130,Male,0,No,No,0,Yes,Yes,No,No internet service,No internet service,No internet service,No internet service,No internet service,No internet service,Month-to-month,Yes,Bank transfer (automatic),50.99,18.0,No
CUST-06131,Male,0,Yes,Yes,1,Yes,No,No,No internet service,No internet service,No internet service,No internet service,No internet service,No internet service,Two year,Yes,Credit card (automatic),63.55,26.54,No
CUST-06132,Male,0,Yes,Yes,44,Yes,Yes,DSL,No,Yes,Yes,No,No,Yes,Two year,No,Electronic check,44.76,1954.89,No
CUST-06133,Female,1,Yes,No,60,Yes,No,DSL,No,No,No,No,No,No,One year,Yes,Mailed check,32.4,1931.5,No
CUST-06134,Male,0,No,No,42,No,No phone service,Fiber optic,No,Yes,No,No,Yes,Yes,Month-to-month,Yes,Credit card (automatic),70.71,2988.31,Yes
CUST-06135,Female,0,No,No,0,Yes,No,Fiber optic,No,No,No,No,Yes,No,Month-to-month,No,Mailed check,48.49,18.0,Yes
CUST-06136,Male,0,Yes,Yes,0,Yes,No,Fiber optic,No,Yes,No,Yes,Yes,No,Two year,Yes,Electronic check,70.59,18.0,No
CUST-06137,Male,1,Yes,No,7,Yes,No,Fiber optic,No,No,No,No,No,Yes,Month-to-month,No,Mailed check,67.62,405.61,Yes
CUST-06138,Female,0,Yes,No,4,Yes,Yes,Fiber optic,Yes,No,No,No,No,No,One year,Yes,Electronic check,94.15,455.84,Yes
CUST-06139,Male,0,No,No,37,Yes,No,DSL,Yes,No,No,Yes,Yes,No,Two year,No,Mailed check,73.44,2753.24,No
CUST-06140,Male,0,Yes,Yes,56,No,No phone service,Fiber optic,Yes,No,No,No,Yes,Yes,Month-to-month,No,Mailed check,52.04,2923.39,No
CUST-06141,Male,0,Yes,No,7,Yes,No,No,No internet service,No internet service,No internet service,No internet service,No internet service,No internet service,Month-to-month,Yes,Credit card (automatic),39.02,316.42,No
CUST-06142,Male,0,Yes,No,8,Yes,No,No,No internet service,No internet service,No internet service,No internet service,No internet service,No internet service,Month-to-month,Yes,Mailed check,27.33,265.8,No
CUST-06143,Female,0,Yes,No,21,Yes,Yes,Fiber optic,Yes,No,Yes,Yes,No,No,Two year,No,Mailed check,78.51,1667.09,No
CUST-06144,Female,0,No,Yes,36,Yes,No,Fiber optic,No,No,No,No,Yes,No,One year,No,Electronic check,44.6,1565.22,Yes
CUST-06145,Male,1,No,No,14,Yes,Yes,No,No internet service,No internet service,No internet service,No internet service,No internet service,No internet service,Two year,Yes,Electronic check,60.82,825.75,No
CUST-06146,Female,1,Yes,No,47,Yes,No,Fiber optic,Yes,No,No,Yes,No,Yes,One year,Yes,Credit card (automatic),44.87,2178.47,No
CUST-06147,Female,1,No,No,48,Yes,No,Fiber optic,No,No,No,No,No,No,One year,Yes,Mailed check,68.06,3206.64,Yes
CUST-06148,Female,1,Yes,No,2,Yes,Yes,DSL,Yes,No,No,No,No,Yes,One year,Yes,Credit card (automatic),43.49,71.06,No
CUST-06149,Male,0,No,No,61,No,No phone service,Fiber optic,No,No,Yes,Yes,No,No,Month-to-month,No,Mailed check,68.0,4197.42,Yes
CUST-06150,Female,1,Yes,Yes,1,Yes,No,No,No internet service,No internet service,No internet service,No internet service,No internet service,No internet service,Month-to-month,No,Bank transfer (automatic),37.31,18.0,Yes
CUST-06151,Male,1,Yes,Yes,50,Yes,No,Fiber optic,No,No,Yes,No,No,Yes,Month-to-month,No,Credit card (automatic),58.94,2946.31,Yes
CUST-06152,Female,0,No,No,72,Yes,No,DSL,No,No,No,Yes,No,Yes,Month-to-month,Yes,Credit card (automatic),38.39,2735.05,No
CUST-06153,Female,0,Yes,No,72,Yes,No,Fiber optic,No,No,No,Yes,No,Yes,Month-to-month,No,Bank transfer (automatic),61.0,4413.77,Yes
CUST-06154,Male,0,No,No,48,Yes,No,Fiber optic,Yes,No,Yes,Yes,Yes,Yes,Two year,No,Mailed check,107.15,5080.12,No
CUST-06155,Male,0,Yes,No,7,No,No phone service,DSL,No,Yes,No,No,No,No,Month-to-month,No,Electronic check,61.04,469.57,Yes
CUST-06156,Female,0,Yes,Yes,48,Yes,Yes,Fiber optic,No,No,Yes,No,No,No,Month-to-month,Yes,Credit card (automatic),101.27,4875.82,No
CUST-06157,Male,0,No,Yes,41,Yes,No,DSL,No,No,No,No,Yes,Yes,Two year,No,Electronic check,51.72,2076.37,No
CUST-06158,Female,0,Yes,No,31,Yes,Yes,No,No internet service,No internet service,No internet service,No internet service,No internet service,No internet service,Month-to-month,Yes,Mailed check,37.12,1081.08,Yes
CUST-06159,Female,0,Yes,No,65,Yes,No,Fiber optic,No,No,No,Yes,No,Yes,Two year,No,Bank transfer (automatic),49.42,3263.8,Yes
CUST-06160,Male,0,No,Yes,55,Yes,No,Fiber optic,No,No,Yes,Yes,No,No,Month-to-month,Yes,Mailed check,70.61,3874.5,Yes
CUST-06161,Male,1,Yes,No,15,Yes,No,No,No internet service,No internet service,No internet service,No internet service,No internet service,No internet service,Month-to-month,No,Electronic check,68.16,909.71,Yes
CUST-06162,Male,0,No,No,12,Yes,No,Fiber optic,No,No,No,No,No,No,Two year,Yes,Electronic check,87.4,1020.93,No
CUST-06163,Male,0,Yes,Yes,19,Yes,No,Fiber optic,No,No,Yes,Yes,No,Yes,Month-to-month,Yes,Bank transfer (automatic),81.01,1635.49,Yes
CUST-06164,Male,0,No,Yes,2,Yes,Yes,DSL,No,No,No,No,Yes,Yes,Month-to-month,No,Mailed check,73.24,79.19,No
CUST-06165,Male,1,No,No,69,Yes,No,No,No internet service,No internet service,No internet service,No internet service,No internet service,No internet service,Month-to-month,Yes,Bank transfer (automatic),56.33,3888.72,No
CUST-06166,Female,1,Yes,Yes,54,Yes,Yes,Fiber optic,No,No,No,No,No,No,Two year,Yes,Electronic check,90.89,4949.19,No
CUST-06167,Male,0,No,Yes,1,Yes,Yes,Fiber optic,No,No,No,Yes,Yes,No,Month-to-month,Yes,Electronic check,89.02,59.67,No
CUST-06168,Female,0,No,Yes,2,Yes,Yes,Fiber optic,No,Yes,No,No,No,Yes,Month-to-month,No,Electronic check,83.4,97.17,Yes
CUST-06169,Female,0,No,Yes,8,Yes,No,Fiber optic,Yes,No,Yes,Yes,No,Yes,Month-to-month,Yes,Electronic check,45.35,367.93,No
CUST-06170,Female,0,Yes,No,35,Yes,No,Fiber optic,No,No,No,No,Yes,No,Two year,Yes,Bank transfer (automatic),59.48,2067.96,Yes
CUST-06171,Female,0,No,Yes,29,Yes,No,Fiber optic,No,Yes,No,Yes,No,No,Month-to-month,No,Electronic check,99.98,2867.77,Yes
CUST-06172,Male,0,No,No,2,Yes,Yes,Fiber optic,No,No,No,No,Yes,No,Month-to-month,No,Bank transfer (automatic),61.69,142.71,Yes
CUST-06173,Female,0,No,No,17,Yes,Yes,Fiber optic,No,Yes,No,No,Yes,No,Two year,Yes,Electronic check,62.83,1147.27,No
CUST-06174,Male,0,No,Yes,68,Yes,Yes,Fiber optic,No,No,No,No,No,No,Month-to-month,No,Mailed check,84.9,5729.15,Yes
CUST-06175,Male,0,No,Yes,11,Yes,Yes,Fiber optic,Yes,No,No,No,No,Yes,Month-to-month,No,Electronic check,70.68,779.05,No
CUST-06176,Male,0,No,No,10,Yes,No,No,No internet service,No internet service,No internet service,No internet service,No internet service,No internet service,Two year,Yes,Electronic check,68.21,708.62,No
CUST-06177,Female,0,No,No,28,Yes,Yes,Fiber optic,Yes,No,No,No,No,No,Month-to-month,No,Credit card (automatic),47.75,1344.58,No
CUST-06178,Female,0,No,No,2,Yes,Yes,No,No internet service,No internet service,No internet service,No internet service,No internet service,No internet service,One year,Yes,Mailed check,27.35,18.0,No
CUST-06179,Female,0,No,No,49,Yes,No,Fiber optic,No,No,No,No,No,No,Month-to-month,Yes,Bank transfer (automatic),99.23,4831.98,No
CUST-06180,Female,0,Yes,No,3,Yes,No,DSL,No,Yes,No,Yes,No,No,One year,Yes,Mailed check,43.13,112.41,No
CUST-06181,Male,1,No,Yes,27,No,No phone service,Fiber optic,No,Yes,No,No,Yes,No,One year,Yes,Electronic check,67.0,1795.17,No
CUST-06182,Female,0,Yes,Yes,15,Yes,Yes,Fiber optic,Yes,Yes,No,No,Yes,No,One year,Yes,Credit card (automatic),55.88,918.31,No
CUST-06183,Male,0,No,No,1,Yes,No,DSL,Yes,No,Yes,No,Yes,No,One year,Yes,Mailed check,18.0,18.0,No
CUST-06184,Female,0,No,Yes,7,Yes,Yes,Fiber optic,No,No,No,Yes,No,Yes,Month-to-month,Yes,Electronic check,75.67,610.49,Yes
CUST-06185,Male,0,No,No,0,Yes,No,Fiber optic,Yes,Yes,No,No,Yes,Yes,Month-to-month,Yes,Credit card (automatic),45.07,18.0,No
CUST-06186,Female,1,Yes,Yes,0,Yes,No,Fiber optic,Yes,Yes,No,No,No,Yes,Month-to-month,Yes,Credit card (automatic),74.4,18.0,Yes
CUST-06187,Male,0,No,No,1,Yes,Yes,DSL,No,Yes,No,No,No,Yes,Month-to-month,No,Bank transfer (automatic),30.85,18.0,No
CUST-06188,Female,0,Yes,No,71,Yes,Yes,Fiber optic,No,No,No,No,No,No,Two year,No,Bank transfer (automatic),78.36,5612.96,Yes
CUST-06189,Male,0,No,No,0,Yes,Yes,Fiber optic,Yes,No,No,No,No,No,Two year,No,Mailed check,69.32,45.26,No
CUST-06190,Male,0,No,No,43,Yes,Yes,Fiber optic,No,No,No,Yes,Yes,No,Month-to-month,Yes,Credit card (automatic),67.94,2905.71,No
CUST-06191,Female,1,No,Yes,52,Yes,Yes,Fiber optic,No,No,No,No,No,No,One year,No,Mailed check,79.59,4119.84,Yes
CUST-06192,Male,0,Yes,Yes,8,Yes,Yes,DSL,Yes,No,No,Yes,Yes,No,Month-to-month,No,Bank transfer (automatic),67.5,530.85,No
CUST-06193,Male,0,No,No,58,Yes,Yes,DSL,Yes,No,No,No,No,No,Month-to-month,No,Credit card (automatic),56.73,3286.12,No
CUST-06194,Male,0,Yes,Yes,1,Yes,Yes,Fiber optic,Yes,Yes,Yes,No,No,No,Month-to-month,Yes,Bank transfer (automatic),59.79,55.07,Yes
CUST-06195,Male,0,No,No,20,Yes,Yes,DSL,No,No,No,Yes,No,Yes,Month-to-month,No,Mailed check,45.87,972.88,No
CUST-06196,Male,0,No,No,30,Yes,Yes,DSL,No,No,Yes,No,No,No,Two year,No,Electronic check,62.07,1877.01,No
CUST-06197,Female,1,No,No,13,Yes,Yes,No,No internet service,No internet service,No internet service,No internet service,No internet service,No internet service,One year,Yes,Bank transfer (automatic),66.03,899.51,No
CUST-06198,Male,0,Yes,No,22,Yes,No,DSL,No,No,Yes,Yes,Yes,No,Two year,No,Mailed check,58.65,1248.52,No
CUST-06199,Male,0,Yes,No,47,Yes,Yes,Fiber optic,No,No,No,Yes,Yes,Yes,Month-to-month,Yes,Credit card (automatic),50.05,2278.79,No
CUST-06200,Male,1,No,No,34,Yes,Yes,Fiber optic,Yes,No,No,No,No,No,One year,Yes,Credit card (automatic),69.32,2351.76,Yes
CUST-06201,Female,0,No,Yes,30,Yes,No,DSL,No,No,No,No,Yes,No,Month-to-month,Yes,Electronic check,41.31,1286.31,Yes
CUST-06202,Female,0,Yes,No,45,Yes,Yes,DSL,No,No,Yes,No,Yes,No,Month-to-month,Yes,Bank transfer (automatic),39.27,1775.31,No
CUST-06203,Male,0,No,Yes,1,Yes,Yes,DSL,No,No,No,No,No,Yes,One year,Yes,Electronic check,48.12,54.62,No
CUST-06204,Male,0,Yes,No,47,Yes,No,DSL,Yes,Yes,No,No,No,No,One year,Yes,Bank transfer (automatic),62.17,2923.4,No
CUST-06205,Male,0,Yes,Yes,2,Yes,Yes,Fiber optic,No,No,No,No,No,No,Month-to-month,Yes,Credit card (automatic),75.16,123.84,No
CUST-06206,Female,0,No,No,52,Yes,No,Fiber optic,No,No,No,No,No,No,Two year,Yes,Electronic check,75.58,3988.98,No
CUST-06207,Female,0,No,No,1,Yes,No,Fiber optic,Yes,Yes,No,No,No,No,Month-to-month,No,Electronic check,61.59,86.71,Yes
CUST-06208,Female,1,No,Yes,7,Yes,No,Fiber optic,No,No,No,No,Yes,No,Two year,Yes,Bank transfer (automatic),58.02,381.58,No
CUST-06209,Male,0,Yes,No,69,Yes,No,DSL,No,No,No,No,No,Yes,Month-to-month,Yes,Electronic check,38.86,2736.33,No
CUST-06210,Female,0,No,Yes,12,Yes,Yes,No,No internet service,No internet service,No internet service,No internet service,No internet service,No internet service,Two year,No,Bank transfer (automatic),43.11,484.26,No
CUST-06211,Male,1,No,No,55,Yes,Yes,DSL,No,No,No,Yes,No,No,Month-to-month,Yes,Credit card (automatic),64.57,3542.69,No
CUST-06212,Female,0,No,No,72,Yes,Yes,DSL,No,Yes,No,No,No,No,One year,Yes,Mailed check,67.32,4763.29,No
CUST-06213,Female,0,Yes,No,35,Yes,Yes,Fiber optic,No,No,No,No,No,No,One year,No,Electronic check,54.86,1946.97,No
CUST-06214,Male,0,No,No,7,Yes,No,No,No internet service,No internet service,No internet service,No internet service,No internet service,No internet service,Two year,No,Mailed check,69.5,483.43,No
CUST-06215,Female,0,Yes,No,43,Yes,No,Fiber optic,No,No,Yes,No,Yes,No,Month-to-month,No,Electronic check,71.13,3016.76,Yes
CUST-06216,Female,0,No,Yes,17,Yes,Yes,DSL,Yes,No,Yes,No,Yes,No,Month-to-month,No,Credit card (automatic),66.01,1257.27,Yes
CUST-06217,Male,0,No,No,32,Yes,No,DSL,No,No,No,No,Yes,No,Two year,Yes,Mailed check,59.19,1924.14,No
CUST-06218,Male,0,Yes,No,49,Yes,Yes,Fiber optic,No,Yes,Yes,Yes,Yes,Yes,Month-to-month,No,Bank transfer (automatic),52.46,2657.87,No
CUST-06219,Male,0,Yes,No,72,Yes,No,No,No internet service,No internet service,No internet service,No internet service,No internet service,No internet service,One year,No,Mailed check,56.0,4058.74,No
CUST-06220,Female,0,No,No,70,Yes,Yes,DSL,No,No,Yes,No,Yes,No,Month-to-month,Yes,Credit card (automatic),76.37,5339.69,No
CUST-06221,Male,0,No,No,48,Yes,No,DSL,No,No,Yes,No,Yes,No,Month-to-month,Yes,Credit card (automatic),37.68,1746.66,No
CUST-06222,Male,0,Yes,Yes,3,Yes,No,DSL,No,No,No,No,Yes,No,Two year,Yes,Mailed check,43.47,122.71,No
CUST-06223,Female,0,Yes,Yes,14,Yes,No,DSL,No,No,Yes,Yes,No,No,Month-to-month,Yes,Electronic check,56.4,886.75,No
CUST-06224,Male,0,No,No,3,Yes,No,DSL,Yes,No,No,No,No,Yes,Month-to-month,Yes,Bank transfer (automatic),57.16,167.08,No
CUST-06225,Male,0,Yes,Yes,20,Yes,No,Fiber optic,No,Yes,No,Yes,No,No,Month-to-month,No,Bank transfer (automatic),82.55,1650.25,Yes
CUST-06226,Female,1,No,Yes,28,Yes,No,DSL,Yes,No,No,Yes,Yes,No,One year,Yes,Mailed check,36.33,1025.25,No
CUST-06227,Female,0,No,No,33,Yes,No,Fiber optic,No,No,No,Yes,No,No,Month-to-month,No,Electronic check,77.82,2679.67,Yes
CUST-06228,Female,0,Yes,No,0,Yes,Yes,Fiber optic,No,Yes,No,Yes,No,Yes,Month-to-month,No,Credit card (automatic),40.97,18.0,No
CUST-06229,Male,1,No,No,9,No,No phone service,Fiber optic,No,No,Yes,No,Yes,No,Two year,Yes,Electronic check,73.61,657.02,Yes
CUST-06230,Male,1,No,No,72,Yes,No,No,No internet service,No internet service,No internet service,No internet service,No internet service,No internet service,Month-to-month,Yes,Electronic check,49.71,3604.03,No
CUST-06231,Male,0,No,No,12,Yes,Yes,DSL,No,No,No,No,No,No,Month-to-month,Yes,Bank transfer (automatic),50.51,653.27,No
CUST-06232,Female,0,No,Yes,12,Yes,Yes,DSL,No,No,No,Yes,Yes,No,One year,Yes,Mailed check,53.36,644.53,No
CUST-06233,Male,0,Yes,No,5,Yes,Yes,Fiber optic,No,No,Yes,No,No,No,Month-to-month,No,Credit card (automatic),86.91,354.74,Yes
CUST-06234,Male,0,Yes,No,7,Yes,Yes,Fiber optic,Yes,No,No,Yes,Yes,No,One year,Yes,Credit card (automatic),56.03,444.38,No
CUST-06235,Female,0,No,No,52,Yes,No,Fiber optic,No,No,Yes,Yes,No,No,Two year,No,Electronic check,56.9,2969.42,No
CUST-06236,Female,0,Yes,No,2,Yes,No,Fiber optic,No,Yes,Yes,No,No,No,Two year,Yes,Mailed check,28.76,95.88,No
CUST-06237,Female,0,Yes,Yes,0,Yes,Yes,DSL,No,No,Yes,Yes,No,Yes,Two year,Yes,Electronic check,57.67,18.0,No
CUST-06238,Male,0,Yes,No,65,Yes,No,Fiber optic,No,No,No,No,Yes,No,Two year,No,Bank transfer (automatic),86.51,5697.13,Yes
CUST-06239,Female,1,No,Yes,10,Yes,Yes,No,No internet service,No internet service,No internet service,No internet service,No internet service,No internet service,Month-to-month,Yes,Electronic check,29.64,303.12,Yes
CUST-06240,Male,0,Yes,Yes,35,Yes,No,Fiber optic,No,No,No,Yes,No,Yes,Month-to-month,Yes,Credit card (automatic),66.25,2287.18,No
CUST-06241,Female,0,No,No,32,Yes,No,Fiber optic,No,No,No,No,No,No,Month-to-month,Yes,Bank transfer (automatic),83.5,2767.3,No
CUST-06242,Male,0,No,Yes,72,Yes,Yes,No,No internet service,No internet service,No internet service,No internet service,No internet service,No internet service,One year,No,Bank transfer (automatic),66.69,4786.03,Yes
CUST-06243,Female,0,Yes,Yes,63,Yes,Yes,Fiber optic,No,No,No,No,No,Yes,Month-to-month,Yes,Credit card (automatic),62.01,3921.51,No
CUST-06244,Male,0,No,No,49,Yes,No,DSL,No,No,Yes,No,No,Yes,Two year,Yes,Electronic check,44.23,2191.74,No
CUST-06245,Female,0,Yes,No,53,Yes,No,Fiber optic,Yes,Yes,No,No,Yes,No,One year,No,Mailed check,63.35,3393.02,No
CUST-06246,Male,0,No,No,0,Yes,Yes,Fiber optic,Yes,Yes,Yes,No,Yes,No,Month-to-month,Yes,Electronic check,77.49,18.0,Yes
CUST-06247,Female,0,No,Yes,50,Yes,No,No,No internet service,No internet service,No internet service,No internet service,No internet service,No internet service,Two year,No,Bank transfer (automatic),34.98,1882.01,No
CUST-06248,Male,0,No,No,8,Yes,Yes,No,No internet service,No internet service,No internet service,No internet service,No internet service,No internet service,Month-to-month,No,Mailed check,37.76,335.8,No
CUST-06249,Male,0,No,No,55,Yes,No,Fiber optic,No,Yes,No,No,Yes,Yes,Month-to-month,Yes,Electronic check,58.84,3311.27,Yes
CUST-06250,Male,0,No,No,37,Yes,No,Fiber optic,No,No,No,No,Yes,No,Month-to-month,No,Electronic check,85.68,3119.18,No
CUST-06251,Female,0,No,No,55,Yes,Yes,DSL,No,Yes,No,Yes,No,Yes,One year,No,Credit card (automatic),57.21,3141.49,No
CUST-06252,Male,0,No,No,0,Yes,No,Fiber optic,No,No,Yes,No,Yes,Yes,One year,No,Electronic check,60.7,18.0,No
CUST-06253,Male,0,Yes,Yes,38,Yes,No,DSL,Yes,No,Yes,Yes,No,Yes,Month-to-month,No,Electronic check,60.37,2306.39,No
CUST-06254,Female,0,No,No,6,Yes,Yes,No,No internet service,No internet service,No internet service,No internet service,No internet service,No internet service,Month-to-month,No,Bank transfer (automatic),51.91,407.46,No
CUST-06255,Male,0,No,No,52,Yes,No,DSL,No,No,No,Yes,No,No,One year,Yes,Mailed check,30.28,1636.38,No
CUST-06256,Male,0,Yes,No,18,No,No phone service,Fiber optic,Yes,No,No,Yes,Yes,No,Month-to-month,Yes,Mailed check,75.31,1313.38,Yes
CUST-06257,Female,0,No,No,44,Yes,Yes,Fiber optic,Yes,No,Yes,No,Yes,No,Month-to-month,No,Electronic check,90.37,4072.04,Yes
CUST-06258,Female,0,No,No,7,Yes,No,Fiber optic,No,No,No,No,No,No,One year,Yes,Mailed check,61.59,366.85,No
CUST-06259,Female,0,No,No,46,Yes,No,Fiber optic,Yes,Yes,No,No,No,Yes,Month-to-month,Yes,Mailed check,58.02,2671.54,No
CUST-06260,Female,0,Yes,Yes,1,Yes,Yes,DSL,No,No,No,No,No,No,Two year,No,Mailed check,66.88,18.0,No
CUST-06261,Male,0,No,Yes,45,Yes,No,Fiber optic,Yes,No,Yes,No,No,No,Two year,No,Credit card (automatic),45.66,2112.11,No
CUST-06262,Male,0,No,No,40,No,No phone service,Fiber optic,Yes,Yes,No,No,Yes,No,One year,Yes,Electronic check,96.97,3855.43,No
CUST-06263,Male,0,Yes,No,62,Yes,No,Fiber optic,No,No,No,No,Yes,No,Month-to-month,No,Credit card (automatic),61.8,3799.03,Yes
CUST-06264,Female,0,No,No,30,No,No phone service,DSL,No,Yes,No,Yes,No,No,Month-to-month,Yes,Mailed check,44.87,1387.86,No
CUST-06265,Female,0,No,No,3,Yes,No,Fiber optic,No,No,No,No,No,No,Month-to-month,Yes,Electronic check,63.16,216.0,Yes
CUST-06266,Male,0,Yes,Yes,5,Yes,No,Fiber optic,Yes,Yes,Yes,No,No,No,One year,Yes,Mailed check,55.33,255.09,No
CUST-06267,Female,0,No,No,6,Yes,No,DSL,No,Yes,Yes,No,No,No,Month-to-month,Yes,Mailed check,58.93,369.88,No
CUST-06268,Male,1,Yes,No,0,Yes,Yes,Fiber optic,No,No,No,No,No,No,Two year,No,Electronic check,72.94,18.0,No
CUST-06269,Male,0,No,No,10,Yes,No,No,No internet service,No internet service,No internet service,No internet service,No internet service,No internet service,Month-to-month,Yes,Bank transfer (automatic),34.65,378.3,No
CUST-06270,Female,0,No,No,40,Yes,Yes,DSL,No,No,No,No,Yes,No,Month-to-month,Yes,Bank transfer (automatic),29.35,1151.78,Yes
CUST-06271,Female,0,No,No,44,Yes,No,DSL,Yes,No,No,No,Yes,No,One year,Yes,Credit card (automatic),43.62,1952.18,No
CUST-06272,Female,0,No,No,48,No,No phone service,DSL,No,No,No,No,Yes,No,Month-to-month,Yes,Credit card (automatic),63.25,3022.87,No
CUST-06273,Female,0,Yes,No,72,Yes,No,Fiber optic,No,No,No,No,Yes,No,Month-to-month,No,Credit card (automatic),68.01,4927.91,No
CUST-06274,Female,0,Yes,Yes,15,Yes,No,Fiber optic,No,No,No,Yes,No,Yes,Two year,Yes,Mailed check,69.3,945.37,No
CUST-06275,Female,0,No,Yes,65,Yes,No,Fiber optic,No,No,Yes,No,Yes,No,Month-to-month,Yes,Electronic check,63.85,4126.62,No
CUST-06276,Male,0,Yes,No,25,Yes,Yes,Fiber optic,Yes,No,No,Yes,No,No,One year,No,Mailed check,41.71,984.34,No
CUST-06277,Male,0,Yes,No,9,Yes,No,No,No internet service,No internet service,No internet service,No internet service,No internet service,No internet service,Two year,No,Electronic check,20.8,121.0,No
CUST-06278,Female,0,Yes,No,6,Yes,Yes,Fiber optic,No,Yes,No,Yes,Yes,No,Month-to-month,No,Credit card (automatic),86.87,528.36,Yes
CUST-06279,Male,0,No,No,57,Yes,No,No,No internet service,No internet service,No internet service,No internet service,No internet service,No internet service,One year,Yes,Bank transfer (automatic),48.52,2789.53,No
CUST-06280,Male,0,No,No,4,Yes,No,No,No internet service,No internet service,No internet service,No internet service,No internet service,No internet service,Month-to-month,Yes,Credit card (automatic),28.95,169.97,No
CUST-06281,Male,0,Yes,No,48,Yes,No,DSL,No,No,No,Yes,No,Yes,Month-to-month,No,Electronic check,49.7,2423.84,No
CUST-06282,Male,0,Yes,Yes,57,No,No phone service,DSL,Yes,Yes,Yes,Yes,Yes,No,Month-to-month,No,Electronic check,83.12,4688.04,No
CUST-06283,Female,0,Yes,No,30,Yes,Yes,No,No internet service,No internet service,No internet service,No internet service,No internet service,No internet service,Month-to-month,No,Electronic check,36.07,1092.24,No
CUST-06284,Male,1,Yes,Yes,46,Yes,No,Fiber optic,No,Yes,No,No,Yes,No,One year,Yes,Mailed check,63.25,2909.52,No
CUST-06285,Male,0,Yes,No,8,No,No phone service,Fiber optic,Yes,No,No,No,No,No,One year,No,Bank transfer (automatic),81.77,609.96,No
CUST-06286,Female,0,No,No,72,Yes,Yes,DSL,No,No,No,Yes,Yes,No,Month-to-month,Yes,Credit card (automatic),45.6,3263.3,No
CUST-06287,Male,0,No,No,44,No,No phone service,Fiber optic,No,No,Yes,No,Yes,No,One year,Yes,Mailed check,113.21,5024.23,No
CUST-06288,Male,0,Yes,No,0,No,No phone service,Fiber optic,Yes,Yes,Yes,Yes,No,No,One year,Yes,Bank transfer (automatic),68.8,20.11,No
CUST-06289,Male,0,No,No,24,Yes,Yes,Fiber optic,Yes,No,Yes,No,No,No,One year,No,Electronic check,84.18,1968.15,Yes
CUST-06290,Female,0,No,No,35,Yes,No,DSL,No,No,No,Yes,Yes,No,Month-to-month,Yes,Electronic check,68.81,2375.47,Yes
CUST-06291,Male,0,Yes,Yes,68,Yes,Yes,DSL,No,No,No,No,Yes,Yes,Month-to-month,No,Mailed check,62.76,4275.48,No
CUST-06292,Female,0,Yes,Yes,18,Yes,Yes,No,No internet service,No internet service,No internet service,No internet service,No internet service,No internet service,Month-to-month,Yes,Credit card (automatic),55.18,888.54,No
CUST-06293,Male,1,No,Yes,24,Yes,No,Fiber optic,No,No,No,No,Yes,No,Month-to-month,No,Electronic check,43.84,1019.19,Yes
CUST-06294,Female,0,Yes,Yes,45,Yes,Yes,Fiber optic,No,Yes,No,Yes,No,No,Month-to-month,Yes,Electronic check,51.51,2336.55,No
CUST-06295,Male,0,No,Yes,56,Yes,Yes,DSL,No,No,No,No,Yes,No,One year,No,Mailed check,85.74,4764.5,No
CUST-06296,Female,0,No,No,1,Yes,Yes,DSL,No,No,Yes,No,No,No,Month-to-month,Yes,Mailed check,44.21,61.1,Yes
CUST-06297,Male,0,No,No,65,Yes,No,No,No internet service,No internet service,No internet service,No internet service,No internet service,No internet service,Month-to-month,Yes,Electronic check,72.82,4621.59,Yes
CUST-06298,Female,1,Yes,Yes,39,Yes,Yes,Fiber optic,No,Yes,No,No,No,No,One year,No,Mailed check,51.24,2030.16,No
CUST-06299,Male,0,Yes,No,54,Yes,Yes,Fiber optic,Yes,Yes,No,No,No,No,Two year,No,Electronic check,62.44,3327.73,No
CUST-06300,Male,1,No,No,14,Yes,No,DSL,Yes,Yes,No,No,No,Yes,Two year,Yes,Bank transfer (automatic),64.21,927.38,No
CUST-06301,Male,0,Yes,No,0,Yes,No,Fiber optic,Yes,No,No,Yes,Yes,No,Two year,No,Credit card (automatic),68.29,61.76,No
CUST-06302,Male,0,Yes,No,72,Yes,Yes,Fiber optic,Yes,No,No,No,Yes,No,Month-to-month,Yes,Bank transfer (automatic),87.64,6328.34,Yes
CUST-06303,Male,0,No,No,7,Yes,No,DSL,No,No,Yes,No,Yes,Yes,Month-to-month,Yes,Bank transfer (automatic),87.63,586.86,Yes
CUST-06304,Female,0,Yes,No,0,Yes,No,DSL,No,No,Yes,No,No,Yes,Month-to-month,Yes,Bank transfer (automatic),41.19,66.07,No
CUST-06305,Male,1,No,No,3,Yes,No,DSL,Yes,No,No,No,No,No,Two year,Yes,Electronic check,44.95,115.5,No
CUST-06306,Male,0,No,No,48,Yes,Yes,No,No internet service,No internet service,No internet service,No internet service,No internet service,No internet service,Month-to-month,No,Mailed check,51.27,2439.28,No
CUST-06307,Female,0,No,Yes,24,Yes,Yes,No,No internet service,No internet service,No internet service,No internet service,No internet service,No internet service,Two year,Yes,Electronic check,52.22,1227.9,No
CUST-06308,Male,0,Yes,No,72,Yes,Yes,DSL,Yes,Yes,No,No,Yes,Yes,Two year,No,Bank transfer (automatic),40.13,2869.31,No
CUST-06309,Male,0,No,Yes,67,Yes,No,No,No internet service,No internet service,No internet service,No internet service,No internet service,No internet service,One year,Yes,Credit card (automatic),70.7,4678.32,No
CUST-06310,Male,0,No,No,37,Yes,Yes,Fiber optic,Yes,Yes,No,No,No,Yes,Month-to-month,No,Electronic check,59.86,2167.49,Yes
CUST-06311,Male,0,Yes,Yes,45,No,No phone service,No,No internet service,No internet service,No internet service,No internet service,No internet service,No internet service,One year,No,Credit card (automatic),55.94,2581.86,No
CUST-06312,Male,0,No,No,44,Yes,Yes,Fiber optic,Yes,No,No,Yes,No,Yes,Month-to-month,Yes,Credit card (automatic),72.1,3254.71,No
CUST-06313,Male,1,Yes,Yes,41,Yes,No,DSL,No,Yes,No,No,Yes,No,Month-to-month,No,Credit card (automatic),69.39,2816.93,Yes
CUST-06314,Male,0,Yes,No,58,Yes,Yes,No,No internet service,No internet service,No internet service,No internet service,No internet service,No internet service,Month-to-month,No,Credit card (automatic),30.12,1783.34,No
CUST-06315,Female,0,No,No,42,Yes,Yes,No,No internet service,No internet service,No internet service,No internet service,No internet service,No internet service,Month-to-month,No,Electronic check,54.29,2282.41,Yes
CUST-06316,Male,0,Yes,No,67,No,No phone service,Fiber optic,No,No,No,No,No,No,Month-to-month,No,Electronic check,43.72,2895.94,Yes
CUST-06317,Female,1,Yes,No,37,No,No phone service,Fiber optic,No,Yes,No,No,No,Yes,Month-to-month,No,Electronic check,67.88,2553.66,No
CUST-06318,Female,1,No,No,1,Yes,No,Fiber optic,No,No,No,Yes,No,No,Month-to-month,No,Credit card (automatic),62.46,44.35,No
CUST-06319,Male,0,Yes,No,28,Yes,Yes,DSL,Yes,Yes,No,No,No,No,Two year,Yes,Mailed check,63.49,1831.6,No
CUST-06320,Male,0,No,No,0,Yes,Yes,No,No internet service,No internet service,No internet service,No internet service,No internet service,No internet service,Two year,Yes,Credit card (automatic),72.98,18.0,No
CUST-06321,Female,0,Yes,No,7,Yes,Yes,No,No internet service,No internet service,No internet service,No internet service,No internet service,No internet service,Month-to-month,Yes,Bank transfer (automatic),32.95,261.74,No
CUST-06322,Female,0,No,No,2,Yes,No,DSL,No,Yes,Yes,No,No,No,Two year,Yes,Credit card (automatic),62.24,111.9,No
CUST-06323,Male,0,No,No,9,Yes,Yes,DSL,Yes,Yes,No,Yes,Yes,No,Two year,Yes,Electronic check,49.44,477.02,No
CUST-06324,Female,0,Yes,No,8,No,No phone service,DSL,No,Yes,No,No,Yes,No,Month-to-month,No,Electronic check,82.07,596.55,No
CUST-06325,Female,0,No,No,12,Yes,No,No,No internet service,No internet service,No internet service,No internet service,No internet service,No internet service,Month-to-month,No,Electronic check,50.92,549.67,No
CUST-06326,Male,0,Yes,No,13,Yes,Yes,No,No internet service,No internet service,No internet service,No internet service,No internet service,No internet service,One year,Yes,Bank transfer (automatic),39.22,550.18,No
CUST-06327,Male,0,Yes,No,29,Yes,Yes,Fiber optic,Yes,No,No,No,Yes,No,Month-to-month,Yes,Mailed check,78.91,2296.08,Yes
CUST-06328,Female,0,Yes,No,1,Yes,No,No,No internet service,No internet service,No internet service,No internet service,No internet service,No internet service,Two year,Yes,Electronic check,29.07,18.0,No
CUST-06329,Male,0,Yes,No,32,Yes,No,No,No internet service,No internet service,No internet service,No internet service,No internet service,No internet service,One year,No,Bank transfer (automatic),49.0,1583.36,No
CUST-06330,Female,0,Yes,No,32,Yes,No,No,No internet service,No internet service,No internet service,No internet service,No internet service,No internet service,Month-to-month,No,Electronic check,41.99,1281.42,No
CUST-06331,Male,0,No,No,4,Yes,Yes,Fiber optic,No,No,No,Yes,No,Yes,Month-to-month,Yes,Credit card (automatic),69.27,330.54,No
CUST-06332,Female,0,No,No,21,Yes,Yes,No,No internet service,No internet service,No internet service,No internet service,No internet service,No internet service,Month-to-month,Yes,Electronic check,18.0,336.64,No
CUST-06333,Male,0,No,No,1,Yes,No,DSL,Yes,No,No,No,Yes,No,One year,No,Electronic check,45.13,40.84,No
CUST-06334,Male,0,No,No,19,Yes,No,DSL,No,No,Yes,No,Yes,No,One year,Yes,Electronic check,48.98,919.93,No
CUST-06335,Male,0,Yes,Yes,16,No,No phone service,Fiber optic,Yes,No,No,No,No,No,Month-to-month,No,Credit card (automatic),48.71,852.39,Yes
CUST-06336,Male,0,Yes,Yes,39,Yes,Yes,DSL,No,No,No,No,No,Yes,Month-to-month,Yes,Mailed check,21.6,753.23,No
CUST-06337,Female,0,Yes,No,38,Yes,Yes,DSL,No,No,No,Yes,Yes,No,Month-to-month,Yes,Bank transfer (automatic),74.61,2756.61,No
CUST-06338,Male,0,No,Yes,43,Yes,Yes,DSL,No,Yes,Yes,No,No,No,Month-to-month,Yes,Credit card (automatic),55.0,2268.93,No
CUST-06339,Female,0,No,Yes,39,Yes,No,Fiber optic,No,No,No,Yes,Yes,Yes,Month-to-month,Yes,Bank transfer (automatic),97.99,3832.52,No
CUST-06340,Female,0,Yes,No,4,Yes,Yes,Fiber optic,No,No,No,No,No,Yes,Month-to-month,No,Mailed check,65.28,243.5,No
CUST-06341,Male,0,Yes,Yes,38,Yes,Yes,No,No internet service,No internet service,No internet service,No internet service,No internet service,No internet service,Month-to-month,Yes,Mailed check,62.76,2467.73,No
CUST-06342,Female,1,Yes,No,58,Yes,Yes,Fiber optic,No,No,Yes,Yes,Yes,Yes,Two year,No,Credit card (automatic),57.81,3377.21,No
CUST-06343,Female,0,No,Yes,13,Yes,No,Fiber optic,No,Yes,No,Yes,Yes,Yes,One year,No,Bank transfer (automatic),72.49,869.02,No
CUST-06344,Female,0,Yes,Yes,35,Yes,No,No,No internet service,No internet service,No internet service,No internet service,No internet service,No internet service,Month-to-month,No,Electronic check,23.5,810.62,Yes
CUST-06345,Male,0,No,No,36,Yes,No,No,No internet service,No internet service,No internet service,No internet service,No internet service,No internet service,One year,Yes,Bank transfer (automatic),51.34,1882.41,No
CUST-06346,Female,0,Yes,No,20,Yes,No,DSL,No,No,No,No,No,Yes,Month-to-month,Yes,Electronic check,88.83,1773.35,No
CUST-06347,Female,0,Yes,No,63,Yes,Yes,Fiber optic,No,Yes,No,Yes,No,No,One year,No,Credit card (automatic),61.2,3839.42,No
CUST-06348,Female,1,Yes,No,0,Yes,No,No,No internet service,No internet service,No internet service,No internet service,No internet service,No internet service,Two year,No,Mailed check,49.78,18.0,No
CUST-06349,Male,0,No,No,67,Yes,Yes,No,No internet service,No internet service,No internet service,No internet service,No internet service,No internet service,One year,No,Bank transfer (automatic),41.02,2745.73,No
CUST-06350,Female,0,No,No,61,Yes,No,DSL,No,No,Yes,No,No,Yes,Month-to-month,Yes,Bank transfer (automatic),64.83,3901.46,No
CUST-06351,Male,0,Yes,No,23,Yes,Yes,Fiber optic,No,No,No,No,No,No,Two year,No,Electronic check,65.8,1515.11,No
CUST-06352,Male,0,Yes,Yes,5,Yes,No,Fiber optic,No,Yes,Yes,No,Yes,No,One year,No,Credit card (automatic),110.39,571.47,No
CUST-06353,Male,0,Yes,Yes,52,Yes,No,DSL,No,Yes,Yes,No,No,No,Two year,No,Credit card (automatic),57.7,2984.35,Yes
CUST-06354,Female,0,Yes,No,72,Yes,Yes,Fiber optic,No,No,No,No,No,Yes,Month-to-month,No,Bank transfer (automatic),61.71,4447.89,No
CUST-06355,Female,0,Yes,No,8,Yes,No,DSL,No,Yes,No,No,No,No,Month-to-month,No,Electronic check,45.19,363.54,No
CUST-06356,Male,1,Yes,No,60,Yes,Yes,DSL,No,Yes,Yes,No,No,No,Month-to-month,Yes,Mailed check,76.71,4584.65,No
CUST-06357,Female,0,No,No,44,Yes,Yes,DSL,Yes,No,Yes,No,No,Yes,Month-to-month,Yes,Electronic check,50.81,2288.45,Yes
CUST-06358,Male,0,No,No,37,Yes,No,DSL,No,Yes,No,No,Yes,Yes,One year,Yes,Mailed check,75.43,2680.01,No
CUST-06359,Male,0,No,No,5,Yes,No,DSL,Yes,No,No,No,No,No,One year,Yes,Credit card (automatic),71.69,285.47,No
CUST-06360,Female,0,No,No,12,Yes,Yes,No,No internet service,No internet service,No internet service,No internet service,No internet service,No internet service,Month-to-month,No,Bank transfer (automatic),39.76,503.13,Yes
CUST-06361,Female,0,No,No,33,Yes,Yes,DSL,No,No,No,No,No,Yes,Month-to-month,No,Electronic check,45.18,1532.81,No
CUST-06362,Female,0,No,Yes,57,Yes,No,DSL,No,Yes,No,Yes,No,Yes,One year,Yes,Electronic check,62.19,3524.97,No
CUST-06363,Female,0,Yes,No,24,Yes,No,Fiber optic,No,No,No,Yes,Yes,Yes,Two year,No,Electronic check,56.46,1399.38,No
CUST-06364,Male,1,Yes,No,38,Yes,No,Fiber optic,No,No,No,No,No,No,Month-to-month,Yes,Electronic check,88.37,3325.55,Yes
CUST-06365,Female,0,Yes,No,38,No,No phone service,Fiber optic,No,No,Yes,Yes,No,Yes,Two year,Yes,Bank transfer (automatic),61.82,2314.88,No
CUST-06366,Male,0,No,No,16,Yes,No,No,No internet service,No internet service,No internet service,No internet service,No internet service,No internet service,Month-to-month,No,Credit card (automatic),42.87,703.85,No
CUST-06367,Female,0,Yes,No,41,Yes,No,Fiber optic,No,No,No,Yes,No,No,Month-to-month,Yes,Electronic check,71.25,2952.42,No
CUST-06368,Male,1,Yes,Yes,58,Yes,Yes,Fiber optic,Yes,No,Yes,Yes,No,No,One year,Yes,Electronic check,74.16,4301.0,No
CUST-06369,Male,0,No,No,3,Yes,No,Fiber optic,Yes,No,No,No,No,No,Month-to-month,Yes,Bank transfer (automatic),57.14,253.02,Yes
CUST-06370,Male,0,No,Yes,26,Yes,Yes,Fiber optic,Yes,Yes,Yes,No,No,No,Two year,Yes,Electronic check,44.57,1191.38,No
CUST-06371,Female,0,No,Yes,14,Yes,Yes,Fiber optic,No,No,No,No,Yes,No,Two year,No,Bank transfer (automatic),57.39,673.69,No
CUST-06372,Male,1,No,No,0,Yes,No,Fiber optic,No,No,Yes,No,Yes,No,Two year,Yes,Mailed check,78.58,18.0,No
CUST-06373,Female,0,No,Yes,0,Yes,No,DSL,No,No,No,No,No,No,Month-to-month,No,Credit card (automatic),70.76,28.7,Yes
CUST-06374,Female,0,No,No,54,Yes,No,Fiber optic,No,No,No,Yes,No,No,Month-to-month,Yes,Electronic check,46.16,2546.0,Yes
CUST-06375,Male,0,Yes,No,21,Yes,No,Fiber optic,No,Yes,Yes,No,Yes,No,Two year,No,Electronic check,68.19,1498.35,Yes
CUST-06376,Female,0,No,No,3,Yes,No,DSL,No,Yes,Yes,No,Yes,No,Two year,Yes,Electronic check,25.64,102.31,No
CUST-06377,Male,0,No,No,6,Yes,No,Fiber optic,Yes,No,Yes,Yes,No,Yes,Two year,No,Mailed check,35.75,221.61,No
CUST-06378,Male,1,Yes,No,2,Yes,Yes,No,No internet service,No internet service,No internet service,No internet service,No internet service,No internet service,Month-to-month,Yes,Bank transfer (automatic),77.95,174.53,No
CUST-06379,Female,0,No,No,21,Yes,Yes,DSL,No,No,Yes,No,No,No,Month-to-month,Yes,Mailed check,46.49,988.86,Yes
CUST-06380,Male,0,No,Yes,41,Yes,Yes,Fiber optic,Yes,No,No,No,No,Yes,Month-to-month,No,Bank transfer (automatic),72.83,2854.62,No
CUST-06381,Male,0,No,No,72,No,No phone service,DSL,Yes,No,No,Yes,No,No,Month-to-month,Yes,Credit card (automatic),67.7,4902.63,No
CUST-06382,Male,0,No,No,72,Yes,Yes,Fiber optic,No,No,No,Yes,Yes,No,Month-to-month,No,Credit card (automatic),101.18,7213.65,No
CUST-06383,Female,0,Yes,No,3,No,No phone service,DSL,No,Yes,No,No,No,No,Two year,No,Electronic check,51.88,261.63,No
CUST-06384,Male,0,Yes,No,2,Yes,No,No,No internet service,No internet service,No internet service,No internet service,No internet service,No internet service,Month-to-month,No,Mailed check,34.11,54.12,No
CUST-06385,Male,0,Yes,No,53,Yes,No,DSL,No,No,No,No,No,No,Month-to-month,Yes,Electronic check,45.25,2423.18,Yes
CUST-06386,Female,0,No,No,49,Yes,No,No,No internet service,No internet service,No internet service,No internet service,No internet service,No internet service,One year,Yes,Mailed check,41.14,2052.56,No
CUST-06387,Male,0,No,No,41,Yes,No,DSL,Yes,No,No,No,Yes,Yes,Two year,No,Bank transfer (automatic),53.24,2226.94,No
CUST-06388,Female,1,No,Yes,61,Yes,Yes,Fiber optic,No,Yes,Yes,No,Yes,No,Month-to-month,No,Mailed check,83.3,5106.97,No
CUST-06389,Male,0,No,No,44,Yes,Yes,DSL,No,Yes,Yes,Yes,No,No,One year,Yes,Electronic check,44.22,1954.72,No
CUST-06390,Female,0,No,No,72,Yes,No,No,No internet service,No internet service,No internet service,No internet service,No internet service,No internet service,Month-to-month,Yes,Electronic check,28.45,2172.26,No
CUST-06391,Female,1,Yes,No,39,Yes,No,No,No internet service,No internet service,No internet service,No internet service,No internet service,No internet service,Month-to-month,Yes,Bank transfer (automatic),69.78,2784.61,Yes
CUST-06392,Male,0,Yes,No,2,Yes,No,No,No internet service,No internet service,No internet service,No internet service,No internet service,No internet service,Month-to-month,Yes,Electronic check,44.41,40.95,No
CUST-06393,Male,0,Yes,No,65,No,No phone service,No,No internet service,No internet service,No internet service,No internet service,No internet service,No internet service,Two year,Yes,Bank transfer (automatic),31.66,2044.81,No
CUST-06394,Female,0,No,No,72,Yes,Yes,Fiber optic,No,No,No,No,Yes,No,Two year,Yes,Credit card (automatic),43.96,3297.49,No
CUST-06395,Female,0,Yes,Yes,39,No,No phone service,Fiber optic,Yes,Yes,No,Yes,Yes,No,One year,No,Electronic check,78.99,2963.2,No
CUST-06396,Male,0,No,Yes,4,Yes,No,No,No internet service,No internet service,No internet service,No internet service,No internet service,No internet service,Two year,Yes,Credit card (automatic),41.07,146.75,No
CUST-06397,Female,0,No,No,56,Yes,No,No,No internet service,No internet service,No internet service,No internet service,No internet service,No internet service,Month-to-month,Yes,Electronic check,31.59,1714.44,No
CUST-06398,Male,1,Yes,No,2,Yes,Yes,Fiber optic,No,No,No,No,No,No,Month-to-month,Yes,Credit card (automatic),82.75,122.63,No
CUST-06399,Female,0,No,Yes,1,Yes,No,Fiber optic,Yes,No,Yes,Yes,Yes,No,Two year,No,Mailed check,47.82,18.0,No
CUST-06400,Female,0,No,No,57,Yes,No,DSL,No,Yes,Yes,No,Yes,No,Two year,No,Electronic check,59.46,3420.29,No
CUST-06401,Female,0,No,Yes,0,Yes,Yes,Fiber optic,No,No,No,No,Yes,No,Month-to-month,Yes,Credit card (automatic),79.94,48.48,Yes
CUST-06402,Female,0,Yes,No,1,No,No phone service,Fiber optic,No,No,No,No,No,No,Month-to-month,No,Mailed check,60.14,68.88,Yes
CUST-06403,Male,0,Yes,No,8,No,No phone service,No,No internet service,No internet service,No internet service,No internet service,No internet service,No internet service,Month-to-month,Yes,Electronic check,46.63,372.03,Yes
CUST-06404,Female,1,Yes,No,0,Yes,Yes,DSL,Yes,Yes,No,No,No,No,Month-to-month,Yes,Mailed check,49.66,18.0,No
CUST-06405,Female,0,No,No,59,Yes,No,DSL,Yes,No,No,No,Yes,No,Two year,Yes,Mailed check,68.41,4089.68,No
CUST-06406,Female,0,No,Yes,46,Yes,No,DSL,Yes,No,Yes,No,No,No,Month-to-month,Yes,Bank transfer (automatic),69.62,3257.76,Yes
CUST-06407,Female,0,No,No,53,Yes,Yes,DSL,No,No,No,No,No,No,Two year,No,Electronic check,20.86,1184.96,No
CUST-06408,Female,0,No,No,1,Yes,No,No,No internet service,No internet service,No internet service,No internet service,No internet service,No internet service,Two year,Yes,Bank transfer (automatic),51.55,18.0,No
CUST-06409,Female,0,Yes,No,36,Yes,No,DSL,No,Yes,Yes,Yes,Yes,Yes,Two year,Yes,Credit card (automatic),58.07,2062.22,No
CUST-06410,Female,0,No,Yes,32,Yes,No,No,No internet service,No internet service,No internet service,No internet service,No internet service,No internet service,Two year,Yes,Electronic check,71.57,2286.57,No
CUST-06411,Female,0,Yes,Yes,54,Yes,No,DSL,Yes,No,No,No,Yes,No,Month-to-month,Yes,Electronic check,70.65,3854.65,No
CUST-06412,Male,0,Yes,Yes,37,No,No phone service,No,No internet service,No internet service,No internet service,No internet service,No internet service,No internet service,One year,No,Credit card (automatic),47.82,1754.64,No
CUST-06413,Male,1,No,No,10,Yes,Yes,DSL,No,Yes,Yes,No,Yes,Yes,Month-to-month,No,Mailed check,46.49,499.59,Yes
CUST-06414,Male,0,No,Yes,21,Yes,No,Fiber optic,Yes,No,No,No,No,Yes,Month-to-month,Yes,Mailed check,43.42,824.44,No
CUST-06415,Male,0,No,No,5,Yes,No,Fiber optic,No,No,No,No,Yes,No,One year,No,Bank transfer (automatic),75.34,409.48,No
CUST-06416,Male,0,No,No,37,Yes,No,DSL,Yes,No,Yes,No,Yes,No,Month-to-month,Yes,Mailed check,51.13,1858.69,No
CUST-06417,Male,0,Yes,No,72,Yes,No,Fiber optic,No,No,Yes,No,Yes,No,Two year,No,Credit card (automatic),53.4,3785.43,No
CUST-06418,Male,0,Yes,No,72,Yes,No,No,No internet service,No internet service,No internet service,No internet service,No internet service,No internet service,Month-to-month,Yes,Credit card (automatic),42.44,3053.95,No
CUST-06419,Female,1,Yes,No,22,Yes,Yes,DSL,No,No,No,No,No,No,Month-to-month,No,Credit card (automatic),62.44,1403.71,Yes
CUST-06420,Male,0,No,No,16,Yes,No,Fiber optic,No,Yes,Yes,No,No,No,One year,No,Mailed check,82.46,1258.47,Yes
CUST-06421,Female,0,No,No,18,Yes,Yes,Fiber optic,No,No,No,No,No,No,Month-to-month,No,Credit card (automatic),73.75,1401.52,Yes
CUST-06422,Male,0,Yes,No,54,Yes,No,Fiber optic,No,No,No,Yes,Yes,No,Month-to-month,No,Bank transfer (automatic),74.68,3996.98,No
CUST-06423,Male,0,Yes,No,53,Yes,No,Fiber optic,Yes,No,Yes,Yes,Yes,No,One year,Yes,Electronic check,66.47,3644.39,No
CUST-06424,Female,0,No,No,31,Yes,No,Fiber optic,Yes,Yes,No,No,Yes,No,Month-to-month,No,Electronic check,66.19,1997.73,Yes
CUST-06425,Female,0,No,No,69,Yes,Yes,No,No internet service,No internet service,No internet service,No internet service,No internet service,No internet service,Month-to-month,Yes,Mailed check,40.99,2783.68,No
CUST-06426,Female,0,Yes,No,38,Yes,No,Fiber optic,No,No,No,No,Yes,No,Month-to-month,Yes,Credit card (automatic),72.64,2711.65,Yes
CUST-06427,Female,0,Yes,No,68,Yes,Yes,DSL,No,No,No,Yes,No,Yes,One year,Yes,Mailed check,41.04,2788.15,No
CUST-06428,Female,0,No,Yes,19,Yes,Yes,DSL,Yes,No,Yes,No,No,No,Two year,Yes,Mailed check,41.68,851.42,No
CUST-06429,Female,0,No,Yes,2,No,No phone service,Fiber optic,No,Yes,No,No,No,Yes,Month-to-month,Yes,Credit card (automatic),86.99,143.72,Yes
CUST-06430,Male,1,Yes,No,21,Yes,No,Fiber optic,No,Yes,No,No,No,No,Two year,No,Credit card (automatic),66.97,1399.06,No
CUST-06431,Female,0,Yes,No,55,Yes,Yes,DSL,No,Yes,No,No,No,No,Two year,Yes,Electronic check,18.0,962.7,No
CUST-06432,Female,0,No,Yes,63,Yes,No,Fiber optic,Yes,No,No,No,Yes,No,Month-to-month,Yes,Electronic check,87.29,5528.13,No
CUST-06433,Male,0,No,No,33,No,No phone service,No,No internet service,No internet service,No internet service,No internet service,No internet service,No internet service,Month-to-month,No,Credit card (automatic),45.79,1523.42,No
CUST-06434,Male,0,Yes,No,1,Yes,Yes,No,No internet service,No internet service,No internet service,No internet service,No internet service,No internet service,One year,No,Electronic check,47.85,189.31,No
CUST-06435,Female,0,No,No,12,Yes,No,DSL,No,No,No,Yes,No,No,One year,No,Mailed check,51.22,631.15,No
CUST-06436,Male,0,No,Yes,5,No,No phone service,Fiber optic,No,No,No,No,Yes,No,Two year,No,Electronic check,89.66,473.18,Yes
CUST-06437,Female,0,Yes,No,68,Yes,No,Fiber optic,No,No,No,No,No,No,Two year,No,Mailed check,75.62,5181.89,No
CUST-06438,Male,0,Yes,Yes,46,Yes,No,DSL,No,No,No,Yes,Yes,No,Two year,Yes,Electronic check,18.0,739.14,No
CUST-06439,Male,0,No,No,55,Yes,Yes,DSL,No,No,No,No,No,Yes,Month-to-month,Yes,Electronic check,75.41,4102.41,No
CUST-06440,Male,0,No,Yes,25,Yes,Yes,No,No internet service,No internet service,No internet service,No internet service,No internet service,No internet service,Two year,No,Bank transfer (automatic),60.46,1532.1,No
CUST-06441,Female,0,Yes,No,16,Yes,Yes,No,No internet service,No internet service,No internet service,No internet service,No internet service,No internet service,Month-to-month,No,Bank transfer (automatic),34.91,632.72,Yes
CUST-06442,Male,1,No,Yes,70,Yes,No,No,No internet service,No internet service,No internet service,No internet service,No internet service,No internet service,Month-to-month,No,Electronic check,37.08,2577.8,No
CUST-06443,Female,0,Yes,Yes,28,Yes,No,No,No internet service,No internet service,No internet service,No internet service,No internet service,No internet service,Month-to-month,No,Bank transfer (automatic),59.27,1649.71,Yes
CUST-06444,Female,0,No,No,48,Yes,No,Fiber optic,No,No,No,Yes,No,Yes,Month-to-month,No,Bank transfer (automatic),112.91,5396.66,Yes
CUST-06445,Male,0,Yes,No,66,Yes,No,Fiber optic,Yes,No,No,No,No,No,Two year,Yes,Bank transfer (automatic),76.19,5042.95,No
CUST-06446,Female,0,Yes,Yes,20,Yes,No,Fiber optic,No,No,No,Yes,No,Yes,Month-to-month,No,Electronic check,62.64,1334.26,Yes
CUST-06447,Male,0,Yes,No,2,No,No phone service,DSL,Yes,No,No,Yes,No,No,One year,No,Mailed check,68.75,116.24,No
CUST-06448,Female,0,No,Yes,6,Yes,Yes,DSL,Yes,No,No,No,Yes,Yes,Month-to-month,No,Mailed check,53.22,386.64,Yes
CUST-06449,Male,0,No,Yes,22,No,No phone service,Fiber optic,No,No,No,Yes,Yes,No,Two year,No,Electronic check,50.73,1010.76,No
CUST-06450,Male,0,No,Yes,7,No,No phone service,DSL,No,No,Yes,Yes,No,No,Two year,Yes,Bank transfer (automatic),51.84,411.26,No
CUST-06451,Female,1,Yes,No,2,Yes,Yes,No,No internet service,No internet service,No internet service,No internet service,No internet service,No internet service,Two year,Yes,Electronic check,56.94,127.4,No
CUST-06452,Female,0,No,No,1,Yes,Yes,Fiber optic,No,Yes,Yes,Yes,No,No,One year,Yes,Bank transfer (automatic),80.71,71.21,No
CUST-06453,Female,0,No,Yes,2,Yes,Yes,No,No internet service,No internet service,No internet service,No internet service,No internet service,No internet service,Month-to-month,Yes,Credit card (automatic),24.63,92.69,Yes
CUST-06454,Female,0,No,No,13,Yes,No,Fiber optic,No,No,Yes,No,Yes,Yes,Month-to-month,No,Electronic check,50.26,652.99,No
CUST-06455,Male,0,Yes,Yes,5,Yes,Yes,Fiber optic,No,No,No,No,No,Yes,Month-to-month,No,Electronic check,52.92,165.34,Yes
CUST-06456,Male,1,No,Yes,0,Yes,Yes,DSL,No,Yes,No,No,No,No,Month-to-month,Yes,Credit card (automatic),70.08,18.0,No
CUST-06457,Male,0,Yes,No,29,No,No phone service,DSL,No,No,No,No,No,No,Month-to-month,Yes,Electronic check,61.93,1795.8,Yes
CUST-06458,Female,0,Yes,No,10,Yes,No,Fiber optic,Yes,No,Yes,No,Yes,No,Two year,Yes,Mailed check,72.97,716.5,No
CUST-06459,Male,0,No,No,56,Yes,Yes,DSL,Yes,No,Yes,No,No,No,Two year,Yes,Mailed check,58.24,3242.8,No
CUST-06460,Male,0,Yes,Yes,49,Yes,No,No,No internet service,No internet service,No internet service,No internet service,No internet service,No internet service,Month-to-month,No,Mailed check,48.9,2374.73,No
CUST-06461,Male,1,Yes,Yes,42,Yes,No,DSL,No,No,No,Yes,Yes,Yes,Month-to-month,Yes,Bank transfer (automatic),58.86,2454.67,No
CUST-06462,Male,0,No,No,56,Yes,Yes,No,No internet service,No internet service,No internet service,No internet service,No internet service,No internet service,Month-to-month,No,Electronic check,50.13,2770.99,Yes
CUST-06463,Male,0,Yes,No,29,Yes,Yes,Fiber optic,No,No,No,No,No,Yes,Two year,Yes,Electronic check,58.92,1693.48,No
CUST-06464,Male,1,No,No,2,No,No phone service,Fiber optic,No,Yes,No,Yes,Yes,Yes,Month-to-month,Yes,Mailed check,86.1,196.89,No
CUST-06465,Male,0,No,Yes,41,Yes,Yes,No,No internet service,No internet service,No internet service,No internet service,No internet service,No internet service,Month-to-month,Yes,Electronic check,63.34,2495.05,No
CUST-06466,Female,0,No,No,2,Yes,No,Fiber optic,Yes,No,No,Yes,Yes,Yes,Two year,Yes,Bank transfer (automatic),80.95,146.79,No
CUST-06467,Male,0,Yes,Yes,1,Yes,No,DSL,Yes,No,No,No,Yes,Yes,Month-to-month,Yes,Bank transfer (automatic),48.89,46.16,No
CUST-06468,Male,0,No,No,42,Yes,Yes,DSL,No,Yes,Yes,No,Yes,Yes,One year,Yes,Mailed check,78.75,3308.9,No
CUST-06469,Female,0,No,No,31,Yes,Yes,DSL,No,No,No,Yes,Yes,No,Month-to-month,Yes,Credit card (automatic),61.58,1851.28,No
CUST-06470,Male,0,Yes,Yes,0,Yes,Yes,Fiber optic,No,No,No,No,No,No,Month-to-month,Yes,Electronic check,52.23,18.0,Yes
CUST-06471,Male,0,No,No,10,Yes,No,Fiber optic,No,Yes,No,No,No,No,Month-to-month,No,Mailed check,79.24,790.93,No
CUST-06472,Male,0,No,No,2,Yes,No,No,No internet service,No internet service,No internet service,No internet service,No internet service,No internet service,One year,Yes,Electronic check,62.14,94.72,No
CUST-06473,Male,0,Yes,No,31,Yes,Yes,DSL,No,No,Yes,Yes,No,No,Month-to-month,No,Electronic check,55.99,1695.81,Yes
CUST-06474,Female,0,Yes,No,39,Yes,No,DSL,Yes,Yes,No,Yes,Yes,No,Month-to-month,No,Electronic check,40.8,1608.52,No
CUST-06475,Male,0,No,No,36,Yes,Yes,DSL,Yes,No,No,No,No,Yes,Two year,No,Bank transfer (automatic),77.75,2721.84,No
CUST-06476,Male,0,Yes,Yes,0,Yes,No,No,No internet service,No internet service,No internet service,No internet service,No internet service,No internet service,One year,Yes,Bank transfer (automatic),49.6,18.0,No
CUST-06477,Male,0,No,No,20,Yes,Yes,No,No internet service,No internet service,No internet service,No internet service,No internet service,No internet service,Two year,Yes,Credit card (automatic),63.55,1287.09,No
CUST-06478,Male,0,Yes,No,7,Yes,No,Fiber optic,No,No,Yes,No,No,No,One year,Yes,Electronic check,75.54,441.88,No
CUST-06479,Female,0,Yes,No,66,Yes,No,Fiber optic,Yes,No,Yes,Yes,Yes,Yes,One year,Yes,Bank transfer (automatic),48.0,3170.14,No
CUST-06480,Male,0,No,No,28,Yes,No,No,No internet service,No internet service,No internet service,No internet service,No internet service,No internet service,One year,Yes,Mailed check,56.11,1515.03,No
CUST-06481,Female,0,No,Yes,2,Yes,No,Fiber optic,Yes,No,Yes,No,No,Yes,Month-to-month,No,Credit card (automatic),77.45,242.53,Yes
CUST-06482,Female,0,Yes,Yes,23,Yes,Yes,No,No internet service,No internet service,No internet service,No internet service,No internet service,No internet service,Month-to-month,No,Electronic check,30.63,642.57,No
CUST-06483,Female,0,No,Yes,1,Yes,Yes,No,No internet service,No internet service,No internet service,No internet service,No internet service,No internet service,Month-to-month,No,Bank transfer (automatic),83.04,157.09,No
CUST-06484,Female,0,Yes,No,28,Yes,No,Fiber optic,Yes,Yes,No,Yes,No,No,One year,Yes,Credit card (automatic),54.8,1521.11,No
CUST-06485,Female,0,Yes,No,41,Yes,No,Fiber optic,No,Yes,Yes,No,Yes,No,Month-to-month,No,Mailed check,61.12,2520.72,No
CUST-06486,Female,1,No,No,46,Yes,No,DSL,Yes,No,No,No,No,No,Month-to-month,Yes,Electronic check,81.66,3771.68,No
CUST-06487,Female,0,Yes,No,35,Yes,No,DSL,No,No,No,Yes,No,No,Month-to-month,Yes,Credit card (automatic),40.59,1341.77,No
CUST-06488,Male,0,No,No,32,Yes,No,No,No internet service,No internet service,No internet service,No internet service,No internet service,No internet service,Month-to-month,No,Bank transfer (automatic),43.62,1367.89,No
CUST-06489,Male,0,Yes,No,1,Yes,No,DSL,No,No,Yes,No,No,No,Two year,No,Bank transfer (automatic),39.8,18.51,No
CUST-06490,Male,0,No,No,47,Yes,No,DSL,No,No,Yes,No,Yes,No,Two year,Yes,Mailed check,49.4,2241.46,No
CUST-06491,Female,0,Yes,No,2,Yes,Yes,No,No internet service,No internet service,No internet service,No internet service,No internet service,No internet service,Two year,Yes,Electronic check,30.06,48.49,No
CUST-06492,Female,0,No,No,0,Yes,Yes,DSL,No,Yes,No,No,No,Yes,Two year,Yes,Credit card (automatic),91.96,18.0,No
CUST-06493,Male,1,No,No,5,Yes,Yes,Fiber optic,No,No,No,Yes,No,Yes,Two year,Yes,Electronic check,61.33,242.15,No
CUST-06494,Male,0,Yes,No,70,Yes,Yes,Fiber optic,No,No,No,Yes,Yes,Yes,Month-to-month,Yes,Credit card (automatic),81.68,5785.64,Yes
CUST-06495,Male,0,Yes,No,36,Yes,No,DSL,No,Yes,No,No,No,Yes,Two year,Yes,Mailed check,33.39,1158.41,No
CUST-06496,Female,0,No,No,72,Yes,No,DSL,No,No,No,No,Yes,Yes,One year,Yes,Mailed check,53.68,3794.55,No
CUST-06497,Female,0,Yes,No,3,Yes,No,DSL,Yes,No,No,No,No,No,Month-to-month,Yes,Credit card (automatic),71.57,266.05,No
CUST-06498,Female,0,No,No,45,Yes,No,DSL,No,Yes,Yes,Yes,No,No,One year,No,Credit card (automatic),56.18,2472.18,No
CUST-06499,Male,0,No,Yes,47,Yes,No,DSL,Yes,No,No,No,No,Yes,One year,No,Electronic check,69.28,3217.96,No
CUST-06500,Male,0,No,No,39,Yes,No,No,No internet service,No internet service,No internet service,No internet service,No internet service,No internet service,One year,Yes,Credit card (automatic),42.19,1690.51,No
CUST-06501,Male,0,Yes,No,44,Yes,Yes,No,No internet service,No internet service,No internet service,No internet service,No internet service,No internet service,One year,No,Electronic check,54.94,2381.12,No
CUST-06502,Female,1,Yes,Yes,1,No,No phone service,DSL,No,No,Yes,Yes,No,No,Two year,Yes,Electronic check,55.78,108.26,No
CUST-06503,Female,0,Yes,No,47,Yes,No,Fiber optic,Yes,No,Yes,No,Yes,Yes,One year,Yes,Mailed check,54.81,2575.27,No
CUST-06504,Female,0,Yes,Yes,15,Yes,Yes,Fiber optic,No,No,Yes,No,Yes,No,One year,Yes,Electronic check,90.81,1329.31,No
CUST-06505,Male,1,Yes,No,15,Yes,Yes,Fiber optic,Yes,No,No,No,Yes,Yes,One year,Yes,Mailed check,56.22,862.0,No
CUST-06506,Male,0,No,Yes,0,Yes,No,No,No internet service,No internet service,No internet service,No internet service,No internet service,No internet service,Month-to-month,No,Mailed check,52.11,18.0,No
CUST-06507,Female,1,Yes,Yes,14,Yes,No,DSL,No,No,Yes,No,No,No,One year,Yes,Electronic check,49.54,750.34,Yes
CUST-06508,Male,0,Yes,No,51,Yes,Yes,No,No internet service,No internet service,No internet service,No internet service,No internet service,No internet service,Two year,Yes,Electronic check,49.83,2539.38,No
CUST-06509,Female,0,Yes,Yes,41,Yes,No,DSL,No,No,Yes,No,No,Yes,Month-to-month,Yes,Credit card (automatic),55.88,2323.74,No
CUST-06510,Male,0,Yes,No,0,Yes,No,Fiber optic,Yes,Yes,No,Yes,No,No,Month-to-month,Yes,Mailed check,102.64,18.0,No
CUST-06511,Male,0,No,No,51,Yes,No,No,No internet service,No internet service,No internet service,No internet service,No internet service,No internet service,Month-to-month,Yes,Credit card (automatic),55.83,2807.7,No
CUST-06512,Female,0,Yes,No,5,Yes,No,Fiber optic,No,No,No,Yes,No,No,Month-to-month,Yes,Credit card (automatic),61.67,237.03,No
CUST-06513,Male,1,No,Yes,34,Yes,Yes,Fiber optic,No,No,No,No,No,No,One year,Yes,Mailed check,68.6,2401.68,No
CUST-06514,Male,1,No,Yes,54,Yes,No,DSL,No,No,No,No,No,Yes,Month-to-month,Yes,Electronic check,53.6,2876.12,No
CUST-06515,Female,1,Yes,Yes,67,No,No phone service,Fiber optic,No,No,No,No,Yes,No,Two year,Yes,Electronic check,66.75,4421.32,No
CUST-06516,Male,0,No,No,2,Yes,No,DSL,No,Yes,No,Yes,No,No,Month-to-month,Yes,Mailed check,33.27,37.72,No
CUST-06517,Male,0,Yes,No,72,Yes,No,Fiber optic,No,Yes,Yes,No,No,No,Two year,Yes,Electronic check,95.54,6838.6,No
CUST-06518,Female,0,Yes,Yes,44,Yes,No,DSL,Yes,Yes,No,No,No,Yes,Month-to-month,Yes,Electronic check,67.01,3034.73,No
CUST-06519,Male,0,No,Yes,13,Yes,No,Fiber optic,Yes,No,Yes,No,Yes,No,Two year,No,Electronic check,67.48,900.12,No
CUST-06520,Male,0,No,Yes,59,Yes,No,Fiber optic,No,No,No,No,No,No,Month-to-month,No,Electronic check,68.88,4000.03,No
CUST-06521,Male,0,Yes,Yes,59,Yes,Yes,DSL,No,Yes,No,Yes,No,No,Month-to-month,No,Credit card (automatic),73.64,4318.63,No
CUST-06522,Male,0,No,Yes,49,Yes,No,Fiber optic,No,Yes,Yes,No,Yes,No,Month-to-month,No,Credit card (automatic),61.55,3023.02,No
CUST-06523,Male,0,Yes,No,25,Yes,Yes,DSL,Yes,Yes,Yes,No,Yes,No,Two year,Yes,Bank transfer (automatic),28.85,738.78,No
CUST-06524,Female,0,No,Yes,43,Yes,Yes,Fiber optic,No,No,Yes,Yes,No,No,Two year,Yes,Mailed check,54.94,2361.35,No
CUST-06525,Male,0,No,No,1,Yes,Yes,No,No internet service,No internet service,No internet service,No internet service,No internet service,No internet service,One year,Yes,Mailed check,27.34,18.0,No
CUST-06526,Male,0,Yes,Yes,56,Yes,No,Fiber optic,No,No,No,No,Yes,Yes,One year,No,Mailed check,76.33,4302.2,No
CUST-06527,Male,1,No,No,63,Yes,Yes,Fiber optic,Yes,No,No,No,No,Yes,One year,No,Mailed check,50.18,3160.51,No
CUST-06528,Male,0,No,No,51,Yes,No,No,No internet service,No internet service,No internet service,No internet service,No internet service,No internet service,Month-to-month,Yes,Electronic check,57.78,2968.27,Yes
CUST-06529,Female,0,Yes,Yes,71,Yes,Yes,Fiber optic,No,No,No,Yes,No,No,One year,No,Mailed check,76.43,5317.06,No
CUST-06530,Male,0,No,No,1,Yes,Yes,No,No internet service,No internet service,No internet service,No internet service,No internet service,No internet service,Month-to-month,Yes,Electronic check,55.24,64.64,Yes
CUST-06531,Male,0,No,Yes,35,Yes,Yes,DSL,No,Yes,No,No,No,Yes,Month-to-month,No,Mailed check,61.67,2218.16,No
CUST-06532,Male,0,Yes,No,0,Yes,Yes,Fiber optic,No,No,No,No,Yes,No,Two year,Yes,Credit card (automatic),51.3,18.0,No
CUST-06533,Male,0,No,No,0,Yes,Yes,Fiber optic,No,No,No,No,No,No,Month-to-month,No,Bank transfer (automatic),35.29,18.0,No
CUST-06534,Male,0,No,No,72,Yes,No,Fiber optic,No,No,No,No,No,No,Two year,No,Electronic check,87.96,6289.62,No
CUST-06535,Female,0,No,No,72,Yes,Yes,DSL,Yes,No,No,No,Yes,No,One year,No,Bank transfer (automatic),41.19,2859.75,No
CUST-06536,Female,0,Yes,Yes,13,No,No phone service,DSL,Yes,No,No,No,Yes,No,Month-to-month,Yes,Bank transfer (automatic),61.55,796.24,No
CUST-06537,Male,0,No,No,2,Yes,Yes,Fiber optic,No,No,Yes,No,No,No,Month-to-month,Yes,Credit card (automatic),65.18,99.72,Yes
CUST-06538,Female,1,No,No,72,Yes,Yes,No,No internet service,No internet service,No internet service,No internet service,No internet service,No internet service,Month-to-month,No,Electronic check,48.01,3517.66,No
CUST-06539,Male,1,No,No,1,No,No phone service,Fiber optic,No,Yes,No,Yes,No,No,Month-to-month,No,Electronic check,85.79,22.9,No
CUST-06540,Male,0,Yes,No,5,Yes,No,No,No internet service,No internet service,No internet service,No internet service,No internet service,No internet service,One year,No,Bank transfer (automatic),33.27,167.42,No
CUST-06541,Female,0,No,Yes,39,Yes,Yes,Fiber optic,Yes,Yes,Yes,No,No,No,One year,Yes,Bank transfer (automatic),53.33,2096.2,No
CUST-06542,Female,0,No,No,38,Yes,Yes,No,No internet service,No internet service,No internet service,No internet service,No internet service,No internet service,One year,No,Bank transfer (automatic),65.19,2491.1,No
CUST-06543,Male,0,Yes,No,39,Yes,No,DSL,No,No,Yes,No,No,No,One year,No,Electronic check,66.1,2532.75,No
CUST-06544,Female,1,Yes,Yes,63,No,No phone service,No,No internet service,No internet service,No internet service,No internet service,No internet service,No internet service,Two year,No,Electronic check,51.23,3205.83,Yes
CUST-06545,Male,0,No,No,50,Yes,Yes,No,No internet service,No internet service,No internet service,No internet service,No internet service,No internet service,Month-to-month,Yes,Bank transfer (automatic),24.75,1253.12,No
CUST-06546,Female,1,No,No,7,Yes,No,No,No internet service,No internet service,No internet service,No internet service,No internet service,No internet service,One year,Yes,Bank transfer (automatic),41.82,279.35,No
CUST-06547,Female,0,No,No,2,Yes,No,No,No internet service,No internet service,No internet service,No internet service,No internet service,No internet service,One year,Yes,Mailed check,29.41,71.65,No
CUST-06548,Female,0,Yes,Yes,2,Yes,No,No,No internet service,No internet service,No internet service,No internet service,No internet service,No internet service,Month-to-month,No,Mailed check,35.48,18.0,No
CUST-06549,Female,0,No,No,67,Yes,No,DSL,No,No,No,Yes,No,Yes,One year,Yes,Credit card (automatic),43.45,2893.2,No
CUST-06550,Female,1,Yes,Yes,0,Yes,No,No,No internet service,No internet service,No internet service,No internet service,No internet service,No internet service,Month-to-month,Yes,Electronic check,29.2,30.04,No
CUST-06551,Female,0,No,No,72,Yes,No,DSL,No,No,No,Yes,No,No,Month-to-month,No,Electronic check,54.9,3940.73,No
CUST-06552,Female,0,Yes,No,4,No,No phone service,No,No internet service,No internet service,No internet service,No internet service,No internet service,No internet service,One year,No,Electronic check,31.67,19.77,No
CUST-06553,Male,0,Yes,Yes,67,Yes,No,Fiber optic,Yes,Yes,No,No,Yes,No,Month-to-month,No,Bank transfer (automatic),59.01,3958.81,No
CUST-06554,Male,0,No,Yes,29,Yes,No,DSL,No,Yes,Yes,No,No,No,One year,Yes,Credit card (automatic),46.96,1348.97,No
CUST-06555,Male,0,No,Yes,2,Yes,Yes,DSL,No,Yes,No,No,Yes,Yes,Two year,Yes,Mailed check,72.63,99.81,No
CUST-06556,Female,0,Yes,No,0,Yes,No,DSL,No,No,No,No,Yes,No,One year,Yes,Credit card (automatic),60.38,45.07,No
CUST-06557,Male,0,Yes,No,4,Yes,Yes,Fiber optic,No,No,No,No,No,No,Month-to-month,Yes,Credit card (automatic),76.07,343.75,No
CUST-06558,Male,0,No,Yes,31,No,No phone service,Fiber optic,No,Yes,No,No,No,No,Month-to-month,No,Electronic check,74.61,2282.63,Yes
CUST-06559,Female,0,No,No,6,Yes,No,Fiber optic,No,Yes,No,Yes,No,Yes,One year,No,Mailed check,73.22,448.57,No
CUST-06560,Male,0,Yes,No,61,Yes,No,Fiber optic,Yes,Yes,No,Yes,No,No,Two year,Yes,Bank transfer (automatic),73.31,4468.11,No
CUST-06561,Female,0,No,Yes,68,Yes,Yes,DSL,No,No,No,No,No,Yes,Month-to-month,No,Credit card (automatic),81.25,5487.15,Yes
CUST-06562,Female,1,Yes,No,38,Yes,Yes,Fiber optic,No,No,No,No,No,Yes,Month-to-month,No,Mailed check,84.77,3280.45,No
CUST-06563,Male,0,No,No,30,Yes,Yes,Fiber optic,Yes,No,No,No,No,No,Month-to-month,No,Bank transfer (automatic),71.96,2129.15,Yes
CUST-06564,Male,0,Yes,No,0,Yes,No,Fiber optic,No,Yes,Yes,No,No,No,Month-to-month,No,Credit card (automatic),57.77,18.0,No
CUST-06565,Male,0,Yes,No,0,Yes,Yes,DSL,No,Yes,No,Yes,Yes,Yes,One year,Yes,Bank transfer (automatic),61.59,18.0,No
CUST-06566,Male,0,No,Yes,67,Yes,Yes,Fiber optic,No,No,Yes,No,No,No,Month-to-month,No,Bank transfer (automatic),65.27,4384.58,No
CUST-06567,Male,0,Yes,Yes,31,Yes,No,No,No internet service,No internet service,No internet service,No internet service,No internet service,No internet service,One year,No,Electronic check,38.38,1269.38,No
CUST-06568,Male,0,No,Yes,36,Yes,No,No,No internet service,No internet service,No internet service,No internet service,No internet service,No internet service,Month-to-month,Yes,Mailed check,42.19,1569.42,Yes
CUST-06569,Male,0,Yes,Yes,0,Yes,No,DSL,Yes,Yes,Yes,No,No,Yes,Month-to-month,Yes,Electronic check,56.49,98.28,No
CUST-06570,Male,0,Yes,No,3,Yes,No,No,No internet service,No internet service,No internet service,No internet service,No internet service,No internet service,Month-to-month,No,Electronic check,59.58,220.3,Yes
CUST-06571,Female,0,No,No,72,No,No phone service,DSL,Yes,No,No,No,No,No,One year,Yes,Electronic check,44.92,3260.28,No
CUST-06572,Female,0,No,No,38,Yes,Yes,DSL,No,No,No,Yes,Yes,No,Month-to-month,Yes,Bank transfer (automatic),57.33,2050.1,No
CUST-06573,Male,1,Yes,No,43,Yes,No,DSL,No,No,No,No,No,No,Month-to-month,No,Electronic check,52.6,2281.52,No
CUST-06574,Female,0,No,No,23,No,No phone service,Fiber optic,Yes,Yes,No,No,Yes,No,Month-to-month,Yes,Electronic check,118.0,2686.96,Yes
CUST-06575,Male,0,Yes,Yes,28,Yes,Yes,No,No internet service,No internet service,No internet service,No internet service,No internet service,No internet service,One year,No,Bank transfer (automatic),42.98,1151.33,No
CUST-06576,Male,1,No,No,18,Yes,No,No,No internet service,No internet service,No internet service,No internet service,No internet service,No internet service,Two year,Yes,Mailed check,61.11,1076.39,No
CUST-06577,Male,0,Yes,Yes,2,Yes,Yes,Fiber optic,No,Yes,No,No,Yes,Yes,Month-to-month,No,Mailed check,93.79,167.78,No
CUST-06578,Male,0,No,Yes,28,Yes,Yes,Fiber optic,Yes,Yes,Yes,No,Yes,Yes,One year,Yes,Electronic check,47.6,1271.93,No
CUST-06579,Male,1,Yes,No,72,Yes,Yes,DSL,Yes,Yes,No,Yes,Yes,Yes,Month-to-month,Yes,Electronic check,50.69,3631.4,No
CUST-06580,Male,0,No,No,51,Yes,No,No,No internet service,No internet service,No internet service,No internet service,No internet service,No internet service,Two year,Yes,Mailed check,52.54,2787.43,No
CUST-06581,Male,1,No,No,9,Yes,Yes,DSL,No,No,Yes,No,No,No,Month-to-month,No,Mailed check,39.32,280.29,Yes
CUST-06582,Male,0,No,Yes,34,No,No phone service,DSL,No,Yes,Yes,Yes,Yes,Yes,Month-to-month,Yes,Credit card (automatic),43.5,1495.07,No
CUST-06583,Female,0,Yes,No,36,Yes,Yes,No,No internet service,No internet service,No internet service,No internet service,No internet service,No internet service,Two year,Yes,Electronic check,40.72,1482.3,No
CUST-06584,Female,0,Yes,Yes,0,Yes,Yes,DSL,No,No,No,No,Yes,Yes,Two year,Yes,Electronic check,72.36,18.99,Yes
CUST-06585,Female,0,Yes,No,57,Yes,No,DSL,No,Yes,No,No,Yes,Yes,Month-to-month,No,Electronic check,78.87,4495.79,No
CUST-06586,Female,1,No,No,40,Yes,No,No,No internet service,No internet service,No internet service,No internet service,No internet service,No internet service,Month-to-month,Yes,Electronic check,42.2,1711.8,No
CUST-06587,Female,1,Yes,No,54,No,No phone service,DSL,Yes,No,Yes,No,No,Yes,Month-to-month,No,Bank transfer (automatic),43.7,2290.27,No
CUST-06588,Male,0,No,No,56,Yes,Yes,DSL,No,Yes,No,No,Yes,Yes,Month-to-month,No,Electronic check,84.58,4712.0,Yes
CUST-06589,Male,0,Yes,No,40,Yes,No,Fiber optic,No,No,No,No,Yes,Yes,Month-to-month,Yes,Credit card (automatic),79.39,3164.52,No
CUST-06590,Male,0,No,No,39,Yes,No,DSL,No,No,No,No,Yes,No,Month-to-month,Yes,Mailed check,63.28,2566.45,No
CUST-06591,Male,0,No,Yes,50,Yes,No,No,No internet service,No internet service,No internet service,No internet service,No internet service,No internet service,Month-to-month,No,Mailed check,19.87,972.78,No
CUST-06592,Female,1,No,Yes,45,Yes,No,Fiber optic,Yes,No,No,No,No,No,Month-to-month,Yes,Bank transfer (automatic),41.77,1831.47,No
CUST-06593,Male,0,No,No,64,No,No phone service,Fiber optic,No,No,No,No,No,Yes,Month-to-month,No,Credit card (automatic),65.76,4246.92,No
CUST-06594,Female,0,No,No,72,Yes,No,DSL,No,No,Yes,No,Yes,No,Month-to-month,No,Electronic check,62.47,4548.1,Yes
CUST-06595,Female,1,No,No,1,Yes,Yes,DSL,No,Yes,Yes,No,Yes,Yes,Two year,Yes,Bank transfer (automatic),51.29,52.93,No
CUST-06596,Male,0,No,Yes,28,Yes,No,No,No internet service,No internet service,No internet service,No internet service,No internet service,No internet service,Month-to-month,No,Electronic check,35.76,912.46,Yes
CUST-06597,Female,0,No,Yes,71,Yes,No,DSL,No,Yes,Yes,No,No,Yes,One year,No,Mailed check,38.87,2761.37,No
CUST-06598,Male,0,Yes,No,39,Yes,Yes,DSL,No,Yes,No,No,No,No,Month-to-month,Yes,Mailed check,72.58,2798.22,Yes
CUST-06599,Male,0,Yes,No,72,Yes,Yes,DSL,No,No,Yes,No,Yes,Yes,Month-to-month,Yes,Bank transfer (automatic),62.28,4492.58,No
CUST-06600,Male,0,No,No,42,Yes,Yes,Fiber optic,No,Yes,No,No,Yes,No,Two year,Yes,Mailed check,63.58,2632.86,No
CUST-06601,Male,0,No,Yes,54,Yes,Yes,No,No internet service,No internet service,No internet service,No internet service,No internet service,No internet service,One year,Yes,Electronic check,43.8,2360.68,No
CUST-06602,Female,0,Yes,Yes,49,Yes,No,DSL,No,No,Yes,Yes,Yes,Yes,Two year,No,Credit card (automatic),38.92,1875.24,No
CUST-06603,Male,0,Yes,No,22,Yes,No,DSL,Yes,No,Yes,No,No,Yes,One year,No,Mailed check,37.14,719.09,No
CUST-06604,Male,0,No,No,26,Yes,Yes,No,No internet service,No internet service,No internet service,No internet service,No internet service,No internet service,Month-to-month,Yes,Bank transfer (automatic),48.05,1301.76,No
CUST-06605,Male,0,Yes,Yes,38,Yes,Yes,DSL,No,Yes,No,Yes,No,No,Two year,No,Mailed check,86.38,3230.22,No
CUST-06606,Male,1,No,No,9,Yes,No,Fiber optic,No,No,No,Yes,No,No,Month-to-month,No,Mailed check,76.1,689.46,Yes
CUST-06607,Female,0,No,No,45,Yes,Yes,Fiber optic,No,Yes,No,Yes,No,Yes,Month-to-month,Yes,Mailed check,89.47,4106.79,No
CUST-06608,Female,0,Yes,Yes,27,Yes,No,Fiber optic,No,Yes,No,No,Yes,No,Two year,Yes,Electronic check,71.6,1893.06,Yes
CUST-06609,Male,1,Yes,No,72,Yes,Yes,DSL,No,No,Yes,Yes,Yes,Yes,One year,No,Mailed check,54.25,3931.7,No
CUST-06610,Female,0,Yes,No,3,Yes,No,No,No internet service,No internet service,No internet service,No internet service,No internet service,No internet service,Month-to-month,Yes,Credit card (automatic),54.04,111.49,No
CUST-06611,Male,0,Yes,Yes,51,No,No phone service,DSL,No,No,No,No,No,No,Month-to-month,No,Bank transfer (automatic),60.31,3101.0,No
CUST-06612,Male,1,No,No,72,Yes,Yes,Fiber optic,Yes,No,No,No,No,No,Month-to-month,Yes,Bank transfer (automatic),74.12,5310.17,Yes
CUST-06613,Female,0,No,Yes,6,Yes,Yes,Fiber optic,No,Yes,No,No,No,No,Month-to-month,No,Electronic check,45.92,174.17,Yes
CUST-06614,Male,0,No,No,13,No,No phone service,No,No internet service,No internet service,No internet service,No internet service,No internet service,No internet service,Month-to-month,No,Mailed check,43.22,594.41,No
CUST-06615,Male,0,Yes,No,1,Yes,Yes,Fiber optic,No,Yes,No,No,Yes,Yes,Two year,Yes,Bank transfer (automatic),65.97,54.68,No
CUST-06616,Male,0,No,No,31,Yes,Yes,Fiber optic,No,No,No,No,Yes,No,Two year,No,Electronic check,83.29,2598.76,No
CUST-06617,Male,0,Yes,No,14,Yes,No,DSL,No,Yes,No,No,Yes,Yes,Month-to-month,No,Electronic check,58.12,817.38,Yes
CUST-06618,Female,0,No,No,12,Yes,No,Fiber optic,Yes,No,No,No,Yes,No,Two year,Yes,Mailed check,62.79,714.35,No
CUST-06619,Male,0,Yes,No,7,Yes,Yes,Fiber optic,No,No,Yes,No,Yes,No,Two year,Yes,Bank transfer (automatic),82.8,628.51,No
CUST-06620,Male,0,No,No,39,Yes,No,Fiber optic,No,No,Yes,Yes,Yes,No,Two year,Yes,Electronic check,91.35,3577.92,No
CUST-06621,Male,0,No,Yes,6,Yes,Yes,Fiber optic,Yes,Yes,No,Yes,Yes,Yes,Month-to-month,Yes,Mailed check,58.12,314.58,No
CUST-06622,Female,0,Yes,No,40,Yes,Yes,No,No internet service,No internet service,No internet service,No internet service,No internet service,No internet service,Month-to-month,No,Electronic check,30.31,1208.67,No
CUST-06623,Female,0,No,Yes,40,Yes,Yes,DSL,No,Yes,Yes,Yes,No,Yes,Two year,No,Mailed check,47.21,1964.02,No
CUST-06624,Female,1,Yes,No,61,Yes,Yes,No,No internet service,No internet service,No internet service,No internet service,No internet service,No internet service,Month-to-month,Yes,Mailed check,35.01,2122.22,No
CUST-06625,Female,0,Yes,No,47,Yes,Yes,Fiber optic,Yes,No,No,No,No,No,One year,Yes,Bank transfer (automatic),71.18,3333.36,No
CUST-06626,Female,0,No,No,3,Yes,Yes,DSL,No,No,No,No,No,No,Month-to-month,Yes,Electronic check,75.22,294.42,Yes
CUST-06627,Female,0,No,No,3,Yes,Yes,Fiber optic,No,No,No,No,No,Yes,Two year,Yes,Bank transfer (automatic),66.12,316.25,No
CUST-06628,Female,0,Yes,No,45,Yes,No,Fiber optic,No,No,No,Yes,No,No,One year,Yes,Credit card (automatic),95.21,4238.31,No
CUST-06629,Male,0,Yes,No,13,Yes,No,Fiber optic,No,No,No,No,No,Yes,One year,No,Electronic check,92.37,1194.86,No
CUST-06630,Male,1,Yes,No,37,Yes,No,Fiber optic,No,Yes,Yes,No,No,No,Two year,Yes,Mailed check,85.9,3172.57,No
CUST-06631,Male,0,No,No,2,Yes,Yes,Fiber optic,No,No,No,No,Yes,Yes,Two year,No,Electronic check,84.31,216.62,No
CUST-06632,Male,0,No,Yes,2,Yes,No,Fiber optic,Yes,No,No,No,Yes,Yes,Two year,No,Mailed check,87.23,257.5,No
CUST-06633,Male,0,Yes,No,28,Yes,Yes,Fiber optic,No,Yes,Yes,No,No,No,Month-to-month,Yes,Bank transfer (automatic),78.4,2183.02,No
CUST-06634,Female,0,Yes,Yes,55,Yes,Yes,DSL,Yes,Yes,No,No,No,No,Month-to-month,Yes,Mailed check,35.64,1869.16,No
CUST-06635,Female,0,No,Yes,0,Yes,Yes,No,No internet service,No internet service,No internet service,No internet service,No internet service,No internet service,One year,Yes,Electronic check,62.24,18.0,No
CUST-06636,Male,0,No,Yes,43,Yes,Yes,DSL,No,No,No,No,No,Yes,Month-to-month,Yes,Electronic check,73.15,3140.54,No
CUST-06637,Male,0,Yes,No,9,Yes,Yes,Fiber optic,No,No,No,No,No,No,One year,Yes,Bank transfer (automatic),50.36,502.38,No
CUST-06638,Male,0,No,No,61,No,No phone service,Fiber optic,No,No,Yes,No,No,No,Month-to-month,Yes,Electronic check,75.25,4525.39,Yes
CUST-06639,Female,0,Yes,No,42,Yes,No,No,No internet service,No internet service,No internet service,No internet service,No internet service,No internet service,Month-to-month,No,Credit card (automatic),44.91,1860.24,No
CUST-06640,Male,0,Yes,No,37,No,No phone service,Fiber optic,No,No,No,No,No,No,Month-to-month,Yes,Electronic check,66.0,2498.15,No
CUST-06641,Male,0,No,No,66,Yes,No,DSL,No,No,No,Yes,Yes,No,Month-to-month,No,Electronic check,65.52,4344.98,No
CUST-06642,Male,0,No,Yes,9,Yes,Yes,DSL,No,No,No,No,Yes,Yes,Two year,Yes,Mailed check,65.86,599.48,No
CUST-06643,Female,0,Yes,No,66,Yes,Yes,Fiber optic,Yes,No,Yes,Yes,No,Yes,Month-to-month,Yes,Bank transfer (automatic),91.24,6043.54,Yes
CUST-06644,Male,1,No,No,11,Yes,Yes,Fiber optic,No,Yes,No,Yes,No,Yes,Two year,Yes,Credit card (automatic),65.9,717.99,No
CUST-06645,Female,1,No,No,72,Yes,Yes,Fiber optic,No,Yes,Yes,No,Yes,Yes,Month-to-month,No,Electronic check,60.7,4311.78,No
CUST-06646,Female,0,No,No,43,Yes,Yes,No,No internet service,No internet service,No internet service,No internet service,No internet service,No internet service,One year,No,Bank transfer (automatic),63.89,2745.5,No
CUST-06647,Male,1,No,No,5,Yes,Yes,Fiber optic,No,Yes,Yes,No,No,Yes,Two year,Yes,Electronic check,62.09,315.13,Yes
CUST-06648,Female,0,No,No,7,Yes,Yes,No,No internet service,No internet service,No internet service,No internet service,No internet service,No internet service,Two year,No,Credit card (automatic),23.51,261.77,No
CUST-06649,Female,0,No,No,39,Yes,No,DSL,No,No,No,No,Yes,No,Month-to-month,Yes,Bank transfer (automatic),52.79,2043.93,No
CUST-06650,Female,0,Yes,No,20,Yes,No,No,No internet service,No internet service,No internet service,No internet service,No internet service,No internet service,Month-to-month,No,Electronic check,42.64,879.0,Yes
CUST-06651,Male,1,No,Yes,31,Yes,No,DSL,No,No,Yes,No,No,No,One year,Yes,Electronic check,58.44,1829.26,Yes
CUST-06652,Female,0,Yes,Yes,29,Yes,Yes,No,No internet service,No internet service,No internet service,No internet service,No internet service,No internet service,Month-to-month,Yes,Credit card (automatic),57.42,1718.37,No
CUST-06653,Female,0,No,No,22,Yes,Yes,DSL,No,Yes,No,Yes,Yes,Yes,Month-to-month,No,Credit card (automatic),73.35,1612.09,No
CUST-06654,Male,0,Yes,No,16,Yes,No,Fiber optic,No,No,Yes,No,No,Yes,Month-to-month,No,Mailed check,81.72,1263.86,No
CUST-06655,Male,0,Yes,No,1,Yes,No,Fiber optic,Yes,Yes,Yes,No,Yes,No,Two year,No,Electronic check,63.75,232.5,No
CUST-06656,Female,0,No,No,43,Yes,Yes,Fiber optic,No,No,No,No,No,No,Month-to-month,Yes,Bank transfer (automatic),72.76,3050.45,No
CUST-06657,Female,0,Yes,No,47,Yes,No,No,No internet service,No internet service,No internet service,No internet service,No internet service,No internet service,Month-to-month,No,Electronic check,44.62,2061.98,No
CUST-06658,Female,0,Yes,No,25,No,No phone service,Fiber optic,No,No,No,No,No,Yes,Two year,No,Credit card (automatic),91.08,2265.17,No
CUST-06659,Female,1,Yes,No,5,Yes,Yes,DSL,No,No,No,No,No,No,One year,No,Credit card (automatic),37.07,275.26,No
CUST-06660,Male,0,No,No,2,No,No phone service,Fiber optic,No,Yes,No,Yes,Yes,Yes,Month-to-month,No,Mailed check,71.37,114.59,Yes
CUST-06661,Male,0,Yes,No,35,Yes,Yes,DSL,Yes,No,Yes,No,No,Yes,One year,Yes,Bank transfer (automatic),85.77,2948.06,No
CUST-06662,Female,0,Yes,No,72,Yes,No,DSL,Yes,No,Yes,No,No,Yes,Month-to-month,No,Electronic check,76.9,5554.29,No
CUST-06663,Male,0,No,No,32,Yes,Yes,DSL,Yes,Yes,No,No,Yes,No,Two year,Yes,Mailed check,57.08,1889.2,No
CUST-06664,Male,0,No,Yes,13,No,No phone service,Fiber optic,No,No,No,No,No,No,One year,Yes,Mailed check,66.89,802.45,Yes
CUST-06665,Female,0,No,Yes,33,Yes,Yes,No,No internet service,No internet service,No internet service,No internet service,No internet service,No internet service,Month-to-month,Yes,Bank transfer (automatic),58.93,1971.07,No
CUST-06666,Male,0,Yes,No,4,Yes,No,DSL,Yes,No,No,No,Yes,Yes,Month-to-month,No,Bank transfer (automatic),70.78,299.83,Yes
CUST-06667,Male,0,No,No,22,Yes,Yes,No,No internet service,No internet service,No internet service,No internet service,No internet service,No internet service,One year,Yes,Mailed check,44.98,944.47,No
CUST-06668,Male,0,No,No,1,Yes,Yes,No,No internet service,No internet service,No internet service,No internet service,No internet service,No internet service,Month-to-month,No,Mailed check,74.28,18.0,No
CUST-06669,Male,1,No,No,72,Yes,No,Fiber optic,No,Yes,No,No,Yes,No,Month-to-month,No,Electronic check,63.9,4611.22,No
CUST-06670,Male,0,No,No,25,Yes,Yes,Fiber optic,No,Yes,No,Yes,No,Yes,Two year,No,Electronic check,74.11,1808.48,No
CUST-06671,Male,0,Yes,No,2,Yes,No,No,No internet service,No internet service,No internet service,No internet service,No internet service,No internet service,Two year,No,Credit card (automatic),67.66,122.28,No
CUST-06672,Male,0,No,Yes,13,Yes,No,Fiber optic,Yes,No,No,Yes,No,No,Month-to-month,No,Electronic check,69.82,970.51,No
CUST-06673,Male,0,No,Yes,11,Yes,No,No,No internet service,No internet service,No internet service,No internet service,No internet service,No internet service,Month-to-month,No,Electronic check,72.25,805.25,No
CUST-06674,Female,1,Yes,No,4,Yes,No,Fiber optic,No,No,No,No,Yes,No,Month-to-month,No,Bank transfer (automatic),87.34,332.11,Yes
CUST-06675,Female,0,Yes,No,0,Yes,Yes,DSL,No,Yes,No,No,Yes,No,Month-to-month,Yes,Bank transfer (automatic),52.02,104.9,No
CUST-06676,Female,0,Yes,Yes,39,Yes,No,Fiber optic,No,Yes,No,No,No,Yes,Month-to-month,Yes,Credit card (automatic),92.46,3626.11,No
CUST-06677,Female,0,No,Yes,40,Yes,No,DSL,No,No,Yes,Yes,No,No,Month-to-month,No,Electronic check,47.31,1860.54,No
CUST-06678,Male,0,Yes,No,3,No,No phone service,DSL,No,Yes,Yes,No,No,No,Month-to-month,Yes,Mailed check,32.33,125.06,Yes
CUST-06679,Female,0,No,No,44,Yes,Yes,DSL,No,No,Yes,No,No,No,Month-to-month,Yes,Electronic check,54.86,2465.14,No
CUST-06680,Female,0,No,No,68,Yes,No,Fiber optic,No,No,Yes,Yes,No,Yes,Month-to-month,No,Electronic check,53.44,3664.86,Yes
CUST-06681,Male,0,Yes,No,46,Yes,No,DSL,No,Yes,No,No,Yes,No,Month-to-month,Yes,Electronic check,49.61,2329.86,Yes
CUST-06682,Male,0,Yes,Yes,4,Yes,No,DSL,Yes,No,No,No,No,Yes,Month-to-month,No,Credit card (automatic),54.26,275.73,No
CUST-06683,Female,0,Yes,No,11,Yes,No,DSL,No,No,Yes,No,No,No,Month-to-month,Yes,Electronic check,38.08,410.11,No
CUST-06684,Female,0,Yes,Yes,25,Yes,Yes,Fiber optic,Yes,Yes,Yes,No,No,No,Two year,No,Mailed check,40.72,1084.65,No
CUST-06685,Male,0,No,Yes,54,Yes,Yes,DSL,No,No,Yes,Yes,Yes,No,Month-to-month,Yes,Electronic check,67.69,3732.26,No
CUST-06686,Male,0,No,No,4,Yes,Yes,No,No internet service,No internet service,No internet service,No internet service,No internet service,No internet service,Month-to-month,No,Credit card (automatic),54.33,227.12,Yes
CUST-06687,Male,0,No,No,13,Yes,No,No,No internet service,No internet service,No internet service,No internet service,No internet service,No internet service,Month-to-month,Yes,Electronic check,54.19,816.18,Yes
CUST-06688,Male,0,No,No,0,Yes,No,Fiber optic,Yes,No,No,No,Yes,Yes,Two year,Yes,Electronic check,72.75,18.0,No
CUST-06689,Female,0,Yes,No,42,Yes,No,DSL,No,No,Yes,No,Yes,Yes,Month-to-month,No,Electronic check,46.67,1942.92,No
CUST-06690,Female,0,No,No,57,Yes,No,Fiber optic,No,No,No,Yes,No,No,Month-to-month,Yes,Credit card (automatic),70.46,3951.14,No
CUST-06691,Male,0,Yes,Yes,18,Yes,No,DSL,Yes,No,Yes,No,No,Yes,Month-to-month,Yes,Bank transfer (automatic),43.02,778.5,No
CUST-06692,Female,0,No,No,5,Yes,Yes,No,No internet service,No internet service,No internet service,No internet service,No internet service,No internet service,Month-to-month,No,Credit card (automatic),34.09,144.18,No
CUST-06693,Female,0,Yes,No,61,Yes,Yes,DSL,No,Yes,No,No,Yes,No,Month-to-month,Yes,Electronic check,22.18,1328.01,Yes
CUST-06694,Female,0,Yes,Yes,21,Yes,No,DSL,No,No,No,No,Yes,Yes,Two year,Yes,Electronic check,66.97,1435.32,No
CUST-06695,Male,0,No,No,55,Yes,Yes,DSL,No,No,No,No,Yes,No,Month-to-month,Yes,Mailed check,43.3,2349.31,Yes
CUST-06696,Female,0,No,Yes,1,Yes,No,No,No internet service,No internet service,No internet service,No internet service,No internet service,No internet service,Month-to-month,Yes,Bank transfer (automatic),54.2,32.02,Yes
CUST-06697,Female,0,Yes,Yes,60,Yes,No,DSL,No,Yes,No,No,No,Yes,One year,Yes,Bank transfer (automatic),34.23,2119.39,No
CUST-06698,Female,0,Yes,Yes,53,No,No phone service,DSL,No,No,Yes,No,No,No,Month-to-month,Yes,Electronic check,40.25,2075.9,No
CUST-06699,Male,0,No,Yes,1,Yes,Yes,DSL,No,Yes,No,No,Yes,No,One year,No,Credit card (automatic),67.84,122.64,No
CUST-06700,Male,0,No,No,64,Yes,No,No,No internet service,No internet service,No internet service,No internet service,No internet service,No internet service,Two year,Yes,Credit card (automatic),58.15,3828.31,No
CUST-06701,Female,0,No,No,35,Yes,Yes,Fiber optic,No,Yes,No,No,No,No,One year,Yes,Credit card (automatic),95.92,3434.06,No
CUST-06702,Male,0,Yes,No,2,Yes,No,No,No internet service,No internet service,No internet service,No internet service,No internet service,No internet service,Month-to-month,No,Electronic check,38.16,40.93,No
CUST-06703,Female,0,Yes,No,69,No,No phone service,No,No internet service,No internet service,No internet service,No internet service,No internet service,No internet service,Month-to-month,Yes,Mailed check,29.27,1936.98,No
CUST-06704,Male,0,No,No,28,Yes,No,Fiber optic,No,Yes,No,Yes,No,No,One year,No,Electronic check,72.26,2004.81,No
CUST-06705,Female,0,No,No,50,Yes,No,DSL,No,Yes,No,No,No,Yes,One year,Yes,Electronic check,33.57,1653.02,No
CUST-06706,Male,0,Yes,No,54,Yes,Yes,No,No internet service,No internet service,No internet service,No internet service,No internet service,No internet service,Month-to-month,Yes,Mailed check,35.92,1845.22,No
CUST-06707,Male,0,Yes,No,9,Yes,No,Fiber optic,Yes,No,Yes,Yes,No,No,Month-to-month,No,Electronic check,54.46,442.76,No
CUST-06708,Male,0,Yes,No,3,No,No phone service,Fiber optic,No,No,No,No,No,No,One year,Yes,Electronic check,90.81,257.78,No
CUST-06709,Male,0,No,No,9,Yes,Yes,Fiber optic,Yes,No,Yes,No,No,No,Month-to-month,No,Mailed check,60.7,579.83,Yes
CUST-06710,Male,0,Yes,Yes,3,Yes,No,Fiber optic,No,No,Yes,No,No,Yes,Month-to-month,No,Mailed check,76.98,244.43,Yes
CUST-06711,Male,0,No,No,37,Yes,Yes,No,No internet service,No internet service,No internet service,No internet service,No internet service,No internet service,Month-to-month,No,Bank transfer (automatic),25.45,936.66,No
CUST-06712,Male,0,No,Yes,2,Yes,No,No,No internet service,No internet service,No internet service,No internet service,No internet service,No internet service,Month-to-month,Yes,Electronic check,60.91,152.67,Yes
CUST-06713,Female,0,Yes,Yes,4,Yes,Yes,Fiber optic,No,Yes,Yes,No,Yes,No,One year,Yes,Credit card (automatic),80.3,326.71,No
CUST-06714,Female,0,Yes,No,47,Yes,Yes,DSL,No,Yes,No,No,No,No,Month-to-month,Yes,Bank transfer (automatic),49.9,2337.03,No
CUST-06715,Female,0,Yes,No,31,Yes,No,No,No internet service,No internet service,No internet service,No internet service,No internet service,No internet service,Month-to-month,Yes,Electronic check,60.12,1768.82,No
CUST-06716,Male,0,Yes,Yes,4,Yes,No,DSL,No,No,No,No,No,No,Month-to-month,Yes,Mailed check,74.06,257.5,Yes
CUST-06717,Female,0,No,No,72,Yes,No,Fiber optic,No,No,No,No,No,No,Month-to-month,Yes,Credit card (automatic),59.75,4311.17,Yes
CUST-06718,Female,0,No,No,72,Yes,No,DSL,Yes,No,No,Yes,No,No,Month-to-month,Yes,Credit card (automatic),72.59,5148.98,No
CUST-06719,Male,0,Yes,Yes,11,Yes,No,Fiber optic,No,No,No,No,No,No,One year,Yes,Electronic check,70.48,830.29,No
CUST-06720,Female,0,No,No,16,Yes,No,Fiber optic,No,Yes,No,No,No,Yes,Month-to-month,No,Credit card (automatic),49.57,798.13,No
CUST-06721,Female,0,Yes,No,59,Yes,Yes,Fiber optic,Yes,No,Yes,Yes,No,No,Month-to-month,Yes,Electronic check,77.31,4656.79,Yes
CUST-06722,Male,0,No,No,25,Yes,No,No,No internet service,No internet service,No internet service,No internet service,No internet service,No internet service,Month-to-month,Yes,Mailed check,37.23,939.65,No
CUST-06723,Male,0,No,Yes,65,No,No phone service,No,No internet service,No internet service,No internet service,No internet service,No internet service,No internet service,One year,Yes,Bank transfer (automatic),25.69,1691.38,No
CUST-06724,Male,0,Yes,No,1,Yes,No,Fiber optic,Yes,No,No,No,No,No,Month-to-month,No,Credit card (automatic),76.95,23.02,No
CUST-06725,Male,0,No,No,54,Yes,No,DSL,No,Yes,No,No,No,No,Month-to-month,No,Electronic check,61.28,3382.63,No
CUST-06726,Female,0,No,Yes,72,Yes,Yes,Fiber optic,Yes,No,No,Yes,No,Yes,Month-to-month,Yes,Electronic check,98.95,7151.66,No
CUST-06727,Female,0,Yes,No,1,No,No phone service,Fiber optic,Yes,No,No,No,No,Yes,Month-to-month,Yes,Bank transfer (automatic),76.19,76.75,Yes
CUST-06728,Female,1,No,No,50,Yes,No,Fiber optic,No,Yes,No,No,Yes,Yes,Month-to-month,Yes,Credit card (automatic),50.04,2533.16,Yes
CUST-06729,Male,0,Yes,Yes,16,Yes,Yes,No,No internet service,No internet service,No internet service,No internet service,No internet service,No internet service,Month-to-month,Yes,Bank transfer (automatic),38.27,610.09,No
CUST-06730,Male,1,Yes,No,0,Yes,No,Fiber optic,No,No,No,No,No,No,One year,Yes,Credit card (automatic),84.24,18.0,Yes
CUST-06731,Female,1,No,No,39,Yes,No,DSL,Yes,No,No,No,No,Yes,One year,No,Electronic check,82.3,3180.19,No
CUST-06732,Male,0,Yes,No,5,Yes,No,Fiber optic,No,No,Yes,No,Yes,Yes,One year,Yes,Electronic check,85.84,442.83,Yes
CUST-06733,Female,0,Yes,No,12,Yes,Yes,DSL,No,Yes,Yes,No,No,No,Month-to-month,Yes,Credit card (automatic),56.34,760.64,Yes
CUST-06734,Female,0,Yes,Yes,2,Yes,Yes,DSL,Yes,Yes,Yes,No,No,No,Month-to-month,Yes,Mailed check,50.63,75.27,Yes
CUST-06735,Male,1,Yes,No,55,Yes,Yes,Fiber optic,No,Yes,No,No,No,No,Two year,No,Bank transfer (automatic),63.22,3512.61,No
CUST-06736,Female,0,Yes,No,45,Yes,Yes,DSL,No,Yes,No,No,Yes,Yes,One year,No,Electronic check,63.67,2815.59,No
CUST-06737,Male,0,Yes,Yes,72,No,No phone service,Fiber optic,Yes,No,No,No,No,No,One year,Yes,Mailed check,71.54,5178.4,No
CUST-06738,Male,1,No,No,48,Yes,No,No,No internet service,No internet service,No internet service,No internet service,No internet service,No internet service,One year,Yes,Credit card (automatic),21.67,1064.16,No
CUST-06739,Male,0,Yes,No,1,Yes,No,DSL,Yes,Yes,Yes,No,No,No,Month-to-month,Yes,Bank transfer (automatic),32.32,18.0,No
CUST-06740,Male,1,No,No,14,Yes,Yes,Fiber optic,No,No,Yes,Yes,No,No,Month-to-month,Yes,Credit card (automatic),66.23,955.84,No
CUST-06741,Male,0,No,Yes,31,No,No phone service,Fiber optic,No,No,No,No,No,No,Month-to-month,Yes,Mailed check,66.11,1982.9,No
CUST-06742,Female,0,Yes,No,43,Yes,No,Fiber optic,No,Yes,No,No,No,No,Two year,No,Electronic check,64.63,2778.34,No
CUST-06743,Female,0,No,No,68,Yes,No,No,No internet service,No internet service,No internet service,No internet service,No internet service,No internet service,Month-to-month,No,Credit card (automatic),50.26,3403.78,No
CUST-06744,Male,0,No,No,2,Yes,No,No,No internet service,No internet service,No internet service,No internet service,No internet service,No internet service,One year,No,Electronic check,48.99,162.44,No
CUST-06745,Female,0,No,No,2,No,No phone service,DSL,No,No,Yes,No,No,No,Month-to-month,Yes,Credit card (automatic),64.23,113.94,No
CUST-06746,Female,0,No,No,3,Yes,No,Fiber optic,Yes,Yes,No,No,No,No,Month-to-month,No,Electronic check,83.52,313.4,Yes
CUST-06747,Male,0,Yes,No,1,Yes,No,DSL,Yes,No,Yes,No,No,No,Two year,Yes,Credit card (automatic),41.31,103.08,No
CUST-06748,Male,0,Yes,Yes,7,Yes,No,DSL,No,No,No,No,No,Yes,Two year,Yes,Electronic check,60.56,525.84,No
CUST-06749,Male,0,No,No,47,Yes,No,Fiber optic,No,No,Yes,No,No,Yes,Month-to-month,Yes,Electronic check,82.01,3729.79,Yes
CUST-06750,Female,1,No,No,37,Yes,Yes,DSL,Yes,Yes,No,No,Yes,Yes,Month-to-month,Yes,Electronic check,64.4,2397.29,No
CUST-06751,Female,0,No,No,6,Yes,No,Fiber optic,No,No,Yes,No,No,Yes,Month-to-month,No,Electronic check,66.95,470.08,Yes
CUST-06752,Male,0,No,Yes,46,Yes,Yes,Fiber optic,No,No,Yes,No,Yes,No,Month-to-month,Yes,Credit card (automatic),57.45,2663.14,No
CUST-06753,Female,0,Yes,No,56,Yes,Yes,Fiber optic,No,No,No,No,No,No,One year,Yes,Mailed check,66.92,3748.69,No
CUST-06754,Male,0,Yes,No,11,Yes,No,No,No internet service,No internet service,No internet service,No internet service,No internet service,No internet service,Month-to-month,Yes,Electronic check,44.6,513.68,Yes
CUST-06755,Female,0,No,No,3,Yes,No,No,No internet service,No internet service,No internet service,No internet service,No internet service,No internet service,Two year,No,Electronic check,46.05,102.88,No
CUST-06756,Female,0,Yes,Yes,57,Yes,No,Fiber optic,No,No,Yes,Yes,Yes,No,Two year,Yes,Electronic check,86.25,4997.22,No
CUST-06757,Female,0,No,No,32,Yes,Yes,Fiber optic,No,No,No,No,Yes,No,Month-to-month,Yes,Credit card (automatic),65.76,2099.91,No
CUST-06758,Male,1,No,Yes,45,Yes,No,DSL,No,Yes,No,No,No,No,Month-to-month,Yes,Mailed check,59.64,2667.24,No
CUST-06759,Male,0,Yes,Yes,34,Yes,Yes,DSL,Yes,No,No,Yes,No,No,Month-to-month,Yes,Credit card (automatic),28.04,837.81,No
CUST-06760,Female,1,Yes,No,25,No,No phone service,DSL,No,Yes,No,No,No,No,One year,No,Electronic check,40.22,1044.0,No
CUST-06761,Male,0,No,No,39,Yes,No,No,No internet service,No internet service,No internet service,No internet service,No internet service,No internet service,One year,No,Credit card (automatic),37.3,1389.52,No
CUST-06762,Male,1,No,No,0,Yes,Yes,Fiber optic,No,No,No,No,Yes,No,Month-to-month,No,Electronic check,66.77,72.55,Yes
CUST-06763,Male,0,No,Yes,45,Yes,Yes,Fiber optic,No,No,Yes,Yes,No,No,Two year,Yes,Electronic check,82.65,3772.44,No
CUST-06764,Female,0,Yes,Yes,59,No,No phone service,Fiber optic,No,No,No,Yes,No,No,Two year,No,Bank transfer (automatic),87.65,5160.95,No
CUST-06765,Male,1,Yes,No,5,Yes,Yes,Fiber optic,No,No,Yes,No,Yes,Yes,Month-to-month,Yes,Electronic check,37.84,89.59,No
CUST-06766,Female,1,Yes,Yes,47,Yes,Yes,No,No internet service,No internet service,No internet service,No internet service,No internet service,No internet service,One year,No,Bank transfer (automatic),41.69,1922.03,No
CUST-06767,Female,0,Yes,No,67,Yes,No,DSL,No,No,Yes,Yes,No,No,Two year,Yes,Credit card (automatic),68.38,4588.98,No
CUST-06768,Female,0,Yes,Yes,63,Yes,No,No,No internet service,No internet service,No internet service,No internet service,No internet service,No internet service,Two year,Yes,Bank transfer (automatic),48.72,3073.44,No
CUST-06769,Female,0,No,Yes,60,Yes,Yes,Fiber optic,No,Yes,No,Yes,No,No,Month-to-month,Yes,Bank transfer (automatic),60.92,3619.98,No
CUST-06770,Male,0,Yes,No,47,Yes,No,DSL,No,Yes,No,No,Yes,No,Month-to-month,Yes,Mailed check,47.93,2331.88,No
CUST-06771,Female,1,No,Yes,55,Yes,No,Fiber optic,No,No,No,No,No,No,One year,Yes,Mailed check,30.1,1609.33,No
CUST-06772,Female,0,No,No,7,Yes,No,Fiber optic,No,Yes,No,No,No,No,Month-to-month,No,Electronic check,71.89,402.91,Yes
CUST-06773,Female,0,No,No,1,Yes,No,DSL,No,No,No,No,Yes,No,Month-to-month,Yes,Mailed check,27.78,65.77,Yes
CUST-06774,Female,0,No,Yes,1,Yes,No,DSL,No,Yes,No,No,Yes,No,Month-to-month,No,Mailed check,56.46,92.17,No
CUST-06775,Female,0,Yes,No,35,Yes,No,Fiber optic,No,No,No,No,No,No,Two year,Yes,Electronic check,93.1,3245.19,No
CUST-06776,Female,0,No,No,2,Yes,Yes,Fiber optic,No,Yes,No,No,No,Yes,Month-to-month,No,Bank transfer (automatic),69.86,127.81,Yes
CUST-06777,Female,0,Yes,No,46,Yes,No,Fiber optic,No,No,Yes,No,Yes,No,Two year,Yes,Mailed check,63.98,2933.03,No
CUST-06778,Male,1,Yes,Yes,0,Yes,Yes,Fiber optic,No,No,No,Yes,No,Yes,One year,Yes,Mailed check,75.5,18.0,No
CUST-06779,Male,0,No,No,24,Yes,No,Fiber optic,No,No,Yes,No,Yes,No,One year,Yes,Electronic check,97.34,2376.73,No
CUST-06780,Male,0,Yes,No,66,Yes,No,No,No internet service,No internet service,No internet service,No internet service,No internet service,No internet service,Two year,No,Credit card (automatic),40.92,2708.48,No
CUST-06781,Female,0,Yes,Yes,45,Yes,No,No,No internet service,No internet service,No internet service,No internet service,No internet service,No internet service,One year,Yes,Electronic check,51.52,2280.14,No
CUST-06782,Male,0,No,Yes,2,No,No phone service,DSL,No,Yes,No,Yes,No,No,Month-to-month,Yes,Bank transfer (automatic),68.03,182.03,Yes
CUST-06783,Male,1,Yes,Yes,5,Yes,No,DSL,No,Yes,No,No,Yes,No,Month-to-month,Yes,Bank transfer (automatic),58.54,356.31,Yes
CUST-06784,Female,0,Yes,Yes,25,Yes,Yes,Fiber optic,No,No,No,No,No,No,Month-to-month,No,Mailed check,60.56,1518.9,Yes
CUST-06785,Male,0,Yes,Yes,8,Yes,No,DSL,Yes,No,No,No,No,Yes,One year,No,Electronic check,91.02,727.18,No
CUST-06786,Female,0,Yes,No,33,Yes,No,No,No internet service,No internet service,No internet service,No internet service,No internet service,No internet service,One year,Yes,Mailed check,68.15,2300.01,No
CUST-06787,Female,0,No,No,23,Yes,Yes,DSL,No,No,No,Yes,No,Yes,One year,Yes,Electronic check,56.9,1396.81,No
CUST-06788,Male,0,No,No,13,Yes,Yes,DSL,Yes,No,Yes,No,No,No,One year,Yes,Credit card (automatic),51.77,652.06,No
CUST-06789,Male,0,Yes,Yes,17,Yes,Yes,No,No internet service,No internet service,No internet service,No internet service,No internet service,No internet service,One year,Yes,Mailed check,52.16,889.09,No
CUST-06790,Female,0,No,Yes,68,Yes,No,DSL,No,No,No,No,Yes,No,One year,Yes,Mailed check,86.33,5876.91,No
CUST-06791,Female,0,No,No,37,No,No phone service,DSL,No,No,Yes,Yes,No,Yes,Month-to-month,No,Bank transfer (automatic),61.98,2284.62,No
CUST-06792,Female,1,No,No,59,Yes,No,No,No internet service,No internet service,No internet service,No internet service,No internet service,No internet service,Month-to-month,No,Credit card (automatic),61.17,3616.19,Yes
CUST-06793,Female,0,No,No,27,Yes,No,DSL,No,No,No,No,No,No,Month-to-month,Yes,Mailed check,37.01,1156.27,No
CUST-06794,Male,1,No,Yes,47,Yes,Yes,Fiber optic,No,Yes,Yes,Yes,No,Yes,One year,Yes,Credit card (automatic),77.76,3637.73,No
CUST-06795,Female,0,No,Yes,42,Yes,Yes,Fiber optic,No,Yes,No,Yes,No,No,Month-to-month,No,Electronic check,87.05,3712.06,No
CUST-06796,Male,0,No,No,25,Yes,No,DSL,No,No,No,No,Yes,No,Two year,No,Mailed check,66.78,1629.42,Yes
CUST-06797,Male,1,Yes,No,42,Yes,No,DSL,No,No,No,Yes,Yes,No,Month-to-month,No,Electronic check,71.58,2986.3,No
CUST-06798,Female,0,Yes,Yes,17,No,No phone service,DSL,No,No,Yes,No,Yes,Yes,Month-to-month,No,Credit card (automatic),51.74,724.95,Yes
CUST-06799,Male,0,Yes,No,57,Yes,Yes,Fiber optic,No,No,No,Yes,Yes,No,Two year,No,Mailed check,57.77,3291.75,No
CUST-06800,Female,0,No,Yes,2,Yes,No,No,No internet service,No internet service,No internet service,No internet service,No internet service,No internet service,Two year,Yes,Mailed check,60.78,55.0,No
CUST-06801,Female,0,Yes,No,54,Yes,No,Fiber optic,No,No,No,No,No,No,Two year,Yes,Credit card (automatic),58.09,3148.85,No
CUST-06802,Male,0,No,No,40,Yes,No,Fiber optic,No,No,No,No,No,No,Two year,No,Credit card (automatic),91.52,3643.26,No
CUST-06803,Female,0,Yes,No,31,Yes,No,Fiber optic,No,No,No,Yes,No,No,Month-to-month,No,Electronic check,92.83,2797.16,No
CUST-06804,Female,0,No,No,48,Yes,Yes,Fiber optic,No,No,Yes,Yes,Yes,No,Month-to-month,Yes,Electronic check,86.88,4164.44,Yes
CUST-06805,Male,0,Yes,No,52,Yes,No,Fiber optic,No,No,Yes,No,Yes,No,Month-to-month,Yes,Bank transfer (automatic),60.75,3143.54,No
CUST-06806,Female,0,Yes,No,72,Yes,Yes,No,No internet service,No internet service,No internet service,No internet service,No internet service,No internet service,Month-to-month,Yes,Credit card (automatic),30.95,2331.66,No
CUST-06807,Male,0,Yes,No,8,Yes,No,Fiber optic,No,No,Yes,No,No,No,Two year,Yes,Electronic check,82.71,673.22,Yes
CUST-06808,Female,1,No,No,18,Yes,No,Fiber optic,No,Yes,Yes,No,No,No,Two year,No,Mailed check,67.48,1149.4,No
CUST-06809,Male,0,No,No,36,Yes,Yes,DSL,Yes,No,Yes,No,Yes,No,Month-to-month,Yes,Electronic check,41.24,1502.21,No
CUST-06810,Female,1,Yes,Yes,24,Yes,No,Fiber optic,No,No,No,No,No,No,One year,Yes,Credit card (automatic),80.26,1948.75,Yes
CUST-06811,Female,0,No,No,39,Yes,Yes,Fiber optic,Yes,No,No,Yes,No,No,One year,Yes,Credit card (automatic),103.53,4016.41,No
CUST-06812,Female,0,No,No,10,Yes,Yes,Fiber optic,Yes,No,Yes,Yes,Yes,No,Month-to-month,Yes,Bank transfer (automatic),101.35,1001.34,No
CUST-06813,Male,0,No,No,32,No,No phone service,No,No internet service,No internet service,No internet service,No internet service,No internet service,No internet service,One year,Yes,Electronic check,44.01,1443.02,No
CUST-06814,Female,1,No,No,42,Yes,No,DSL,No,No,No,No,No,No,Two year,No,Bank transfer (automatic),39.24,1596.39,No
CUST-06815,Male,0,No,No,28,No,No phone service,Fiber optic,Yes,Yes,No,Yes,Yes,No,Month-to-month,Yes,Mailed check,62.15,1830.67,No
CUST-06816,Male,1,No,No,24,Yes,Yes,No,No internet service,No internet service,No internet service,No internet service,No internet service,No internet service,Month-to-month,No,Mailed check,31.23,803.92,No
CUST-06817,Female,0,No,Yes,60,No,No phone service,DSL,No,No,No,Yes,Yes,Yes,Month-to-month,Yes,Electronic check,40.23,2435.83,Yes
CUST-06818,Female,0,No,No,28,Yes,Yes,Fiber optic,No,Yes,Yes,No,Yes,Yes,One year,No,Credit card (automatic),72.53,1970.17,No
CUST-06819,Female,0,No,Yes,5,Yes,No,DSL,No,No,Yes,Yes,No,Yes,One year,No,Mailed check,40.81,267.0,No
CUST-06820,Male,1,Yes,No,2,Yes,Yes,Fiber optic,No,No,No,No,No,Yes,Month-to-month,Yes,Mailed check,49.32,39.61,No
CUST-06821,Female,0,Yes,No,34,Yes,No,No,No internet service,No internet service,No internet service,No internet service,No internet service,No internet service,Month-to-month,Yes,Electronic check,30.82,1058.44,Yes
CUST-06822,Female,1,No,No,45,No,No phone service,Fiber optic,No,Yes,Yes,No,Yes,No,Two year,Yes,Bank transfer (automatic),95.31,4278.36,No
CUST-06823,Female,0,No,No,0,Yes,No,Fiber optic,No,No,No,No,No,No,Month-to-month,Yes,Credit card (automatic),77.59,33.63,No
CUST-06824,Male,0,No,Yes,41,Yes,Yes,Fiber optic,No,No,Yes,No,No,No,Two year,Yes,Credit card (automatic),53.3,2171.08,No
CUST-06825,Female,0,No,No,2,Yes,No,DSL,No,Yes,Yes,Yes,Yes,No,Month-to-month,No,Credit card (automatic),65.99,75.77,No
CUST-06826,Female,0,No,Yes,57,Yes,No,DSL,No,No,No,No,No,Yes,One year,No,Electronic check,57.68,3256.5,No
CUST-06827,Female,0,Yes,Yes,45,Yes,No,Fiber optic,No,No,No,Yes,Yes,No,One year,Yes,Electronic check,60.93,2723.69,No
CUST-06828,Male,0,No,No,41,Yes,No,No,No internet service,No internet service,No internet service,No internet service,No internet service,No internet service,Two year,Yes,Credit card (automatic),40.54,1716.98,No
CUST-06829,Male,0,Yes,No,25,Yes,No,Fiber optic,Yes,Yes,No,No,No,Yes,Month-to-month,No,Electronic check,89.23,2232.42,Yes
CUST-06830,Male,0,No,Yes,55,Yes,No,Fiber optic,Yes,No,No,No,Yes,Yes,Month-to-month,Yes,Electronic check,53.66,2895.0,Yes
CUST-06831,Female,0,No,No,3,Yes,Yes,DSL,No,No,No,No,Yes,Yes,Month-to-month,Yes,Mailed check,57.44,211.41,No
CUST-06832,Male,0,Yes,Yes,3,Yes,No,DSL,No,No,Yes,No,No,No,One year,No,Credit card (automatic),47.09,169.73,No
CUST-06833,Male,0,No,No,42,No,No phone service,DSL,Yes,No,Yes,No,Yes,No,Month-to-month,Yes,Credit card (automatic),37.6,1540.3,No
CUST-06834,Female,0,No,Yes,45,Yes,No,No,No internet service,No internet service,No internet service,No internet service,No internet service,No internet service,Month-to-month,No,Electronic check,60.55,2680.97,No
CUST-06835,Male,0,Yes,Yes,0,Yes,No,Fiber optic,No,Yes,No,No,No,Yes,Month-to-month,No,Mailed check,88.81,18.0,No
CUST-06836,Female,0,No,No,60,Yes,No,No,No internet service,No internet service,No internet service,No internet service,No internet service,No internet service,Two year,Yes,Electronic check,46.41,2756.02,No
CUST-06837,Female,0,No,No,8,Yes,Yes,DSL,No,No,Yes,No,Yes,Yes,Month-to-month,No,Bank transfer (automatic),70.41,604.62,Yes
CUST-06838,Male,0,No,No,49,Yes,No,Fiber optic,No,Yes,No,No,Yes,Yes,Two year,Yes,Mailed check,63.31,3105.46,No
CUST-06839,Male,0,Yes,No,45,Yes,Yes,DSL,No,No,No,No,Yes,No,Month-to-month,Yes,Mailed check,64.89,2869.51,No
CUST-06840,Female,0,Yes,No,2,Yes,No,No,No internet service,No internet service,No internet service,No internet service,No internet service,No internet service,Month-to-month,No,Credit card (automatic),44.62,93.26,Yes
CUST-06841,Male,0,No,No,59,Yes,Yes,DSL,Yes,No,No,Yes,No,No,Month-to-month,No,Credit card (automatic),52.02,3072.48,No
CUST-06842,Female,0,Yes,No,17,Yes,No,DSL,No,Yes,No,Yes,No,No,One year,Yes,Mailed check,59.36,960.77,Yes
CUST-06843,Male,0,Yes,No,1,Yes,Yes,DSL,Yes,No,Yes,Yes,Yes,No,One year,Yes,Mailed check,55.1,32.48,No
CUST-06844,Male,0,No,No,1,Yes,Yes,DSL,No,No,Yes,No,No,No,One year,No,Electronic check,66.74,82.83,No
CUST-06845,Male,0,No,Yes,49,Yes,No,DSL,No,No,Yes,No,No,No,Month-to-month,No,Bank transfer (automatic),18.0,945.94,No
CUST-06846,Female,0,No,Yes,72,Yes,Yes,No,No internet service,No internet service,No internet service,No internet service,No internet service,No internet service,Month-to-month,No,Credit card (automatic),38.82,2830.49,No
CUST-06847,Male,0,No,No,11,No,No phone service,No,No internet service,No internet service,No internet service,No internet service,No internet service,No internet service,Month-to-month,Yes,Electronic check,63.28,658.04,No
CUST-06848,Male,1,Yes,No,65,Yes,No,Fiber optic,No,No,No,No,No,Yes,Month-to-month,Yes,Mailed check,75.28,4964.85,No
CUST-06849,Male,0,Yes,No,46,Yes,No,No,No internet service,No internet service,No internet service,No internet service,No internet service,No internet service,Month-to-month,Yes,Credit card (automatic),25.91,1168.84,No
CUST-06850,Male,0,No,No,48,Yes,No,Fiber optic,No,No,No,No,No,Yes,One year,No,Electronic check,94.39,4559.3,No
CUST-06851,Male,0,Yes,No,1,Yes,No,No,No internet service,No internet service,No internet service,No internet service,No internet service,No internet service,Month-to-month,Yes,Bank transfer (automatic),53.83,114.33,Yes
CUST-06852,Female,0,Yes,No,44,Yes,No,DSL,No,No,No,No,No,No,Two year,No,Electronic check,43.8,1951.62,No
CUST-06853,Female,0,No,No,31,No,No phone service,Fiber optic,No,No,No,Yes,Yes,No,Month-to-month,Yes,Electronic check,47.07,1432.18,Yes
CUST-06854,Male,0,Yes,Yes,61,No,No phone service,DSL,Yes,No,Yes,Yes,No,No,Two year,Yes,Credit card (automatic),57.33,3512.36,No
CUST-06855,Female,0,No,No,48,Yes,Yes,No,No internet service,No internet service,No internet service,No internet service,No internet service,No internet service,One year,Yes,Bank transfer (automatic),39.5,1912.11,No
CUST-06856,Female,0,No,Yes,54,Yes,No,DSL,No,No,Yes,No,No,No,One year,Yes,Credit card (automatic),18.0,917.83,No
CUST-06857,Female,0,No,Yes,4,Yes,Yes,DSL,No,No,No,No,Yes,Yes,One year,Yes,Electronic check,39.63,141.61,No
CUST-06858,Female,0,Yes,No,45,Yes,Yes,DSL,No,No,Yes,No,No,No,Month-to-month,Yes,Mailed check,45.55,2085.56,No
CUST-06859,Male,0,Yes,Yes,59,Yes,Yes,Fiber optic,No,No,No,Yes,Yes,No,Month-to-month,No,Mailed check,88.62,5205.95,No
CUST-06860,Female,0,No,No,72,Yes,Yes,Fiber optic,No,Yes,No,No,No,Yes,Two year,Yes,Electronic check,78.48,5613.56,No
CUST-06861,Female,0,No,No,1,Yes,Yes,Fiber optic,No,No,No,No,Yes,Yes,Month-to-month,Yes,Credit card (automatic),45.92,18.0,No
CUST-06862,Female,0,No,No,72,Yes,No,No,No internet service,No internet service,No internet service,No internet service,No internet service,No internet service,Two year,Yes,Electronic check,34.21,2381.13,No
CUST-06863,Male,0,Yes,Yes,4,Yes,No,Fiber optic,No,Yes,No,Yes,No,No,Month-to-month,No,Credit card (automatic),90.63,470.4,No
CUST-06864,Female,0,No,No,72,Yes,No,Fiber optic,Yes,No,No,No,No,No,One year,No,Electronic check,53.38,3797.32,No
CUST-06865,Female,0,Yes,No,71,Yes,No,Fiber optic,No,Yes,No,No,No,No,Two year,No,Bank transfer (automatic),82.79,5843.57,No
CUST-06866,Female,0,Yes,No,1,Yes,No,No,No internet service,No internet service,No internet service,No internet service,No internet service,No internet service,One year,No,Electronic check,32.07,88.25,No
CUST-06867,Male,0,Yes,No,43,Yes,No,Fiber optic,Yes,Yes,Yes,No,No,No,Two year,No,Electronic check,68.37,2890.91,No
CUST-06868,Male,0,Yes,No,25,Yes,Yes,DSL,No,No,Yes,Yes,No,No,Month-to-month,Yes,Mailed check,29.42,711.9,No
CUST-06869,Female,0,Yes,No,1,Yes,No,Fiber optic,No,No,No,No,No,No,Two year,Yes,Electronic check,73.43,120.07,No
CUST-06870,Male,1,Yes,No,55,Yes,No,Fiber optic,No,No,No,Yes,No,Yes,Month-to-month,Yes,Electronic check,73.45,4044.46,Yes
CUST-06871,Male,0,No,No,3,Yes,No,No,No internet service,No internet service,No internet service,No internet service,No internet service,No internet service,Month-to-month,No,Bank transfer (automatic),39.23,49.69,No
CUST-06872,Female,0,No,No,68,Yes,Yes,Fiber optic,No,No,No,Yes,Yes,Yes,Two year,Yes,Electronic check,93.79,6348.64,No
CUST-06873,Female,0,Yes,No,45,Yes,No,Fiber optic,Yes,Yes,No,Yes,Yes,Yes,Two year,No,Credit card (automatic),81.05,3694.72,No
CUST-06874,Male,0,Yes,No,1,Yes,Yes,Fiber optic,No,No,Yes,No,Yes,No,One year,No,Electronic check,59.34,43.16,No
CUST-06875,Male,0,No,Yes,8,Yes,Yes,Fiber optic,No,Yes,Yes,Yes,No,Yes,Month-to-month,No,Bank transfer (automatic),54.13,432.09,Yes
CUST-06876,Male,0,Yes,No,72,Yes,No,DSL,Yes,No,No,No,No,No,Two year,Yes,Credit card (automatic),61.89,4454.29,No
CUST-06877,Male,1,Yes,No,72,Yes,No,No,No internet service,No internet service,No internet service,No internet service,No internet service,No internet service,Two year,Yes,Mailed check,28.41,2105.87,No
CUST-06878,Male,0,No,No,15,Yes,No,DSL,Yes,No,No,No,No,No,Month-to-month,Yes,Credit card (automatic),44.51,624.85,No
CUST-06879,Female,1,No,No,8,Yes,No,DSL,No,No,No,No,No,No,Month-to-month,Yes,Mailed check,66.62,453.92,No
CUST-06880,Female,0,No,No,72,Yes,No,Fiber optic,No,Yes,No,No,Yes,Yes,One year,Yes,Electronic check,58.6,4262.02,No
CUST-06881,Male,0,Yes,No,9,Yes,No,DSL,No,No,No,No,No,Yes,Two year,No,Bank transfer (automatic),42.85,315.98,No
CUST-06882,Male,0,Yes,Yes,16,Yes,No,DSL,No,Yes,No,No,No,Yes,Month-to-month,Yes,Mailed check,39.58,564.2,No
CUST-06883,Female,0,Yes,No,1,Yes,No,No,No internet service,No internet service,No internet service,No internet service,No internet service,No internet service,Month-to-month,Yes,Bank transfer (automatic),31.79,78.91,No
CUST-06884,Male,0,No,Yes,49,Yes,Yes,Fiber optic,Yes,No,No,No,Yes,No,Two year,Yes,Electronic check,85.79,4181.69,No
CUST-06885,Male,0,Yes,No,1,No,No phone service,No,No internet service,No internet service,No internet service,No internet service,No internet service,No internet service,Two year,No,Electronic check,47.71,52.28,No
CUST-06886,Male,0,Yes,No,22,Yes,No,DSL,No,No,No,No,No,No,Month-to-month,No,Mailed check,48.68,964.86,No
CUST-06887,Female,0,Yes,No,70,Yes,Yes,DSL,Yes,No,Yes,No,No,No,One year,No,Bank transfer (automatic),52.82,3727.85,No
CUST-06888,Male,0,No,No,7,Yes,No,DSL,No,Yes,No,No,Yes,No,Month-to-month,No,Credit card (automatic),65.2,404.95,No
CUST-06889,Male,0,Yes,Yes,7,Yes,No,DSL,No,Yes,No,No,No,No,Two year,Yes,Bank transfer (automatic),48.87,394.2,No
CUST-06890,Female,0,Yes,Yes,2,Yes,No,Fiber optic,No,No,No,No,No,Yes,Two year,Yes,Mailed check,71.04,139.29,No
CUST-06891,Male,0,No,No,72,No,No phone service,No,No internet service,No internet service,No internet service,No internet service,No internet service,No internet service,Month-to-month,Yes,Mailed check,30.9,2263.18,No
CUST-06892,Male,0,No,Yes,38,Yes,No,Fiber optic,Yes,Yes,No,Yes,Yes,No,One year,No,Mailed check,87.35,3340.07,No
CUST-06893,Male,0,No,No,16,Yes,No,Fiber optic,No,No,No,Yes,Yes,Yes,Month-to-month,Yes,Electronic check,66.52,1056.37,No
CUST-06894,Female,1,No,No,49,Yes,No,Fiber optic,No,Yes,No,Yes,No,No,Month-to-month,No,Mailed check,48.61,2350.3,No
CUST-06895,Female,0,Yes,No,2,Yes,Yes,DSL,No,No,No,No,No,No,Two year,No,Mailed check,49.6,60.5,No
CUST-06896,Female,0,No,No,30,Yes,No,DSL,No,Yes,No,Yes,Yes,Yes,Two year,Yes,Bank transfer (automatic),47.45,1479.91,No
CUST-06897,Male,0,Yes,No,3,Yes,No,Fiber optic,No,No,No,No,No,No,Month-to-month,No,Credit card (automatic),72.5,129.64,No
CUST-06898,Male,0,No,No,37,Yes,Yes,DSL,No,No,Yes,Yes,Yes,No,Two year,Yes,Credit card (automatic),82.59,2988.21,No
CUST-06899,Female,0,Yes,No,27,Yes,Yes,Fiber optic,No,No,Yes,No,Yes,No,Month-to-month,Yes,Credit card (automatic),65.73,1759.25,Yes
CUST-06900,Female,0,No,Yes,32,Yes,Yes,Fiber optic,No,No,Yes,Yes,No,No,Month-to-month,No,Mailed check,68.07,2068.67,No
CUST-06901,Male,0,No,No,0,Yes,No,DSL,No,Yes,No,Yes,No,No,Month-to-month,No,Credit card (automatic),43.92,18.0,Yes
CUST-06902,Female,0,Yes,No,49,Yes,No,DSL,No,Yes,No,No,No,No,Month-to-month,No,Credit card (automatic),60.04,2941.43,No
CUST-06903,Female,0,Yes,No,0,Yes,No,Fiber optic,No,No,No,No,Yes,Yes,One year,No,Electronic check,63.19,44.0,No
CUST-06904,Female,0,No,No,55,Yes,No,Fiber optic,No,Yes,No,No,No,No,Month-to-month,No,Electronic check,62.85,3526.59,Yes
CUST-06905,Female,0,Yes,No,2,Yes,Yes,Fiber optic,No,Yes,No,No,No,No,Month-to-month,No,Bank transfer (automatic),54.7,29.7,Yes
CUST-06906,Male,0,No,No,2,No,No phone service,DSL,No,No,No,Yes,Yes,No,Month-to-month,No,Credit card (automatic),59.93,126.78,Yes
CUST-06907,Male,0,Yes,No,7,No,No phone service,No,No internet service,No internet service,No internet service,No internet service,No internet service,No internet service,Month-to-month,Yes,Bank transfer (automatic),41.98,337.98,Yes
CUST-06908,Male,0,No,No,21,Yes,No,Fiber optic,Yes,Yes,Yes,No,No,No,One year,No,Mailed check,62.53,1331.19,No
CUST-06909,Male,0,No,No,6,Yes,No,No,No internet service,No internet service,No internet service,No internet service,No internet service,No internet service,Month-to-month,Yes,Bank transfer (automatic),57.33,369.4,No
CUST-06910,Female,0,Yes,No,6,Yes,No,Fiber optic,Yes,Yes,No,No,Yes,No,Month-to-month,Yes,Electronic check,49.05,270.94,Yes
CUST-06911,Female,0,No,No,13,Yes,Yes,Fiber optic,No,No,Yes,No,Yes,Yes,One year,No,Bank transfer (automatic),72.76,924.96,Yes
CUST-06912,Female,0,No,No,38,No,No phone service,Fiber optic,No,Yes,Yes,No,No,No,Month-to-month,No,Credit card (automatic),93.18,3502.74,No
CUST-06913,Male,0,No,Yes,7,Yes,No,DSL,Yes,Yes,Yes,No,No,Yes,Month-to-month,Yes,Credit card (automatic),74.97,545.24,No
CUST-06914,Female,1,No,No,4,Yes,Yes,Fiber optic,No,No,No,No,Yes,No,Month-to-month,No,Credit card (automatic),78.71,376.72,No
CUST-06915,Male,0,No,No,12,Yes,Yes,Fiber optic,No,No,Yes,No,Yes,No,Month-to-month,No,Bank transfer (automatic),73.97,913.36,No
CUST-06916,Female,1,Yes,No,27,Yes,No,Fiber optic,Yes,No,No,Yes,Yes,No,Two year,Yes,Mailed check,96.02,2541.97,No
CUST-06917,Male,1,Yes,No,46,Yes,Yes,No,No internet service,No internet service,No internet service,No internet service,No internet service,No internet service,Month-to-month,Yes,Mailed check,33.14,1478.14,No
CUST-06918,Male,0,Yes,No,33,Yes,Yes,Fiber optic,Yes,No,No,No,No,No,Two year,Yes,Electronic check,59.61,1906.64,No
CUST-06919,Male,0,No,Yes,61,Yes,No,DSL,No,No,No,Yes,No,No,One year,Yes,Mailed check,46.61,2784.15,No
CUST-06920,Female,0,No,No,0,No,No phone service,DSL,No,No,No,Yes,No,No,Two year,Yes,Credit card (automatic),49.78,18.0,No
CUST-06921,Male,1,Yes,No,17,Yes,Yes,DSL,Yes,No,No,No,Yes,No,Two year,Yes,Bank transfer (automatic),41.29,644.19,No
CUST-06922,Male,0,No,No,60,Yes,No,No,No internet service,No internet service,No internet service,No internet service,No internet service,No internet service,Two year,No,Mailed check,38.12,2251.59,No
CUST-06923,Male,0,Yes,No,42,Yes,Yes,DSL,No,Yes,No,No,Yes,No,Month-to-month,Yes,Mailed check,57.78,2471.09,No
CUST-06924,Female,0,No,No,4,Yes,Yes,No,No internet service,No internet service,No internet service,No internet service,No internet service,No internet service,Month-to-month,No,Electronic check,38.89,136.8,Yes
CUST-06925,Male,1,No,No,69,Yes,No,Fiber optic,No,Yes,No,Yes,Yes,No,One year,Yes,Bank transfer (automatic),74.42,5121.61,Yes
CUST-06926,Male,0,No,No,7,No,No phone service,No,No internet service,No internet service,No internet service,No internet service,No internet service,No internet service,Month-to-month,No,Mailed check,33.34,227.15,No
CUST-06927,Male,0,No,No,0,Yes,Yes,Fiber optic,No,No,Yes,No,No,Yes,One year,Yes,Bank transfer (automatic),83.29,20.22,Yes
CUST-06928,Male,0,No,Yes,35,Yes,No,No,No internet service,No internet service,No internet service,No internet service,No internet service,No internet service,Month-to-month,Yes,Electronic check,21.69,740.08,No
CUST-06929,Female,0,Yes,No,68,Yes,No,Fiber optic,Yes,Yes,No,Yes,Yes,Yes,Month-to-month,Yes,Mailed check,65.21,4330.48,No
CUST-06930,Female,1,No,No,66,Yes,No,DSL,Yes,No,Yes,Yes,No,Yes,One year,Yes,Credit card (automatic),71.18,4693.27,No
CUST-06931,Male,0,Yes,No,61,Yes,No,Fiber optic,No,No,Yes,No,No,No,Two year,No,Mailed check,63.44,3838.32,No
CUST-06932,Female,0,No,No,61,Yes,No,DSL,No,No,Yes,Yes,No,Yes,Month-to-month,Yes,Credit card (automatic),38.46,2433.16,No
CUST-06933,Male,0,No,Yes,2,Yes,Yes,DSL,No,No,No,No,Yes,Yes,One year,Yes,Mailed check,71.94,78.65,No
CUST-06934,Female,0,Yes,No,44,Yes,Yes,DSL,No,Yes,No,Yes,No,No,One year,Yes,Bank transfer (automatic),42.57,1901.99,No
CUST-06935,Male,0,Yes,No,72,Yes,Yes,DSL,No,Yes,No,No,Yes,No,Month-to-month,Yes,Electronic check,52.76,3785.19,Yes
CUST-06936,Male,0,Yes,No,3,Yes,No,Fiber optic,No,No,No,No,Yes,No,Month-to-month,Yes,Mailed check,71.31,332.12,Yes
CUST-06937,Male,0,No,No,44,Yes,No,Fiber optic,Yes,No,Yes,No,No,No,Month-to-month,Yes,Electronic check,67.41,2993.31,No
CUST-06938,Male,0,Yes,No,9,Yes,Yes,No,No internet service,No internet service,No internet service,No internet service,No internet service,No internet service,Month-to-month,No,Electronic check,61.74,637.84,No
CUST-06939,Female,1,No,Yes,48,Yes,Yes,Fiber optic,No,Yes,Yes,Yes,Yes,No,Two year,Yes,Credit card (automatic),52.29,2376.26,No
CUST-06940,Female,0,Yes,Yes,22,Yes,No,Fiber optic,Yes,Yes,Yes,Yes,No,Yes,Month-to-month,Yes,Credit card (automatic),59.2,1294.59,Yes
CUST-06941,Female,0,No,No,45,Yes,Yes,Fiber optic,Yes,No,Yes,No,No,No,Month-to-month,Yes,Credit card (automatic),68.29,3037.01,No
CUST-06942,Male,0,No,No,68,No,No phone service,Fiber optic,No,No,No,Yes,Yes,No,Month-to-month,Yes,Electronic check,73.0,5001.63,Yes
CUST-06943,Female,0,Yes,Yes,24,No,No phone service,Fiber optic,No,No,No,Yes,Yes,No,One year,Yes,Electronic check,51.73,1259.28,No
CUST-06944,Male,1,No,Yes,27,Yes,No,No,No internet service,No internet service,No internet service,No internet service,No internet service,No internet service,Month-to-month,Yes,Mailed check,54.29,1496.26,Yes
CUST-06945,Female,0,Yes,No,5,Yes,No,DSL,No,Yes,No,Yes,No,Yes,One year,Yes,Credit card (automatic),56.79,283.01,No
CUST-06946,Female,0,No,Yes,3,Yes,No,DSL,No,No,No,No,Yes,Yes,One year,Yes,Mailed check,29.39,135.56,No
CUST-06947,Male,0,Yes,No,43,Yes,No,Fiber optic,Yes,Yes,No,No,No,No,Month-to-month,No,Bank transfer (automatic),65.35,2811.24,No
CUST-06948,Male,0,No,No,4,Yes,No,DSL,No,No,Yes,No,Yes,No,Month-to-month,No,Bank transfer (automatic),52.77,180.73,No
CUST-06949,Male,0,Yes,Yes,37,Yes,Yes,DSL,No,No,Yes,Yes,Yes,No,Two year,No,Mailed check,68.93,2554.42,No
CUST-06950,Female,0,No,Yes,25,No,No phone service,DSL,Yes,Yes,Yes,No,Yes,No,Month-to-month,Yes,Bank transfer (automatic),71.7,1853.29,No
CUST-06951,Female,0,Yes,No,3,Yes,No,DSL,No,Yes,No,Yes,No,No,Two year,Yes,Credit card (automatic),64.77,219.59,No
CUST-06952,Male,0,No,Yes,11,Yes,Yes,DSL,No,Yes,No,No,No,No,One year,Yes,Electronic check,50.29,571.35,No
CUST-06953,Female,0,Yes,No,27,Yes,No,DSL,No,No,No,No,No,Yes,Month-to-month,Yes,Electronic check,60.78,1668.59,No
CUST-06954,Female,0,Yes,Yes,13,Yes,Yes,No,No internet service,No internet service,No internet service,No internet service,No internet service,No internet service,Two year,Yes,Bank transfer (automatic),49.21,651.38,No
CUST-06955,Male,0,No,No,72,Yes,Yes,No,No internet service,No internet service,No internet service,No internet service,No internet service,No internet service,Month-to-month,No,Mailed check,27.36,1947.57,Yes
CUST-06956,Female,0,Yes,No,45,Yes,No,DSL,Yes,No,No,No,Yes,Yes,One year,Yes,Mailed check,47.58,2146.53,No
CUST-06957,Male,0,No,No,42,Yes,Yes,DSL,No,Yes,No,Yes,No,No,Month-to-month,No,Mailed check,75.52,3059.37,No
CUST-06958,Female,1,No,Yes,49,Yes,Yes,No,No internet service,No internet service,No internet service,No internet service,No internet service,No internet service,One year,Yes,Bank transfer (automatic),28.2,1259.98,No
CUST-06959,Male,1,Yes,No,1,Yes,No,Fiber optic,No,Yes,No,Yes,Yes,No,One year,Yes,Bank transfer (automatic),85.46,120.62,Yes
CUST-06960,Female,0,No,No,1,Yes,Yes,Fiber optic,No,No,Yes,No,No,No,Month-to-month,Yes,Electronic check,70.09,18.0,Yes
CUST-06961,Male,0,Yes,Yes,58,Yes,Yes,Fiber optic,No,No,No,No,No,No,Two year,Yes,Credit card (automatic),59.7,3403.3,No
CUST-06962,Male,0,No,No,31,Yes,Yes,DSL,Yes,No,No,No,No,No,Month-to-month,Yes,Credit card (automatic),65.94,2053.35,No
CUST-06963,Male,0,No,No,36,Yes,No,DSL,Yes,Yes,No,No,No,No,Month-to-month,No,Mailed check,43.94,1574.16,Yes
CUST-06964,Female,0,Yes,Yes,71,Yes,No,Fiber optic,No,Yes,Yes,No,Yes,No,Two year,Yes,Bank transfer (automatic),84.27,5993.7,No
CUST-06965,Male,0,Yes,No,7,Yes,No,Fiber optic,Yes,No,No,No,No,No,Month-to-month,Yes,Bank transfer (automatic),110.1,717.72,Yes
CUST-06966,Female,0,No,No,60,Yes,Yes,No,No internet service,No internet service,No internet service,No internet service,No internet service,No internet service,Two year,Yes,Electronic check,45.88,2773.4,No
CUST-06967,Female,1,No,Yes,9,Yes,No,DSL,Yes,No,No,No,No,Yes,Two year,No,Credit card (automatic),83.53,725.96,No
CUST-06968,Female,0,Yes,Yes,65,Yes,No,DSL,No,Yes,No,No,No,Yes,Month-to-month,No,Electronic check,52.46,3469.84,No
CUST-06969,Female,0,Yes,No,32,Yes,No,No,No internet service,No internet service,No internet service,No internet service,No internet service,No internet service,One year,Yes,Electronic check,18.0,550.96,No
CUST-06970,Female,0,Yes,No,2,Yes,No,No,No internet service,No internet service,No internet service,No internet service,No internet service,No internet service,One year,Yes,Electronic check,40.51,102.25,No
CUST-06971,Male,1,No,Yes,53,Yes,No,DSL,Yes,Yes,Yes,No,Yes,No,Month-to-month,Yes,Electronic check,56.71,2965.74,No
CUST-06972,Female,0,No,No,1,Yes,Yes,DSL,Yes,Yes,No,No,Yes,No,Two year,No,Mailed check,79.47,174.99,No
CUST-06973,Male,1,Yes,No,59,Yes,No,Fiber optic,No,No,Yes,No,No,Yes,Month-to-month,Yes,Mailed check,72.3,4257.41,Yes
CUST-06974,Female,1,No,Yes,38,Yes,No,DSL,Yes,No,No,Yes,Yes,No,Month-to-month,Yes,Mailed check,28.22,1084.86,No
CUST-06975,Male,0,No,No,61,No,No phone service,No,No internet service,No internet service,No internet service,No internet service,No internet service,No internet service,Two year,Yes,Mailed check,51.49,3182.76,No
CUST-06976,Female,0,No,No,1,Yes,Yes,DSL,No,Yes,Yes,No,No,No,Month-to-month,Yes,Mailed check,59.19,44.01,Yes
CUST-06977,Female,0,Yes,No,14,Yes,Yes,DSL,Yes,No,No,No,Yes,No,Month-to-month,Yes,Bank transfer (automatic),48.76,797.26,No
CUST-06978,Male,0,Yes,No,19,Yes,Yes,Fiber optic,Yes,Yes,No,No,No,No,Month-to-month,Yes,Credit card (automatic),69.27,1362.59,Yes
CUST-06979,Female,0,Yes,Yes,1,Yes,Yes,Fiber optic,Yes,No,No,No,No,Yes,Month-to-month,Yes,Electronic check,85.43,18.0,No
CUST-06980,Male,0,No,Yes,58,Yes,No,No,No internet service,No internet service,No internet service,No internet service,No internet service,No internet service,Two year,No,Mailed check,47.39,2767.88,No
CUST-06981,Male,0,Yes,Yes,6,Yes,No,Fiber optic,No,No,No,No,No,Yes,Month-to-month,Yes,Electronic check,76.6,492.25,No
CUST-06982,Female,0,Yes,No,35,Yes,Yes,DSL,No,No,No,No,Yes,Yes,One year,No,Mailed check,43.29,1549.18,No
CUST-06983,Female,0,No,No,42,Yes,No,Fiber optic,No,No,No,No,No,No,One year,Yes,Electronic check,55.12,2261.85,No
CUST-06984,Male,0,No,Yes,60,Yes,No,DSL,No,No,No,No,Yes,Yes,Two year,Yes,Electronic check,57.33,3426.7,No
CUST-06985,Female,0,Yes,No,3,Yes,No,DSL,No,No,Yes,No,Yes,No,One year,Yes,Electronic check,44.95,182.25,No
CUST-06986,Female,0,Yes,No,8,Yes,No,DSL,No,No,No,No,No,No,Month-to-month,Yes,Mailed check,53.63,400.74,No
CUST-06987,Female,0,Yes,No,72,Yes,No,DSL,No,Yes,Yes,No,No,No,One year,Yes,Credit card (automatic),25.91,1817.86,No
CUST-06988,Female,0,Yes,No,36,Yes,Yes,Fiber optic,No,Yes,Yes,No,No,No,One year,No,Bank transfer (automatic),75.78,2681.75,No
CUST-06989,Male,0,Yes,No,8,No,No phone service,Fiber optic,Yes,No,No,Yes,No,No,Two year,Yes,Credit card (automatic),72.43,544.01,No
CUST-06990,Male,0,Yes,No,40,Yes,No,DSL,Yes,No,No,No,No,No,Two year,Yes,Credit card (automatic),54.33,2075.97,No
CUST-06991,Female,0,Yes,No,0,Yes,No,Fiber optic,No,Yes,No,No,No,No,Two year,No,Electronic check,67.3,18.0,Yes
CUST-06992,Female,0,No,No,37,No,No phone service,DSL,No,No,No,No,No,Yes,One year,No,Electronic check,66.37,2472.8,No
CUST-06993,Male,1,No,No,28,Yes,No,Fiber optic,Yes,No,No,No,Yes,Yes,One year,No,Electronic check,74.7,2145.4,Yes
CUST-06994,Female,0,Yes,Yes,54,Yes,No,Fiber optic,Yes,No,No,No,No,Yes,Month-to-month,No,Credit card (automatic),74.78,4016.83,No
CUST-06995,Female,0,No,No,58,Yes,No,DSL,Yes,No,No,No,No,No,Two year,No,Bank transfer (automatic),70.72,4106.16,No
CUST-06996,Female,0,Yes,No,9,Yes,No,No,No internet service,No internet service,No internet service,No internet service,No internet service,No internet service,Month-to-month,No,Bank transfer (automatic),43.8,389.39,No
CUST-06997,Male,0,No,Yes,58,Yes,Yes,Fiber optic,No,Yes,Yes,Yes,No,Yes,Month-to-month,Yes,Credit card (automatic),49.35,2847.82,No
CUST-06998,Male,1,No,Yes,0,Yes,Yes,No,No internet service,No internet service,No internet service,No internet service,No internet service,No internet service,Two year,Yes,Mailed check,55.55,18.0,No
CUST-06999,Male,1,No,No,0,No,No phone service,No,No internet service,No internet service,No internet service,No internet service,No internet service,No internet service,Two year,Yes,Credit card (automatic),42.05,18.0,No
CUST-07000,Female,0,No,Yes,63,Yes,Yes,DSL,No,No,Yes,Yes,Yes,Yes,Two year,No,Mailed check,49.85,3198.95,No
CUST-07001,Female,0,Yes,No,9,Yes,No,No,No internet service,No internet service,No internet service,No internet service,No internet service,No internet service,Month-to-month,No,Credit card (automatic),67.15,597.45,No
CUST-07002,Male,0,Yes,Yes,37,Yes,No,Fiber optic,Yes,Yes,No,No,Yes,Yes,One year,Yes,Credit card (automatic),69.13,2588.61,No
CUST-07003,Female,1,No,Yes,72,Yes,No,Fiber optic,No,No,No,Yes,Yes,Yes,One year,Yes,Electronic check,78.63,5661.22,No
CUST-07004,Female,0,Yes,No,34,Yes,Yes,No,No internet service,No internet service,No internet service,No internet service,No internet service,No internet service,Month-to-month,Yes,Mailed check,60.64,2124.89,Yes
CUST-07005,Male,1,No,Yes,47,Yes,Yes,Fiber optic,Yes,No,Yes,No,No,Yes,Month-to-month,Yes,Mailed check,62.59,2875.1,No
CUST-07006,Male,0,Yes,Yes,56,Yes,Yes,Fiber optic,No,No,Yes,No,Yes,No,Month-to-month,Yes,Bank transfer (automatic),87.96,4911.26,No
CUST-07007,Female,0,Yes,No,3,Yes,No,Fiber optic,No,Yes,Yes,No,No,Yes,Month-to-month,Yes,Mailed check,72.32,192.95,Yes
CUST-07008,Female,0,No,No,62,Yes,No,No,No internet service,No internet service,No internet service,No internet service,No internet service,No internet service,One year,No,Bank transfer (automatic),64.61,3964.56,No
CUST-07009,Female,0,No,No,1,Yes,No,No,No internet service,No internet service,No internet service,No internet service,No internet service,No internet service,One year,Yes,Mailed check,36.56,18.0,No
CUST-07010,Female,0,No,No,44,Yes,No,DSL,No,Yes,Yes,Yes,Yes,Yes,Month-to-month,Yes,Mailed check,41.88,1842.43,No
CUST-07011,Male,0,No,Yes,30,Yes,No,Fiber optic,No,Yes,No,No,Yes,Yes,Month-to-month,No,Electronic check,76.65,2322.64,Yes
CUST-07012,Female,0,No,No,5,Yes,Yes,DSL,No,No,No,Yes,Yes,No,Month-to-month,No,Mailed check,35.55,248.84,Yes
CUST-07013,Female,0,Yes,No,54,Yes,Yes,No,No internet service,No internet service,No internet service,No internet service,No internet service,No internet service,Month-to-month,No,Bank transfer (automatic),63.76,3421.2,No
CUST-07014,Male,0,No,Yes,5,Yes,No,DSL,Yes,Yes,No,No,No,No,Two year,Yes,Bank transfer (automatic),59.13,235.44,No
CUST-07015,Male,0,Yes,Yes,6,Yes,No,DSL,No,Yes,No,No,Yes,No,Two year,Yes,Mailed check,83.52,445.55,Yes
CUST-07016,Female,0,Yes,No,72,Yes,Yes,Fiber optic,No,No,No,Yes,Yes,Yes,Month-to-month,No,Credit card (automatic),55.66,3967.96,No
CUST-07017,Female,0,No,Yes,41,Yes,Yes,Fiber optic,No,Yes,No,No,No,No,Month-to-month,Yes,Electronic check,85.6,3514.69,Yes
CUST-07018,Female,1,Yes,Yes,3,Yes,No,Fiber optic,No,Yes,Yes,No,No,Yes,Two year,Yes,Electronic check,68.69,154.09,No
CUST-07019,Male,1,Yes,No,64,Yes,No,Fiber optic,No,No,No,No,No,No,One year,No,Mailed check,62.06,3969.55,No
CUST-07020,Male,0,Yes,No,12,Yes,Yes,Fiber optic,No,No,Yes,No,No,No,One year,No,Mailed check,72.76,815.07,No
CUST-07021,Female,0,No,No,51,No,No phone service,DSL,No,Yes,No,No,Yes,No,Month-to-month,Yes,Bank transfer (automatic),56.98,2894.46,No
CUST-07022,Female,0,No,Yes,22,Yes,Yes,DSL,No,No,No,Yes,No,No,Month-to-month,No,Electronic check,72.8,1699.65,No
CUST-07023,Female,0,Yes,No,10,Yes,Yes,Fiber optic,No,Yes,No,Yes,No,Yes,Month-to-month,No,Electronic check,64.91,659.15,No
CUST-07024,Female,1,No,No,40,Yes,Yes,Fiber optic,No,No,Yes,No,No,Yes,Month-to-month,Yes,Bank transfer (automatic),49.81,1940.02,Yes
CUST-07025,Male,0,Yes,No,1,Yes,Yes,Fiber optic,Yes,No,No,No,No,No,Month-to-month,Yes,Credit card (automatic),82.56,219.92,Yes
CUST-07026,Female,0,No,No,69,Yes,No,Fiber optic,Yes,No,No,Yes,No,No,One year,Yes,Bank transfer (automatic),65.92,4599.44,No
CUST-07027,Male,0,No,No,60,Yes,Yes,Fiber optic,Yes,No,No,Yes,No,Yes,Month-to-month,Yes,Bank transfer (automatic),72.78,4398.62,Yes
CUST-07028,Female,0,Yes,Yes,43,No,No phone service,DSL,No,Yes,No,No,Yes,No,Month-to-month,Yes,Mailed check,66.78,2856.8,No
CUST-07029,Male,1,No,No,1,Yes,No,DSL,No,No,No,Yes,No,No,One year,No,Electronic check,52.33,89.83,No
CUST-07030,Female,0,No,No,52,Yes,Yes,Fiber optic,No,No,No,No,Yes,No,One year,Yes,Bank transfer (automatic),57.35,3014.84,No
CUST-07031,Female,1,Yes,No,56,Yes,No,DSL,No,No,Yes,No,No,No,One year,Yes,Bank transfer (automatic),47.2,2592.87,No
CUST-07032,Female,0,Yes,No,3,Yes,Yes,No,No internet service,No internet service,No internet service,No internet service,No internet service,No internet service,Month-to-month,No,Electronic check,61.4,235.87,No
CUST-07033,Female,0,No,No,0,No,No phone service,No,No internet service,No internet service,No internet service,No internet service,No internet service,No internet service,One year,No,Electronic check,56.53,41.04,No
CUST-07034,Female,1,Yes,No,6,Yes,Yes,Fiber optic,No,Yes,No,Yes,No,No,Two year,Yes,Credit card (automatic),98.24,585.14,No
CUST-07035,Female,0,Yes,Yes,72,Yes,No,DSL,Yes,No,Yes,No,No,No,Two year,Yes,Credit card (automatic),35.8,2546.83,No
CUST-07036,Male,0,No,No,6,Yes,No,DSL,No,No,Yes,Yes,Yes,No,Month-to-month,Yes,Credit card (automatic),43.45,326.58,No
CUST-07037,Male,0,Yes,No,55,Yes,Yes,Fiber optic,No,No,No,No,No,No,One year,No,Mailed check,63.6,3475.52,No
CUST-07038,Female,1,Yes,No,9,Yes,Yes,No,No internet service,No internet service,No internet service,No internet service,No internet service,No internet service,Month-to-month,No,Mailed check,50.16,451.02,No
CUST-07039,Female,0,Yes,Yes,15,Yes,No,DSL,No,No,No,No,Yes,No,Month-to-month,Yes,Electronic check,81.84,1170.5,Yes
CUST-07040,Female,0,Yes,No,6,Yes,No,DSL,Yes,No,No,Yes,Yes,No,Month-to-month,Yes,Bank transfer (automatic),54.69,271.33,No
CUST-07041,Female,0,No,No,66,Yes,No,Fiber optic,No,No,Yes,No,Yes,Yes,Month-to-month,Yes,Credit card (automatic),68.63,4618.92,No
CUST-07042,Female,0,No,No,42,Yes,No,Fiber optic,No,No,No,No,No,No,Month-to-month,No,Electronic check,68.02,2927.6,Yes
CUST-07043,Female,0,Yes,No,72,Yes,Yes,Fiber optic,No,No,No,Yes,No,No,Month-to-month,No,Bank transfer (automatic),45.57,3337.75,No
